caseyear,state,st_case,statename,ve_total,ve_forms,pvh_invl,peds,pernotmvit,permvit,persons,county,countyname,city,cityname,day,dayname,month,monthname,year,day_week,day_weekname,hour,hourname,minute,minutename,nhs,nhsname,rur_urb,rur_urbname,func_sys,func_sysname,rd_owner,rd_ownername,route,routename,tway_id,tway_id2,milept,mileptname,latitude,latitudename,longitud,longitudname,sp_jur,sp_jurname,harm_ev,harm_evname,man_coll,man_collname,reljct1,reljct1name,reljct2,reljct2name,typ_int,typ_intname,wrk_zone,wrk_zonename,road_fnc,road_fncname,rel_road,rel_roadname,lgt_cond,lgt_condname,weather1,weather1name,weather2,weather2name,weather,weathername,sch_bus,sch_busname,rail,railname,not_hour,not_hourname,not_min,not_minname,arr_hour,arr_hourname,arr_min,arr_minname,hosp_hr,hosp_hrname,hosp_mn,hosp_mnname,cf1,cf1name,cf2,cf2name,cf3,cf3name,fatals,drunk_dr
2018,41,410071,Oregon,1,1,0,0,0,1,1,47,MARION (47),0,NOT APPLICABLE,7,7,4,April,2018,7,Saturday,22,10:00pm-10:59pm,4,4,0,This section IS NOT on the NHS,1,Rural,5,Major Collector,2,County Highway Agency,4,County Road,CR-HOWELL PRAIRIE RD NE,,45,45,44.92921944,44.92921944,-122.885711100,-122.88571111,0,No Special Jurisdiction,1,Rollover/Overturn,0,Not a Collision with Motor Vehicle In-Transport,0,No,1,Non-Junction,1,Not an Intersection,0,None,,,4,On Roadside,2,Dark - Not Lighted,2,Rain,0,No Additional Atmospheric Conditions,2,Rain,0,No,0000000,Not Applicable,22,10:00pm-10:59pm,4,4,22,10:00pm-10:59pm,14,14,88,Not Applicable (Not Transported),88,Not Applicable (Not Transported),0,None,0,None,0,None,1,1
2018,41,410072,Oregon,1,1,0,0,0,2,2,51,MULTNOMAH (51),1650,PORTLAND,9,9,4,April,2018,2,Monday,1,1:00am-1:59am,15,15,0,This section IS NOT on the NHS,2,Urban,4,Minor Arterial,4,City or Municipal Highway Agency,6,Local Street - Municipality,SE FOSTER RD,,0,None,45.47731389,45.47731389,-122.510794400,-122.51079444,0,No Special Jurisdiction,1,Rollover/Overturn,0,Not a Collision with Motor Vehicle In-Transport,0,No,1,Non-Junction,1,Not an Intersection,0,None,,,4,On Roadside,2,Dark - Not Lighted,98,Not Reported,0,No Additional Atmospheric Conditions,98,Not Reported,0,No,0000000,Not Applicable,1,1:00am-1:59am,18,18,1,1:00am-1:59am,25,25,1,1:00am-1:59am,49,49,0,None,0,None,0,None,1,1
2018,41,410073,Oregon,3,3,0,0,0,5,5,57,TILLAMOOK (57),0,NOT APPLICABLE,27,27,3,March,2018,3,Tuesday,13,1:00pm-1:59pm,30,30,1,This section IS ON the NHS,1,Rural,3,Principal Arterial - Other,1,State Highway Agency,2,U.S. Highway,US-101 ODOT 9,,453,453,45.68842778,45.68842778,-123.923894400,-123.92389444,0,No Special Jurisdiction,12,Motor Vehicle In-Transport,2,Front-to-Front,0,No,1,Non-Junction,1,Not an Intersection,0,None,,,1,On Roadway,1,Daylight,2,Rain,0,No Additional Atmospheric Conditions,2,Rain,0,No,0000000,Not Applicable,13,1:00pm-1:59pm,28,28,13,1:00pm-1:59pm,31,31,99,Unknown,99,Unknown EMS Hospital Arrival Time,0,None,0,None,0,None,2,0
2018,41,410074,Oregon,2,2,0,0,0,6,6,43,LINN (43),0,NOT APPLICABLE,21,21,1,January,2018,1,Sunday,16,4:00pm-4:59pm,35,35,1,This section IS ON the NHS,1,Rural,3,Principal Arterial - Other,1,State Highway Agency,3,State Highway,SR-22 ODOT 162,,760,760,44.48305833,44.48305833,-121.996108300,-121.99610833,0,No Special Jurisdiction,12,Motor Vehicle In-Transport,6,Angle,0,No,1,Non-Junction,1,Not an Intersection,0,None,,,1,On Roadway,1,Daylight,4,Snow,0,No Additional Atmospheric Conditions,4,Snow,0,No,0000000,Not Applicable,16,4:00pm-4:59pm,35,35,17,5:00pm-5:59pm,15,15,99,Unknown,99,Unknown EMS Hospital Arrival Time,0,None,0,None,0,None,2,0
2018,41,410075,Oregon,2,2,0,0,0,3,3,57,TILLAMOOK (57),0,NOT APPLICABLE,13,13,3,March,2018,3,Tuesday,4,4:00am-4:59am,10,10,1,This section IS ON the NHS,1,Rural,3,Principal Arterial - Other,1,State Highway Agency,3,State Highway,SR-18 ODOT 39,,120,120,45.05503611,45.05503611,-123.758191700,-123.75819167,0,No Special Jurisdiction,12,Motor Vehicle In-Transport,2,Front-to-Front,0,No,1,Non-Junction,1,Not an Intersection,0,None,,,1,On Roadway,2,Dark - Not Lighted,2,Rain,0,No Additional Atmospheric Conditions,2,Rain,0,No,0000000,Not Applicable,4,4:00am-4:59am,16,16,4,4:00am-4:59am,33,33,5,5:00am-5:59am,26,26,0,None,0,None,0,None,1,0
2018,41,410076,Oregon,2,2,0,0,0,2,2,7,CLATSOP (7),0,NOT APPLICABLE,8,8,4,April,2018,1,Sunday,8,8:00am-8:59am,54,54,1,This section IS ON the NHS,1,Rural,3,Principal Arterial - Other,1,State Highway Agency,2,U.S. Highway,US-26 ODOT 47,,135,135,45.90886111,45.90886111,-123.691100000,-123.691100000,0,No Special Jurisdiction,12,Motor Vehicle In-Transport,2,Front-to-Front,0,No,1,Non-Junction,1,Not an Intersection,0,None,,,1,On Roadway,1,Daylight,2,Rain,0,No Additional Atmospheric Conditions,2,Rain,0,No,0000000,Not Applicable,8,8:00am-8:59am,54,54,9,9:00am-9:59am,11,11,9,9:00am-9:59am,40,40,0,None,0,None,0,None,1,1
2018,41,410077,Oregon,2,2,0,0,0,2,2,43,LINN (43),0,NOT APPLICABLE,9,9,4,April,2018,2,Monday,8,8:00am-8:59am,14,14,1,This section IS ON the NHS,1,Rural,3,Principal Arterial - Other,1,State Highway Agency,2,U.S. Highway,US-22 ODOT 162,,785,785,44.48756111,44.48756111,-122.001650000,-122.001650000,0,No Special Jurisdiction,12,Motor Vehicle In-Transport,2,Front-to-Front,0,No,1,Non-Junction,1,Not an Intersection,0,None,,,1,On Roadway,1,Daylight,1,Clear,0,No Additional Atmospheric Conditions,1,Clear,0,No,0000000,Not Applicable,8,8:00am-8:59am,15,15,8,8:00am-8:59am,49,49,99,Unknown,99,Unknown EMS Hospital Arrival Time,0,None,0,None,0,None,1,0
2018,41,410078,Oregon,2,2,0,0,0,2,2,39,LANE (39),0,NOT APPLICABLE,11,11,4,April,2018,4,Wednesday,16,4:00pm-4:59pm,10,10,1,This section IS ON the NHS,1,Rural,3,Principal Arterial - Other,1,State Highway Agency,2,U.S. Highway,US-101 ODOT 9,,1920,1920,43.94705000,43.94705000,-124.104225000,-124.104225000,0,No Special Jurisdiction,12,Motor Vehicle In-Transport,6,Angle,0,No,8,Driveway Access Related,1,Not an Intersection,0,None,,,1,On Roadway,1,Daylight,2,Rain,0,No Additional Atmospheric Conditions,2,Rain,0,No,0000000,Not Applicable,16,4:00pm-4:59pm,14,14,16,4:00pm-4:59pm,21,21,16,4:00pm-4:59pm,40,40,0,None,0,None,0,None,1,0
2018,41,410079,Oregon,1,1,0,0,0,1,1,11,COOS (11),0,NOT APPLICABLE,11,11,4,April,2018,4,Wednesday,10,10:00am-10:59am,20,20,0,This section IS NOT on the NHS,1,Rural,4,Minor Arterial,1,State Highway Agency,3,State Highway,SR-241 ODOT 241,,120,120,43.42391111,43.42391111,-124.036366700,-124.03636667,0,No Special Jurisdiction,1,Rollover/Overturn,0,Not a Collision with Motor Vehicle In-Transport,0,No,1,Non-Junction,1,Not an Intersection,0,None,,,4,On Roadside,1,Daylight,10,Cloudy,0,No Additional Atmospheric Conditions,10,Cloudy,0,No,0000000,Not Applicable,10,10:00am-10:59am,25,25,10,10:00am-10:59am,41,41,88,Not Applicable (Not Transported),88,Not Applicable (Not Transported),0,None,0,None,0,None,1,1
2018,41,410080,Oregon,1,1,0,0,0,2,2,61,UNION (61),0,NOT APPLICABLE,21,21,4,April,2018,7,Saturday,22,10:00pm-10:59pm,30,30,0,This section IS NOT on the NHS,1,Rural,4,Minor Arterial,1,State Highway Agency,3,State Highway,SR-237 ODOT 342,,160,160,45.29923611,45.29923611,-117.858680600,-117.85868056,0,No Special Jurisdiction,1,Rollover/Overturn,0,Not a Collision with Motor Vehicle In-Transport,0,No,1,Non-Junction,1,Not an Intersection,0,None,,,4,On Roadside,2,Dark - Not Lighted,1,Clear,0,No Additional Atmospheric Conditions,1,Clear,0,No,0000000,Not Applicable,7,7:00am-7:59am,43,43,7,7:00am-7:59am,53,53,88,Not Applicable (Not Transported),88,Not Applicable (Not Transported),0,None,0,None,0,None,2,1
2018,41,410081,Oregon,2,2,0,0,0,2,2,5,CLACKAMAS (5),926,HAPPY VALLEY,22,22,4,April,2018,1,Sunday,16,4:00pm-4:59pm,58,58,1,This section IS ON the NHS,2,Urban,3,Principal Arterial - Other,1,State Highway Agency,3,State Highway,SR-212 ODOT 171,,68,68,45.40967222,45.40967222,-122.506838900,-122.50683889,0,No Special Jurisdiction,12,Motor Vehicle In-Transport,1,Front-to-Rear,0,No,1,Non-Junction,1,Not an Intersection,0,None,,,1,On Roadway,1,Daylight,1,Clear,0,No Additional Atmospheric Conditions,1,Clear,0,No,0000000,Not Applicable,17,5:00pm-5:59pm,0,0,17,5:00pm-5:59pm,0,0,88,Not Applicable (Not Transported),88,Not Applicable (Not Transported),0,None,0,None,0,None,1,1
2018,41,410082,Oregon,1,1,0,0,0,3,3,5,CLACKAMAS (5),0,NOT APPLICABLE,23,23,3,March,2018,6,Friday,15,3:00pm-3:59pm,7,7,0,This section IS NOT on the NHS,1,Rural,4,Minor Arterial,1,State Highway Agency,3,State Highway,SR-224 ODOT 171,,340,340,45.16581389,45.16581389,-122.154463900,-122.15446389,0,No Special Jurisdiction,1,Rollover/Overturn,0,Not a Collision with Motor Vehicle In-Transport,0,No,1,Non-Junction,1,Not an Intersection,0,None,,,4,On Roadside,1,Daylight,10,Cloudy,0,No Additional Atmospheric Conditions,10,Cloudy,0,No,0000000,Not Applicable,14,2:00pm-2:59pm,59,59,15,3:00pm-3:59pm,19,19,17,5:00pm-5:59pm,40,40,0,None,0,None,0,None,1,0
2018,41,410083,Oregon,2,2,0,0,0,2,2,29,JACKSON (29),1310,MEDFORD,21,21,4,April,2018,7,Saturday,17,5:00pm-5:59pm,14,14,0,This section IS NOT on the NHS,2,Urban,4,Minor Arterial,4,City or Municipal Highway Agency,6,Local Street - Municipality,N PHOENIX RD,,0,None,42.32790000,42.32790000,-122.815766700,-122.81576667,0,No Special Jurisdiction,12,Motor Vehicle In-Transport,6,Angle,0,No,8,Driveway Access Related,1,Not an Intersection,0,None,,,1,On Roadway,1,Daylight,1,Clear,0,No Additional Atmospheric Conditions,1,Clear,0,No,0000000,Not Applicable,17,5:00pm-5:59pm,13,13,17,5:00pm-5:59pm,22,22,88,Not Applicable (Not Transported),88,Not Applicable (Not Transported),0,None,0,None,0,None,1,1
2018,41,410084,Oregon,1,1,0,1,1,1,1,59,UMATILLA (59),0,NOT APPLICABLE,10,10,4,April,2018,3,Tuesday,4,4:00am-4:59am,55,55,1,This section IS ON the NHS,1,Rural,1,Interstate,1,State Highway Agency,1,Interstate,I-84,,1890,1890,45.76130833,45.76130833,-119.193344400,-119.19334444,0,No Special Jurisdiction,8,Pedestrian,0,Not a Collision with Motor Vehicle In-Transport,0,No,1,Non-Junction,1,Not an Intersection,0,None,,,1,On Roadway,2,Dark - Not Lighted,10,Cloudy,0,No Additional Atmospheric Conditions,10,Cloudy,0,No,0000000,Not Applicable,5,5:00am-5:59am,0,0,5,5:00am-5:59am,15,15,88,Not Applicable (Not Transported),88,Not Applicable (Not Transported),23,Indication of a Stalled/Disabled Vehicle,0,None,0,None,1,0
2018,41,410085,Oregon,1,1,0,0,0,1,1,29,JACKSON (29),0,NOT APPLICABLE,15,15,4,April,2018,1,Sunday,14,2:00pm-2:59pm,15,15,0,This section IS NOT on the NHS,2,Urban,4,Minor Arterial,2,County Highway Agency,4,County Road,CR-FOOTHILL RD,,50,50,42.40151389,42.40151389,-122.816527800,-122.81652778,0,No Special Jurisdiction,42,Tree (Standing Only),0,Not a Collision with Motor Vehicle In-Transport,0,No,1,Non-Junction,1,Not an Intersection,0,None,,,4,On Roadside,1,Daylight,10,Cloudy,0,No Additional Atmospheric Conditions,10,Cloudy,0,No,0000000,Not Applicable,14,2:00pm-2:59pm,22,22,14,2:00pm-2:59pm,26,26,88,Not Applicable (Not Transported),88,Not Applicable (Not Transported),0,None,0,None,0,None,1,0
2018,41,410086,Oregon,2,2,0,0,0,3,3,35,KLAMATH (35),0,NOT APPLICABLE,18,18,4,April,2018,4,Wednesday,7,7:00am-7:59am,38,38,1,This section IS ON the NHS,1,Rural,3,Principal Arterial - Other,1,State Highway Agency,2,U.S. Highway,US-97 ODOT 4,CR-ALGOMA RD,2660,2660,42.38581111,42.38581111,-121.814247200,-121.81424722,0,No Special Jurisdiction,12,Motor Vehicle In-Transport,6,Angle,0,No,2,Intersection,3,T-Intersection,0,None,,,1,On Roadway,1,Daylight,1,Clear,0,No Additional Atmospheric Conditions,1,Clear,0,No,0000000,Not Applicable,7,7:00am-7:59am,38,38,7,7:00am-7:59am,52,52,8,8:00am-8:59am,18,18,0,None,0,None,0,None,1,0
2018,41,410087,Oregon,2,2,0,0,0,2,2,9,COLUMBIA (9),1710,RAINIER,18,18,4,April,2018,4,Wednesday,15,3:00pm-3:59pm,34,34,1,This section IS ON the NHS,2,Urban,3,Principal Arterial - Other,1,State Highway Agency,2,U.S. Highway,US-30 ODOT 92,ROCKCREST ST,484,484,46.09494444,46.09494444,-122.963480600,-122.96348056,0,No Special Jurisdiction,12,Motor Vehicle In-Transport,6,Angle,0,No,2,Intersection,2,Four-Way Intersection,0,None,,,1,On Roadway,1,Daylight,10,Cloudy,0,No Additional Atmospheric Conditions,10,Cloudy,0,No,0000000,Not Applicable,15,3:00pm-3:59pm,32,32,15,3:00pm-3:59pm,37,37,15,3:00pm-3:59pm,56,56,0,None,0,None,0,None,1,0
2018,41,410088,Oregon,1,1,0,0,0,1,1,51,MULTNOMAH (51),1650,PORTLAND,19,19,4,April,2018,5,Thursday,23,11:00pm-11:59pm,35,35,0,This section IS NOT on the NHS,2,Urban,5,Major Collector,21,Other State Agency,6,Local Street - Municipality,NE MARINE DR,NE 6TH DR,0,None,45.59942222,45.59942222,-122.659300000,-122.659300000,0,No Special Jurisdiction,7,Other Non-Collision,0,Not a Collision with Motor Vehicle In-Transport,0,No,2,Intersection,3,T-Intersection,0,None,,,1,On Roadway,3,Dark - Lighted,1,Clear,0,No Additional Atmospheric Conditions,1,Clear,0,No,0000000,Not Applicable,23,11:00pm-11:59pm,12,12,23,11:00pm-11:59pm,21,21,23,11:00pm-11:59pm,43,43,0,None,0,None,0,None,1,0
2018,41,410089,Oregon,2,2,0,0,0,2,2,7,CLATSOP (7),0,NOT APPLICABLE,22,22,4,April,2018,1,Sunday,13,1:00pm-1:59pm,48,48,1,This section IS ON the NHS,1,Rural,3,Principal Arterial - Other,1,State Highway Agency,2,U.S. Highway,US-30 ODOT 92,,940,940,46.18523889,46.18523889,-123.751297200,-123.75129722,0,No Special Jurisdiction,12,Motor Vehicle In-Transport,2,Front-to-Front,0,No,1,Non-Junction,1,Not an Intersection,0,None,,,1,On Roadway,1,Daylight,1,Clear,0,No Additional Atmospheric Conditions,1,Clear,0,No,0000000,Not Applicable,13,1:00pm-1:59pm,48,48,14,2:00pm-2:59pm,0,0,99,Unknown,99,Unknown EMS Hospital Arrival Time,0,None,0,None,0,None,1,0
2018,41,410090,Oregon,1,1,0,0,0,1,1,59,UMATILLA (59),0,NOT APPLICABLE,26,26,4,April,2018,5,Thursday,10,10:00am-10:59am,25,25,0,This section IS NOT on the NHS,1,Rural,7,Local,2,County Highway Agency,4,County Road,CR-TEXAS BAR RD,,40,40,45.01669167,45.01669167,-118.874591700,-118.87459167,0,No Special Jurisdiction,1,Rollover/Overturn,0,Not a Collision with Motor Vehicle In-Transport,0,No,1,Non-Junction,1,Not an Intersection,0,None,,,4,On Roadside,1,Daylight,1,Clear,0,No Additional Atmospheric Conditions,1,Clear,0,No,0000000,Not Applicable,10,10:00am-10:59am,26,26,11,11:00am-11:59am,24,24,88,Not Applicable (Not Transported),88,Not Applicable (Not Transported),0,None,0,None,0,None,1,1
2018,41,410091,Oregon,2,2,0,0,0,2,2,17,DESCHUTES (17),1720,REDMOND,27,27,4,April,2018,6,Friday,13,1:00pm-1:59pm,53,53,0,This section IS NOT on the NHS,2,Urban,5,Major Collector,4,City or Municipal Highway Agency,6,Local Street - Municipality,SW HIGHLAND AVE,,0,None,44.26918333,44.26918333,-121.214461100,-121.21446111,0,No Special Jurisdiction,12,Motor Vehicle In-Transport,2,Front-to-Front,0,No,1,Non-Junction,1,Not an Intersection,0,None,,,1,On Roadway,1,Daylight,98,Not Reported,0,No Additional Atmospheric Conditions,98,Not Reported,0,No,0000000,Not Applicable,13,1:00pm-1:59pm,54,54,14,2:00pm-2:59pm,1,1,99,Unknown,99,Unknown EMS Hospital Arrival Time,0,None,0,None,0,None,1,0
2018,41,410092,Oregon,2,1,1,0,0,1,1,5,CLACKAMAS (5),1580,OREGON CITY,2,2,5,May,2018,4,Wednesday,20,8:00pm-8:59pm,33,33,0,This section IS NOT on the NHS,2,Urban,5,Major Collector,4,City or Municipal Highway Agency,6,Local Street - Municipality,TOWERCREST DR,,0,None,45.33154444,45.33154444,-122.621747200,-122.62174722,0,No Special Jurisdiction,14,Parked Motor Vehicle,0,Not a Collision with Motor Vehicle In-Transport,0,No,1,Non-Junction,1,Not an Intersection,0,None,,,4,On Roadside,5,Dusk,1,Clear,0,No Additional Atmospheric Conditions,1,Clear,0,No,0000000,Not Applicable,20,8:00pm-8:59pm,33,33,20,8:00pm-8:59pm,38,38,88,Not Applicable (Not Transported),88,Not Applicable (Not Transported),0,None,0,None,0,None,1,1
2018,41,410093,Oregon,2,2,0,0,0,2,2,53,POLK (53),0,NOT APPLICABLE,3,3,5,May,2018,5,Thursday,6,6:00am-6:59am,50,50,0,This section IS NOT on the NHS,1,Rural,4,Minor Arterial,1,State Highway Agency,3,State Highway,SR-99 ODOT 91,PARKER RD,660,660,44.80325833,44.80325833,-123.227702800,-123.22770278,0,No Special Jurisdiction,12,Motor Vehicle In-Transport,6,Angle,0,No,2,Intersection,2,Four-Way Intersection,0,None,,,1,On Roadway,1,Daylight,1,Clear,0,No Additional Atmospheric Conditions,1,Clear,0,No,0000000,Not Applicable,8,8:00am-8:59am,49,49,8,8:00am-8:59am,57,57,9,9:00am-9:59am,39,39,0,None,0,None,0,None,1,0
2018,41,410095,Oregon,1,1,0,0,0,4,4,59,UMATILLA (59),0,NOT APPLICABLE,8,8,5,May,2018,3,Tuesday,19,7:00pm-7:59pm,21,21,1,This section IS ON the NHS,1,Rural,1,Interstate,1,State Highway Agency,1,Interstate,I-82,,40,40,45.86532778,45.86532778,-119.345386100,-119.34538611,0,No Special Jurisdiction,1,Rollover/Overturn,0,Not a Collision with Motor Vehicle In-Transport,0,No,1,Non-Junction,1,Not an Intersection,0,None,,,3,On Median,1,Daylight,6,Severe Crosswinds,0,No Additional Atmospheric Conditions,6,Severe Crosswinds,0,No,0000000,Not Applicable,99,Unknown,99,Unknown,99,Unknown EMS Scene Arrival Hour,99,Unknown EMS Scene Arrival Minutes,99,Unknown,99,Unknown EMS Hospital Arrival Time,0,None,0,None,0,None,1,0
2018,41,410096,Oregon,2,2,0,0,0,2,2,51,MULTNOMAH (51),0,NOT APPLICABLE,10,10,5,May,2018,5,Thursday,19,7:00pm-7:59pm,39,39,1,This section IS ON the NHS,2,Urban,3,Principal Arterial - Other,1,State Highway Agency,2,U.S. Highway,US-30 ODOT 92,,125,125,45.64662778,45.64662778,-122.842511100,-122.84251111,0,No Special Jurisdiction,12,Motor Vehicle In-Transport,6,Angle,0,No,8,Driveway Access Related,1,Not an Intersection,0,None,,,1,On Roadway,1,Daylight,10,Cloudy,0,No Additional Atmospheric Conditions,10,Cloudy,0,No,0000000,Not Applicable,19,7:00pm-7:59pm,32,32,19,7:00pm-7:59pm,49,49,88,Not Applicable (Not Transported),88,Not Applicable (Not Transported),0,None,0,None,0,None,1,1
2018,41,410097,Oregon,2,2,0,0,0,2,2,47,MARION (47),0,NOT APPLICABLE,10,10,5,May,2018,5,Thursday,8,8:00am-8:59am,48,48,0,This section IS NOT on the NHS,2,Urban,5,Major Collector,2,County Highway Agency,4,County Road,CR-GOLF CLUB RD SE,,18,18,44.82312778,44.82312778,-122.823327800,-122.82332778,0,No Special Jurisdiction,12,Motor Vehicle In-Transport,2,Front-to-Front,0,No,1,Non-Junction,1,Not an Intersection,0,None,,,1,On Roadway,1,Daylight,2,Rain,0,No Additional Atmospheric Conditions,2,Rain,0,No,0000000,Not Applicable,8,8:00am-8:59am,48,48,8,8:00am-8:59am,55,55,9,9:00am-9:59am,39,39,0,None,0,None,0,None,1,0
2018,41,410098,Oregon,1,1,0,1,1,3,3,67,WASHINGTON (67),180,BEAVERTON,11,11,5,May,2018,6,Friday,7,7:00am-7:59am,15,15,0,This section IS NOT on the NHS,2,Urban,4,Minor Arterial,4,City or Municipal Highway Agency,6,Local Street - Municipality,SW CEDAR HILLS BLVD,SW FAIRFIELD ST,0,None,45.49718889,45.49718889,-122.808383300,-122.80838333,0,No Special Jurisdiction,8,Pedestrian,0,Not a Collision with Motor Vehicle In-Transport,0,No,3,Intersection-Related,3,T-Intersection,0,None,,,1,On Roadway,1,Daylight,1,Clear,0,No Additional Atmospheric Conditions,1,Clear,0,No,0000000,Not Applicable,7,7:00am-7:59am,15,15,7,7:00am-7:59am,19,19,99,Unknown,99,Unknown EMS Hospital Arrival Time,0,None,0,None,0,None,1,0
2018,41,410099,Oregon,1,1,0,0,0,1,1,51,MULTNOMAH (51),1650,PORTLAND,13,13,5,May,2018,1,Sunday,21,9:00pm-9:59pm,39,39,1,This section IS ON the NHS,2,Urban,1,Interstate,1,State Highway Agency,1,Interstate,I-205,,211,211,45.52467500,45.52467500,-122.565177800,-122.56517778,0,No Special Jurisdiction,33,Curb,0,Not a Collision with Motor Vehicle In-Transport,0,No,1,Non-Junction,1,Not an Intersection,1,Construction,,,4,On Roadside,2,Dark - Not Lighted,98,Not Reported,0,No Additional Atmospheric Conditions,98,Not Reported,0,No,0000000,Not Applicable,21,9:00pm-9:59pm,39,39,21,9:00pm-9:59pm,45,45,99,Unknown,99,Unknown EMS Hospital Arrival Time,0,None,0,None,0,None,1,1
2018,41,410100,Oregon,1,1,0,0,0,1,1,29,JACKSON (29),0,NOT APPLICABLE,14,14,5,May,2018,2,Monday,10,10:00am-10:59am,0,0,1,This section IS ON the NHS,1,Rural,3,Principal Arterial - Other,1,State Highway Agency,3,State Highway,SR-62 ODOT 22,,482,482,42.77726389,42.77726389,-122.486483300,-122.48648333,0,No Special Jurisdiction,11,Live Animal,0,Not a Collision with Motor Vehicle In-Transport,0,No,1,Non-Junction,1,Not an Intersection,0,None,,,1,On Roadway,1,Daylight,1,Clear,0,No Additional Atmospheric Conditions,1,Clear,0,No,0000000,Not Applicable,10,10:00am-10:59am,4,4,10,10:00am-10:59am,21,21,88,Not Applicable (Not Transported),88,Not Applicable (Not Transported),0,None,0,None,0,None,1,0
2018,41,410101,Oregon,1,1,0,1,1,1,1,5,CLACKAMAS (5),1580,OREGON CITY,14,14,5,May,2018,2,Monday,3,3:00am-3:59am,37,37,1,This section IS ON the NHS,2,Urban,3,Principal Arterial - Other,1,State Highway Agency,3,State Highway,SR-213 ODOT 160,,1,1,45.37104722,45.37104722,-122.585663900,-122.58566389,0,No Special Jurisdiction,8,Pedestrian,0,Not a Collision with Motor Vehicle In-Transport,0,No,1,Non-Junction,1,Not an Intersection,0,None,,,1,On Roadway,2,Dark - Not Lighted,1,Clear,0,No Additional Atmospheric Conditions,1,Clear,0,No,0000000,Not Applicable,3,3:00am-3:59am,40,40,3,3:00am-3:59am,43,43,88,Not Applicable (Not Transported),88,Not Applicable (Not Transported),0,None,0,None,0,None,1,0
2018,41,410102,Oregon,1,1,0,0,0,1,1,31,JEFFERSON (31),0,NOT APPLICABLE,17,17,5,May,2018,5,Thursday,12,12:00pm-12:59pm,8,8,0,This section IS NOT on the NHS,1,Rural,4,Minor Arterial,2,County Highway Agency,4,County Road,CR-JUNIPER LN,,18,18,44.76615833,44.76615833,-121.132641700,-121.13264167,0,No Special Jurisdiction,30,Utility Pole/Light Support,0,Not a Collision with Motor Vehicle In-Transport,0,No,1,Non-Junction,1,Not an Intersection,0,None,,,4,On Roadside,1,Daylight,1,Clear,0,No Additional Atmospheric Conditions,1,Clear,0,No,0000000,Not Applicable,99,Unknown,99,Unknown,99,Unknown EMS Scene Arrival Hour,99,Unknown EMS Scene Arrival Minutes,88,Not Applicable (Not Transported),88,Not Applicable (Not Transported),0,None,0,None,0,None,1,0
2018,41,410103,Oregon,3,3,0,0,0,5,5,29,JACKSON (29),1310,MEDFORD,18,18,5,May,2018,6,Friday,12,12:00pm-12:59pm,17,17,0,This section IS NOT on the NHS,2,Urban,4,Minor Arterial,4,City or Municipal Highway Agency,6,Local Street - Municipality,TABLE ROCK RD,MORNINGSIDE ST,0,None,42.35953056,42.35953056,-122.885330600,-122.88533056,0,No Special Jurisdiction,12,Motor Vehicle In-Transport,1,Front-to-Rear,0,No,3,Intersection-Related,3,T-Intersection,0,None,,,1,On Roadway,1,Daylight,1,Clear,0,No Additional Atmospheric Conditions,1,Clear,0,No,0000000,Not Applicable,99,Unknown,99,Unknown,99,Unknown EMS Scene Arrival Hour,99,Unknown EMS Scene Arrival Minutes,99,Unknown,99,Unknown EMS Hospital Arrival Time,0,None,0,None,0,None,1,0
2018,41,410104,Oregon,2,2,0,0,0,5,5,29,JACKSON (29),0,NOT APPLICABLE,19,19,5,May,2018,7,Saturday,20,8:00pm-8:59pm,37,37,0,This section IS NOT on the NHS,1,Rural,4,Minor Arterial,1,State Highway Agency,3,State Highway,SR-234 ODOT 271,,170,170,42.52375278,42.52375278,-122.820175000,-122.820175000,0,No Special Jurisdiction,12,Motor Vehicle In-Transport,6,Angle,0,No,8,Driveway Access Related,1,Not an Intersection,0,None,,,1,On Roadway,5,Dusk,10,Cloudy,0,No Additional Atmospheric Conditions,10,Cloudy,0,No,0000000,Not Applicable,20,8:00pm-8:59pm,38,38,20,8:00pm-8:59pm,46,46,88,Not Applicable (Not Transported),88,Not Applicable (Not Transported),0,None,0,None,0,None,2,0
2018,41,410105,Oregon,2,2,0,0,0,2,2,59,UMATILLA (59),1610,PENDLETON,20,20,3,March,2018,3,Tuesday,14,2:00pm-2:59pm,15,15,1,This section IS ON the NHS,2,Urban,3,Principal Arterial - Other,1,State Highway Agency,1,Interstate,I-84 RAMP,US-395 ODOT 28,2095,2095,45.66255556,45.66255556,-118.806694400,-118.80669444,0,No Special Jurisdiction,12,Motor Vehicle In-Transport,6,Angle,1,Yes,2,Intersection,2,Four-Way Intersection,0,None,,,1,On Roadway,1,Daylight,1,Clear,0,No Additional Atmospheric Conditions,1,Clear,0,No,0000000,Not Applicable,14,2:00pm-2:59pm,15,15,14,2:00pm-2:59pm,19,19,88,Not Applicable (Not Transported),88,Not Applicable (Not Transported),0,None,0,None,0,None,1,0
2018,41,410106,Oregon,2,2,0,0,0,4,4,19,DOUGLAS (19),0,NOT APPLICABLE,19,19,5,May,2018,7,Saturday,21,9:00pm-9:59pm,33,33,1,This section IS ON the NHS,1,Rural,1,Interstate,1,State Highway Agency,1,Interstate,I-5,,1530,1530,43.59361111,43.59361111,-123.246005600,-123.24600556,0,No Special Jurisdiction,12,Motor Vehicle In-Transport,2,Front-to-Front,0,No,1,Non-Junction,1,Not an Intersection,0,None,,,1,On Roadway,2,Dark - Not Lighted,1,Clear,0,No Additional Atmospheric Conditions,1,Clear,0,No,0000000,Not Applicable,21,9:00pm-9:59pm,33,33,21,9:00pm-9:59pm,43,43,88,Not Applicable (Not Transported),88,Not Applicable (Not Transported),0,None,0,None,0,None,4,1