caseyear,state,st_case,statename,ve_total,ve_forms,pvh_invl,peds,pernotmvit,permvit,persons,county,countyname,city,cityname,day,dayname,month,monthname,year,day_week,day_weekname,hour,hourname,minute,minutename,nhs,nhsname,rur_urb,rur_urbname,func_sys,func_sysname,rd_owner,rd_ownername,route,routename,tway_id,tway_id2,milept,mileptname,latitude,latitudename,longitud,longitudname,sp_jur,sp_jurname,harm_ev,harm_evname,man_coll,man_collname,reljct1,reljct1name,reljct2,reljct2name,typ_int,typ_intname,wrk_zone,wrk_zonename,road_fnc,road_fncname,rel_road,rel_roadname,lgt_cond,lgt_condname,weather1,weather1name,weather2,weather2name,weather,weathername,sch_bus,sch_busname,rail,railname,not_hour,not_hourname,not_min,not_minname,arr_hour,arr_hourname,arr_min,arr_minname,hosp_hr,hosp_hrname,hosp_mn,hosp_mnname,cf1,cf1name,cf2,cf2name,cf3,cf3name,fatals,drunk_dr
2018,41,410175,Oregon,1,1,0,0,0,1,1,39,LANE (39),0,NOT APPLICABLE,11,11,8,August,2018,7,Saturday,9,9:00am-9:59am,52,52,0,This section IS NOT on the NHS,1,Rural,4,Minor Arterial,1,State Highway Agency,3,State Highway,SR-36 ODOT 229,,512,512,44.19313611,44.19313611,-123.208733300,-123.20873333,0,No Special Jurisdiction,23,Bridge Rail (Includes parapet),0,Not a Collision with Motor Vehicle In-Transport,0,No,1,Non-Junction,1,Not an Intersection,0,None,,,4,On Roadside,1,Daylight,10,Cloudy,0,No Additional Atmospheric Conditions,10,Cloudy,0,No,0000000,Not Applicable,9,9:00am-9:59am,52,52,10,10:00am-10:59am,0,0,88,Not Applicable (Not Transported),88,Not Applicable (Not Transported),0,None,0,None,0,None,1,0
2018,41,410176,Oregon,2,2,0,0,0,5,5,45,MALHEUR (45),0,NOT APPLICABLE,11,11,8,August,2018,7,Saturday,14,2:00pm-2:59pm,35,35,1,This section IS ON the NHS,1,Rural,3,Principal Arterial - Other,1,State Highway Agency,3,State Highway,SR-95 ODOT 456,,973,973,42.32952500,42.32952500,-117.829652800,-117.82965278,0,No Special Jurisdiction,12,Motor Vehicle In-Transport,2,Front-to-Front,0,No,1,Non-Junction,1,Not an Intersection,0,None,,,1,On Roadway,1,Daylight,1,Clear,0,No Additional Atmospheric Conditions,1,Clear,0,No,0000000,Not Applicable,14,2:00pm-2:59pm,38,38,99,Unknown EMS Scene Arrival Hour,99,Unknown EMS Scene Arrival Minutes,99,Unknown,99,Unknown EMS Hospital Arrival Time,0,None,0,None,0,None,1,0
2018,41,410177,Oregon,1,1,0,0,0,2,2,39,LANE (39),0,NOT APPLICABLE,13,13,8,August,2018,2,Monday,15,3:00pm-3:59pm,35,35,0,This section IS NOT on the NHS,1,Rural,4,Minor Arterial,1,State Highway Agency,3,State Highway,SR-200 ODOT 200,,132,132,44.13824444,44.13824444,-123.321002800,-123.32100278,0,No Special Jurisdiction,42,Tree (Standing Only),0,Not a Collision with Motor Vehicle In-Transport,0,No,1,Non-Junction,1,Not an Intersection,0,None,,,4,On Roadside,1,Daylight,1,Clear,0,No Additional Atmospheric Conditions,1,Clear,0,No,0000000,Not Applicable,99,Unknown,99,Unknown,99,Unknown EMS Scene Arrival Hour,99,Unknown EMS Scene Arrival Minutes,99,Unknown,99,Unknown EMS Hospital Arrival Time,0,None,0,None,0,None,1,0
2018,41,410178,Oregon,2,2,0,0,0,8,8,25,HARNEY (25),0,NOT APPLICABLE,13,13,8,August,2018,2,Monday,9,9:00am-9:59am,55,55,0,This section IS NOT on the NHS,1,Rural,4,Minor Arterial,1,State Highway Agency,3,State Highway,SR-78 ODOT 442,,301,301,43.39161111,43.39161111,-118.589325000,-118.589325000,0,No Special Jurisdiction,12,Motor Vehicle In-Transport,2,Front-to-Front,0,No,1,Non-Junction,1,Not an Intersection,0,None,,,1,On Roadway,1,Daylight,1,Clear,0,No Additional Atmospheric Conditions,1,Clear,0,No,0000000,Not Applicable,10,10:00am-10:59am,0,0,10,10:00am-10:59am,25,25,88,Not Applicable (Not Transported),88,Not Applicable (Not Transported),0,None,0,None,0,None,8,0
2018,41,410179,Oregon,1,1,0,0,0,3,3,31,JEFFERSON (31),0,NOT APPLICABLE,10,10,8,August,2018,6,Friday,10,10:00am-10:59am,20,20,0,This section IS NOT on the NHS,1,Rural,7,Local,50,Indian Tribe Nation,8,Other,CR-TENINO RD,,90,90,44.74712778,44.74712778,-121.294600000,-121.294600000,3,Indian Reservation,42,Tree (Standing Only),0,Not a Collision with Motor Vehicle In-Transport,0,No,1,Non-Junction,1,Not an Intersection,0,None,,,4,On Roadside,1,Daylight,1,Clear,0,No Additional Atmospheric Conditions,1,Clear,0,No,0000000,Not Applicable,10,10:00am-10:59am,30,30,10,10:00am-10:59am,52,52,11,11:00am-11:59am,23,23,0,None,0,None,0,None,2,1
2018,41,410180,Oregon,1,1,0,0,0,1,1,43,LINN (43),0,NOT APPLICABLE,12,12,8,August,2018,1,Sunday,11,11:00am-11:59am,34,34,1,This section IS ON the NHS,1,Rural,3,Principal Arterial - Other,1,State Highway Agency,2,U.S. Highway,US-20 ODOT 16,,340,340,44.40123611,44.40123611,-122.591261100,-122.59126111,0,No Special Jurisdiction,24,Guardrail Face,0,Not a Collision with Motor Vehicle In-Transport,0,No,1,Non-Junction,1,Not an Intersection,0,None,,,4,On Roadside,1,Daylight,1,Clear,0,No Additional Atmospheric Conditions,1,Clear,0,No,0000000,Not Applicable,11,11:00am-11:59am,35,35,11,11:00am-11:59am,45,45,88,Not Applicable (Not Transported),88,Not Applicable (Not Transported),0,None,0,None,0,None,1,0
2018,41,410181,Oregon,1,1,0,0,0,1,1,33,JOSEPHINE (33),0,NOT APPLICABLE,21,21,8,August,2018,3,Tuesday,2,2:00am-2:59am,10,10,0,This section IS NOT on the NHS,1,Rural,4,Minor Arterial,1,State Highway Agency,3,State Highway,SR-260 ODOT 260,,105,105,42.47309722,42.47309722,-123.464475000,-123.464475000,0,No Special Jurisdiction,11,Live Animal,0,Not a Collision with Motor Vehicle In-Transport,0,No,1,Non-Junction,1,Not an Intersection,0,None,,,1,On Roadway,2,Dark - Not Lighted,1,Clear,0,No Additional Atmospheric Conditions,1,Clear,0,No,0000000,Not Applicable,2,2:00am-2:59am,15,15,2,2:00am-2:59am,25,25,88,Not Applicable (Not Transported),88,Not Applicable (Not Transported),0,None,0,None,0,None,1,1
2018,41,410182,Oregon,1,1,0,0,0,2,2,11,COOS (11),0,NOT APPLICABLE,27,27,8,August,2018,2,Monday,0,0:00am-0:59am,51,51,0,This section IS NOT on the NHS,1,Rural,5,Major Collector,2,County Highway Agency,4,County Road,CR-NORTH LAKE RD,CR-N 9TH ST,0,None,43.57586667,43.57586667,-124.174022200,-124.17402222,0,No Special Jurisdiction,34,Ditch,0,Not a Collision with Motor Vehicle In-Transport,0,No,3,Intersection-Related,3,T-Intersection,0,None,,,4,On Roadside,3,Dark - Lighted,2,Rain,0,No Additional Atmospheric Conditions,2,Rain,0,No,0000000,Not Applicable,0,0:00am-0:59am,52,52,0,0:00am-0:59am,58,58,88,Not Applicable (Not Transported),88,Not Applicable (Not Transported),0,None,0,None,0,None,1,1
2018,41,410183,Oregon,3,3,0,0,0,3,3,51,MULTNOMAH (51),1650,PORTLAND,28,28,8,August,2018,3,Tuesday,9,9:00am-9:59am,48,48,0,This section IS NOT on the NHS,2,Urban,4,Minor Arterial,4,City or Municipal Highway Agency,6,Local Street - Municipality,NE MARINE DR,NE 122ND AVE,0,None,45.56776667,45.56776667,-122.531950000,-122.531950000,0,No Special Jurisdiction,12,Motor Vehicle In-Transport,6,Angle,0,No,2,Intersection,3,T-Intersection,0,None,,,1,On Roadway,1,Daylight,1,Clear,0,No Additional Atmospheric Conditions,1,Clear,0,No,0000000,Not Applicable,99,Unknown,99,Unknown,99,Unknown EMS Scene Arrival Hour,99,Unknown EMS Scene Arrival Minutes,88,Not Applicable (Not Transported),88,Not Applicable (Not Transported),0,None,0,None,0,None,1,0
2018,41,410184,Oregon,3,3,0,0,0,3,3,39,LANE (39),0,NOT APPLICABLE,5,5,9,September,2018,4,Wednesday,14,2:00pm-2:59pm,20,20,0,This section IS NOT on the NHS,2,Urban,4,Minor Arterial,1,State Highway Agency,3,State Highway,SR-126 ODOT 15,CR-DEERHORN RD,110,110,44.06880833,44.06880833,-122.803194400,-122.80319444,0,No Special Jurisdiction,12,Motor Vehicle In-Transport,6,Angle,0,No,2,Intersection,3,T-Intersection,0,None,,,1,On Roadway,1,Daylight,1,Clear,0,No Additional Atmospheric Conditions,1,Clear,0,No,0000000,Not Applicable,14,2:00pm-2:59pm,22,22,14,2:00pm-2:59pm,30,30,88,Not Applicable (Not Transported),88,Not Applicable (Not Transported),0,None,0,None,0,None,1,0
2018,41,410185,Oregon,1,1,0,0,0,1,1,67,WASHINGTON (67),2065,TIGARD,5,5,9,September,2018,4,Wednesday,20,8:00pm-8:59pm,44,44,0,This section IS NOT on the NHS,2,Urban,4,Minor Arterial,4,City or Municipal Highway Agency,6,Local Street - Municipality,SW BULL MOUNTAIN RD,,0,None,45.41485278,45.41485278,-122.848505600,-122.84850556,0,No Special Jurisdiction,33,Curb,0,Not a Collision with Motor Vehicle In-Transport,0,No,1,Non-Junction,1,Not an Intersection,1,Construction,,,4,On Roadside,3,Dark - Lighted,98,Not Reported,0,No Additional Atmospheric Conditions,98,Not Reported,0,No,0000000,Not Applicable,20,8:00pm-8:59pm,45,45,20,8:00pm-8:59pm,53,53,21,9:00pm-9:59pm,27,27,0,None,0,None,0,None,1,0
2018,41,410186,Oregon,1,1,0,0,0,1,1,13,CROOK (13),1700,PRINEVILLE,6,6,9,September,2018,5,Thursday,10,10:00am-10:59am,41,41,1,This section IS ON the NHS,2,Urban,3,Principal Arterial - Other,1,State Highway Agency,3,State Highway,SR-126 ODOT 41,,168,168,44.29797778,44.29797778,-120.870886100,-120.87088611,0,No Special Jurisdiction,17,Boulder,0,Not a Collision with Motor Vehicle In-Transport,0,No,1,Non-Junction,1,Not an Intersection,0,None,,,4,On Roadside,1,Daylight,1,Clear,0,No Additional Atmospheric Conditions,1,Clear,0,No,0000000,Not Applicable,10,10:00am-10:59am,41,41,10,10:00am-10:59am,45,45,88,Not Applicable (Not Transported),88,Not Applicable (Not Transported),0,None,0,None,0,None,1,0
2018,41,410187,Oregon,1,1,0,0,0,1,1,71,YAMHILL (71),0,NOT APPLICABLE,7,7,9,September,2018,6,Friday,16,4:00pm-4:59pm,55,55,1,This section IS ON the NHS,1,Rural,3,Principal Arterial - Other,1,State Highway Agency,3,State Highway,SR-22 ODOT 32,,200,200,45.08007778,45.08007778,-123.633030600,-123.63303056,0,No Special Jurisdiction,41,Shrubbery,0,Not a Collision with Motor Vehicle In-Transport,0,No,1,Non-Junction,1,Not an Intersection,0,None,,,4,On Roadside,1,Daylight,1,Clear,0,No Additional Atmospheric Conditions,1,Clear,0,No,0000000,Not Applicable,16,4:00pm-4:59pm,55,55,17,5:00pm-5:59pm,9,9,88,Not Applicable (Not Transported),88,Not Applicable (Not Transported),0,None,0,None,0,None,1,0
2018,41,410188,Oregon,2,2,0,0,0,5,5,57,TILLAMOOK (57),0,NOT APPLICABLE,10,10,6,June,2018,1,Sunday,15,3:00pm-3:59pm,17,17,0,This section IS NOT on the NHS,1,Rural,4,Minor Arterial,1,State Highway Agency,3,State Highway,SR-6 ODOT 37,,239,239,45.59099722,45.59099722,-123.527841700,-123.52784167,0,No Special Jurisdiction,12,Motor Vehicle In-Transport,2,Front-to-Front,0,No,1,Non-Junction,1,Not an Intersection,0,None,,,1,On Roadway,1,Daylight,2,Rain,0,No Additional Atmospheric Conditions,2,Rain,0,No,0000000,Not Applicable,15,3:00pm-3:59pm,17,17,15,3:00pm-3:59pm,42,42,99,Unknown,99,Unknown EMS Hospital Arrival Time,0,None,0,None,0,None,2,0
2018,41,410189,Oregon,2,2,0,0,0,3,3,51,MULTNOMAH (51),1650,PORTLAND,15,15,8,August,2018,4,Wednesday,14,2:00pm-2:59pm,2,2,1,This section IS ON the NHS,2,Urban,3,Principal Arterial - Other,1,State Highway Agency,2,U.S. Highway,US-30 ODOT 92,US-30B ODOT 123,73,73,45.58767778,45.58767778,-122.773725000,-122.773725000,0,No Special Jurisdiction,12,Motor Vehicle In-Transport,6,Angle,0,No,2,Intersection,3,T-Intersection,0,None,,,1,On Roadway,1,Daylight,1,Clear,0,No Additional Atmospheric Conditions,1,Clear,0,No,0000000,Not Applicable,14,2:00pm-2:59pm,3,3,14,2:00pm-2:59pm,8,8,88,Not Applicable (Not Transported),88,Not Applicable (Not Transported),0,None,0,None,0,None,1,0
2018,41,410190,Oregon,2,2,0,0,0,2,2,43,LINN (43),0,NOT APPLICABLE,19,19,6,June,2018,3,Tuesday,12,12:00pm-12:59pm,31,31,0,This section IS NOT on the NHS,1,Rural,5,Major Collector,2,County Highway Agency,4,County Road,CR-DEVER-CONNER RD,I-5 RAMP,1,1,44.72267222,44.72267222,-123.056358300,-123.05635833,0,No Special Jurisdiction,12,Motor Vehicle In-Transport,2,Front-to-Front,0,No,2,Intersection,3,T-Intersection,0,None,,,1,On Roadway,1,Daylight,1,Clear,0,No Additional Atmospheric Conditions,1,Clear,0,No,0000000,Not Applicable,12,12:00pm-12:59pm,31,31,12,12:00pm-12:59pm,40,40,88,Not Applicable (Not Transported),88,Not Applicable (Not Transported),0,None,0,None,0,None,1,0
2018,41,410191,Oregon,2,2,0,0,0,3,3,47,MARION (47),1810,SALEM,19,19,8,August,2018,1,Sunday,0,0:00am-0:59am,21,21,1,This section IS ON the NHS,2,Urban,3,Principal Arterial - Other,1,State Highway Agency,3,State Highway,SR-22 ODOT 162,I-5 RAMP,12,12,44.91634444,44.91634444,-122.991208300,-122.99120833,0,No Special Jurisdiction,12,Motor Vehicle In-Transport,6,Angle,0,No,2,Intersection,3,T-Intersection,0,None,,,1,On Roadway,3,Dark - Lighted,98,Not Reported,0,No Additional Atmospheric Conditions,98,Not Reported,0,No,0000000,Not Applicable,0,0:00am-0:59am,22,22,0,0:00am-0:59am,27,27,0,0:00am-0:59am,41,41,0,None,0,None,0,None,2,1
2018,41,410192,Oregon,1,1,0,0,0,1,1,65,WASCO (65),0,NOT APPLICABLE,12,12,9,September,2018,4,Wednesday,1,1:00am-1:59am,41,41,1,This section IS ON the NHS,1,Rural,3,Principal Arterial - Other,1,State Highway Agency,1,Interstate,I-84,,745,745,45.69457222,45.69457222,-121.309327800,-121.30932778,0,No Special Jurisdiction,39,Wall,0,Not a Collision with Motor Vehicle In-Transport,0,No,1,Non-Junction,1,Not an Intersection,0,None,,,4,On Roadside,2,Dark - Not Lighted,1,Clear,0,No Additional Atmospheric Conditions,1,Clear,0,No,0000000,Not Applicable,1,1:00am-1:59am,52,52,2,2:00am-2:59am,5,5,88,Not Applicable (Not Transported),88,Not Applicable (Not Transported),0,None,0,None,0,None,1,0
2018,41,410193,Oregon,1,1,0,0,0,1,1,37,LAKE (37),0,NOT APPLICABLE,25,25,9,September,2018,3,Tuesday,12,12:00pm-12:59pm,50,50,0,This section IS NOT on the NHS,1,Rural,5,Major Collector,1,State Highway Agency,3,State Highway,SR-140 ODOT 270,,391,391,42.10828889,42.10828889,-119.742719400,-119.74271944,0,No Special Jurisdiction,34,Ditch,0,Not a Collision with Motor Vehicle In-Transport,0,No,1,Non-Junction,1,Not an Intersection,0,None,,,4,On Roadside,1,Daylight,1,Clear,0,No Additional Atmospheric Conditions,1,Clear,0,No,0000000,Not Applicable,13,1:00pm-1:59pm,2,2,14,2:00pm-2:59pm,10,10,88,Not Applicable (Not Transported),88,Not Applicable (Not Transported),0,None,0,None,0,None,1,0
2018,41,410194,Oregon,2,2,0,0,0,3,3,1,BAKER (1),0,NOT APPLICABLE,26,26,9,September,2018,4,Wednesday,10,10:00am-10:59am,13,13,1,This section IS ON the NHS,1,Rural,1,Interstate,1,State Highway Agency,1,Interstate,I-84,,3015,3015,44.82001389,44.82001389,-117.814980600,-117.81498056,0,No Special Jurisdiction,12,Motor Vehicle In-Transport,6,Angle,0,No,1,Non-Junction,1,Not an Intersection,0,None,,,1,On Roadway,1,Daylight,1,Clear,0,No Additional Atmospheric Conditions,1,Clear,0,No,0000000,Not Applicable,10,10:00am-10:59am,15,15,10,10:00am-10:59am,26,26,10,10:00am-10:59am,40,40,0,None,0,None,0,None,2,0
2018,41,410195,Oregon,3,3,0,0,0,3,3,45,MALHEUR (45),0,NOT APPLICABLE,8,8,8,August,2018,4,Wednesday,11,11:00am-11:59am,44,44,0,This section IS NOT on the NHS,1,Rural,4,Minor Arterial,1,State Highway Agency,3,State Highway,SR-201 ODOT 455,,200,200,44.11628333,44.11628333,-116.947313900,-116.94731389,0,No Special Jurisdiction,12,Motor Vehicle In-Transport,2,Front-to-Front,0,No,1,Non-Junction,1,Not an Intersection,0,None,,,1,On Roadway,1,Daylight,1,Clear,0,No Additional Atmospheric Conditions,1,Clear,0,No,0000000,Not Applicable,11,11:00am-11:59am,43,43,11,11:00am-11:59am,54,54,12,12:00pm-12:59pm,21,21,0,None,0,None,0,None,1,0
2018,41,410196,Oregon,1,1,0,0,0,1,1,59,UMATILLA (59),0,NOT APPLICABLE,3,3,9,September,2018,2,Monday,14,2:00pm-2:59pm,56,56,1,This section IS ON the NHS,1,Rural,3,Principal Arterial - Other,1,State Highway Agency,2,U.S. Highway,US-395 ODOT 19,,531,531,45.08506389,45.08506389,-118.981422200,-118.98142222,0,No Special Jurisdiction,1,Rollover/Overturn,0,Not a Collision with Motor Vehicle In-Transport,0,No,1,Non-Junction,1,Not an Intersection,0,None,,,4,On Roadside,1,Daylight,1,Clear,0,No Additional Atmospheric Conditions,1,Clear,0,No,0000000,Not Applicable,12,12:00pm-12:59pm,56,56,13,1:00pm-1:59pm,22,22,88,Not Applicable (Not Transported),88,Not Applicable (Not Transported),0,None,0,None,0,None,1,0
2018,41,410197,Oregon,1,1,0,1,1,1,1,53,POLK (53),1390,MONMOUTH,7,7,9,September,2018,6,Friday,5,5:00am-5:59am,45,45,1,This section IS ON the NHS,2,Urban,3,Principal Arterial - Other,1,State Highway Agency,3,State Highway,SR-51 ODOT 43,,3,3,44.85122778,44.85122778,-123.215991700,-123.21599167,0,No Special Jurisdiction,8,Pedestrian,0,Not a Collision with Motor Vehicle In-Transport,0,No,1,Non-Junction,1,Not an Intersection,0,None,,,1,On Roadway,4,Dawn,1,Clear,0,No Additional Atmospheric Conditions,1,Clear,0,No,0000000,Not Applicable,6,6:00am-6:59am,37,37,6,6:00am-6:59am,42,42,7,7:00am-7:59am,13,13,0,None,0,None,0,None,1,0
2018,41,410198,Oregon,1,1,0,0,0,1,1,27,HOOD RIVER (27),0,NOT APPLICABLE,8,8,9,September,2018,7,Saturday,1,1:00am-1:59am,49,49,0,This section IS NOT on the NHS,1,Rural,4,Minor Arterial,1,State Highway Agency,3,State Highway,SR-281 ODOT 281,CR-BLACKBURN DR,45,45,45.66061667,45.66061667,-121.544036100,-121.54403611,0,No Special Jurisdiction,35,Embankment,0,Not a Collision with Motor Vehicle In-Transport,0,No,3,Intersection-Related,3,T-Intersection,0,None,,,4,On Roadside,2,Dark - Not Lighted,1,Clear,0,No Additional Atmospheric Conditions,1,Clear,0,No,0000000,Not Applicable,1,1:00am-1:59am,49,49,1,1:00am-1:59am,58,58,88,Not Applicable (Not Transported),88,Not Applicable (Not Transported),0,None,0,None,0,None,1,1
2018,41,410199,Oregon,2,2,0,0,0,2,2,17,DESCHUTES (17),0,NOT APPLICABLE,14,14,9,September,2018,6,Friday,16,4:00pm-4:59pm,30,30,1,This section IS ON the NHS,2,Urban,3,Principal Arterial - Other,1,State Highway Agency,2,U.S. Highway,US-97 ODOT 4,,1166,1166,44.33908056,44.33908056,-121.177913900,-121.17791389,0,No Special Jurisdiction,1,Rollover/Overturn,0,Not a Collision with Motor Vehicle In-Transport,0,No,1,Non-Junction,1,Not an Intersection,0,None,,,1,On Roadway,1,Daylight,10,Cloudy,0,No Additional Atmospheric Conditions,10,Cloudy,0,No,0000000,Not Applicable,16,4:00pm-4:59pm,35,35,16,4:00pm-4:59pm,40,40,99,Unknown,99,Unknown EMS Hospital Arrival Time,0,None,0,None,0,None,1,1
2018,41,410200,Oregon,2,2,0,0,0,4,4,71,YAMHILL (71),0,NOT APPLICABLE,15,15,9,September,2018,7,Saturday,13,1:00pm-1:59pm,3,3,1,This section IS ON the NHS,2,Urban,3,Principal Arterial - Other,1,State Highway Agency,3,State Highway,SR-18 ODOT 39,,480,480,45.20088611,45.20088611,-123.139005600,-123.13900556,0,No Special Jurisdiction,12,Motor Vehicle In-Transport,2,Front-to-Front,0,No,1,Non-Junction,1,Not an Intersection,0,None,,,1,On Roadway,1,Daylight,10,Cloudy,0,No Additional Atmospheric Conditions,10,Cloudy,0,No,0000000,Not Applicable,13,1:00pm-1:59pm,4,4,13,1:00pm-1:59pm,11,11,13,1:00pm-1:59pm,23,23,0,None,0,None,0,None,3,0
2018,41,410201,Oregon,2,2,0,0,0,4,4,71,YAMHILL (71),0,NOT APPLICABLE,19,19,9,September,2018,4,Wednesday,8,8:00am-8:59am,15,15,0,This section IS NOT on the NHS,2,Urban,4,Minor Arterial,1,State Highway Agency,3,State Highway,SR-99 ODOT 91,CR-MINERAL SPRINGS RD,329,329,45.24581389,45.24581389,-123.121833300,-123.12183333,0,No Special Jurisdiction,12,Motor Vehicle In-Transport,2,Front-to-Front,0,No,2,Intersection,3,T-Intersection,0,None,,,1,On Roadway,1,Daylight,1,Clear,0,No Additional Atmospheric Conditions,1,Clear,0,No,0000000,Not Applicable,8,8:00am-8:59am,16,16,8,8:00am-8:59am,23,23,99,Unknown,99,Unknown EMS Hospital Arrival Time,0,None,0,None,0,None,1,0
2018,41,410202,Oregon,2,2,0,0,0,2,2,69,WHEELER (69),0,NOT APPLICABLE,26,26,9,September,2018,4,Wednesday,12,12:00pm-12:59pm,45,45,0,This section IS NOT on the NHS,1,Rural,4,Minor Arterial,1,State Highway Agency,3,State Highway,SR-207 ODOT 321,,275,275,44.83275000,44.83275000,-119.748413900,-119.74841389,0,No Special Jurisdiction,1,Rollover/Overturn,0,Not a Collision with Motor Vehicle In-Transport,0,No,1,Non-Junction,1,Not an Intersection,0,None,,,1,On Roadway,1,Daylight,1,Clear,0,No Additional Atmospheric Conditions,1,Clear,0,No,0000000,Not Applicable,13,1:00pm-1:59pm,4,4,13,1:00pm-1:59pm,49,49,88,Not Applicable (Not Transported),88,Not Applicable (Not Transported),0,None,0,None,0,None,1,1
2018,41,410203,Oregon,1,1,0,0,0,2,2,29,JACKSON (29),0,NOT APPLICABLE,30,30,9,September,2018,1,Sunday,22,10:00pm-10:59pm,42,42,0,This section IS NOT on the NHS,2,Urban,4,Minor Arterial,2,County Highway Agency,4,County Road,CR-KIRTLAND RD,,0,None,42.43157500,42.43157500,-122.913927800,-122.91392778,0,No Special Jurisdiction,34,Ditch,0,Not a Collision with Motor Vehicle In-Transport,0,No,1,Non-Junction,1,Not an Intersection,0,None,,,4,On Roadside,2,Dark - Not Lighted,1,Clear,0,No Additional Atmospheric Conditions,1,Clear,0,No,0000000,Not Applicable,22,10:00pm-10:59pm,43,43,22,10:00pm-10:59pm,51,51,99,Unknown,99,Unknown EMS Hospital Arrival Time,0,None,0,None,0,None,1,1
2018,41,410204,Oregon,2,2,0,0,0,2,2,45,MALHEUR (45),0,NOT APPLICABLE,2,2,6,June,2018,7,Saturday,12,12:00pm-12:59pm,17,17,1,This section IS ON the NHS,1,Rural,3,Principal Arterial - Other,1,State Highway Agency,2,U.S. Highway,US-95 ODOT 456,,590,590,42.87828611,42.87828611,-117.392213900,-117.39221389,0,No Special Jurisdiction,12,Motor Vehicle In-Transport,6,Angle,0,No,1,Non-Junction,1,Not an Intersection,0,None,,,1,On Roadway,1,Daylight,1,Clear,0,No Additional Atmospheric Conditions,1,Clear,0,No,0000000,Not Applicable,12,12:00pm-12:59pm,19,19,13,1:00pm-1:59pm,17,17,99,Unknown,99,Unknown EMS Hospital Arrival Time,0,None,0,None,0,None,1,0
2018,41,410205,Oregon,1,1,0,0,0,1,1,47,MARION (47),0,NOT APPLICABLE,12,12,6,June,2018,3,Tuesday,17,5:00pm-5:59pm,20,20,0,This section IS NOT on the NHS,1,Rural,4,Minor Arterial,2,County Highway Agency,4,County Road,CR-CONTINENTAL DR SE,,0,None,44.81025556,44.81025556,-123.004813900,-123.00481389,0,No Special Jurisdiction,38,Fence,0,Not a Collision with Motor Vehicle In-Transport,0,No,1,Non-Junction,1,Not an Intersection,0,None,,,5,Outside Trafficway,1,Daylight,1,Clear,0,No Additional Atmospheric Conditions,1,Clear,0,No,0000000,Not Applicable,17,5:00pm-5:59pm,20,20,17,5:00pm-5:59pm,30,30,88,Not Applicable (Not Transported),88,Not Applicable (Not Transported),0,None,0,None,0,None,1,0
2018,41,410206,Oregon,1,1,0,1,1,1,1,29,JACKSON (29),1770,ROGUE RIVER,13,13,6,June,2018,4,Wednesday,10,10:00am-10:59am,54,54,0,This section IS NOT on the NHS,2,Urban,4,Minor Arterial,4,City or Municipal Highway Agency,6,Local Street - Municipality,WEST MAIN ST,,0,None,42.43407222,42.43407222,-123.170041700,-123.17004167,0,No Special Jurisdiction,8,Pedestrian,0,Not a Collision with Motor Vehicle In-Transport,0,No,1,Non-Junction,1,Not an Intersection,0,None,,,1,On Roadway,1,Daylight,1,Clear,0,No Additional Atmospheric Conditions,1,Clear,0,No,0000000,Not Applicable,10,10:00am-10:59am,59,59,11,11:00am-11:59am,6,6,11,11:00am-11:59am,37,37,0,None,0,None,0,None,1,0
2018,41,410207,Oregon,1,1,0,0,0,1,1,31,JEFFERSON (31),0,NOT APPLICABLE,24,24,6,June,2018,1,Sunday,3,3:00am-3:59am,54,54,1,This section IS ON the NHS,1,Rural,3,Principal Arterial - Other,1,State Highway Agency,2,U.S. Highway,US-26 ODOT 53,,1010,1010,44.77900000,44.77900000,-121.295850000,-121.295850000,0,No Special Jurisdiction,35,Embankment,0,Not a Collision with Motor Vehicle In-Transport,0,No,1,Non-Junction,1,Not an Intersection,0,None,,,4,On Roadside,2,Dark - Not Lighted,1,Clear,0,No Additional Atmospheric Conditions,1,Clear,0,No,0000000,Not Applicable,99,Unknown,99,Unknown,99,Unknown EMS Scene Arrival Hour,99,Unknown EMS Scene Arrival Minutes,88,Not Applicable (Not Transported),88,Not Applicable (Not Transported),0,None,0,None,0,None,1,0
2018,41,410208,Oregon,2,2,0,0,0,2,2,43,LINN (43),0,NOT APPLICABLE,4,4,7,July,2018,4,Wednesday,16,4:00pm-4:59pm,15,15,0,This section IS NOT on the NHS,1,Rural,5,Major Collector,2,County Highway Agency,4,County Road,CR-KINGWOOD AVE,,22,22,44.74461667,44.74461667,-122.432677800,-122.43267778,0,No Special Jurisdiction,12,Motor Vehicle In-Transport,2,Front-to-Front,0,No,1,Non-Junction,1,Not an Intersection,0,None,,,1,On Roadway,1,Daylight,10,Cloudy,0,No Additional Atmospheric Conditions,10,Cloudy,0,No,0000000,Not Applicable,16,4:00pm-4:59pm,14,14,16,4:00pm-4:59pm,20,20,88,Not Applicable (Not Transported),88,Not Applicable (Not Transported),0,None,0,None,0,None,1,1