caseyear,state,st_case,statename,ve_total,ve_forms,pvh_invl,peds,pernotmvit,permvit,persons,county,countyname,city,cityname,day,dayname,month,monthname,year,day_week,day_weekname,hour,hourname,minute,minutename,nhs,nhsname,rur_urb,rur_urbname,func_sys,func_sysname,rd_owner,rd_ownername,route,routename,tway_id,tway_id2,milept,mileptname,latitude,latitudename,longitud,longitudname,sp_jur,sp_jurname,harm_ev,harm_evname,man_coll,man_collname,reljct1,reljct1name,reljct2,reljct2name,typ_int,typ_intname,wrk_zone,wrk_zonename,road_fnc,road_fncname,rel_road,rel_roadname,lgt_cond,lgt_condname,weather1,weather1name,weather2,weather2name,weather,weathername,sch_bus,sch_busname,rail,railname,not_hour,not_hourname,not_min,not_minname,arr_hour,arr_hourname,arr_min,arr_minname,hosp_hr,hosp_hrname,hosp_mn,hosp_mnname,cf1,cf1name,cf2,cf2name,cf3,cf3name,fatals,drunk_dr
2019,41,410092,Oregon,1,1,0,0,0,1,1,43,LINN (43),0,NOT APPLICABLE,5,5,6,June,2019,4,Wednesday,20,8:00pm-8:59pm,30,30,0,This section IS NOT on the NHS,1,Rural,7,Local,2,County Highway Agency,4,County Road,CR-ROGERS MOUNTAIN LP,,7,7,44.70074167,44.70074167,-122.793788900,-122.79378889,0,No Special Jurisdiction,42,Tree (Standing Only),0,The First Harmful Event was Not a Collision with a Motor Vehicle in Transport,0,No,1,Non-Junction,1,Not an Intersection,0,None,,,4,On Roadside,1,Daylight,1,Clear,0,No Additional Atmospheric Conditions,1,Clear,0,No,0000000,Not Applicable,20,8:00pm-8:59pm,30,30,20,8:00pm-8:59pm,38,38,88,Not Applicable (Not Transported),88,Not Applicable (Not Transported),0,None,0,None,0,None,1,1
2019,41,410093,Oregon,2,2,0,0,0,2,2,51,MULTNOMAH (51),880,GRESHAM,12,12,6,June,2019,4,Wednesday,15,3:00pm-3:59pm,33,33,1,This section IS ON the NHS,2,Urban,3,Principal Arterial - Other,4,City or Municipal Highway Agency,6,Local Street - Municipality,NE BURNSIDE RD,,0,None,45.49969167,45.49969167,-122.411716700,-122.41171667,0,No Special Jurisdiction,12,Motor Vehicle In-Transport,6,Angle,0,No,8,Driveway Access Related,1,Not an Intersection,0,None,,,1,On Roadway,1,Daylight,1,Clear,0,No Additional Atmospheric Conditions,1,Clear,0,No,0000000,Not Applicable,15,3:00pm-3:59pm,42,42,15,3:00pm-3:59pm,46,46,88,Not Applicable (Not Transported),88,Not Applicable (Not Transported),0,None,0,None,0,None,1,0
2019,41,410094,Oregon,1,1,0,1,1,1,1,5,CLACKAMAS (5),1830,SANDY,3,3,3,March,2019,1,Sunday,2,2:00am-2:59am,12,12,1,This section IS ON the NHS,2,Urban,3,Principal Arterial - Other,1,State Highway Agency,3,State Highway,SR- 26 ODOT 26,,224,224,45.40574722,45.40574722,-122.293875000,-122.293875000,0,No Special Jurisdiction,8,Pedestrian,0,The First Harmful Event was Not a Collision with a Motor Vehicle in Transport,0,No,1,Non-Junction,1,Not an Intersection,0,None,,,1,On Roadway,2,Dark - Not Lighted,1,Clear,0,No Additional Atmospheric Conditions,1,Clear,0,No,0000000,Not Applicable,99,Unknown,99,Unknown,99,Unknown EMS Scene Arrival Hour,99,Unknown EMS Scene Arrival Minutes,88,Not Applicable (Not Transported),88,Not Applicable (Not Transported),0,None,0,None,0,None,1,0
2019,41,410095,Oregon,1,1,0,1,1,1,1,51,MULTNOMAH (51),1650,PORTLAND,4,4,1,January,2019,6,Friday,7,7:00am-7:59am,6,6,0,This section IS NOT on the NHS,2,Urban,5,Major Collector,4,City or Municipal Highway Agency,6,Local Street - Municipality,SW PARK AVE,,0,None,45.51759444,45.51759444,-122.681644400,-122.68164444,0,No Special Jurisdiction,8,Pedestrian,0,The First Harmful Event was Not a Collision with a Motor Vehicle in Transport,0,No,1,Non-Junction,1,Not an Intersection,0,None,,,1,On Roadway,3,Dark - Lighted,10,Cloudy,0,No Additional Atmospheric Conditions,10,Cloudy,0,No,0000000,Not Applicable,7,7:00am-7:59am,6,6,7,7:00am-7:59am,11,11,7,7:00am-7:59am,24,24,0,None,0,None,0,None,1,0
2019,41,410096,Oregon,1,1,0,1,1,1,1,51,MULTNOMAH (51),1650,PORTLAND,5,5,1,January,2019,7,Saturday,14,2:00pm-2:59pm,50,50,0,This section IS NOT on the NHS,2,Urban,4,Minor Arterial,4,City or Municipal Highway Agency,6,Local Street - Municipality,NE AIRPORT WAY,,0,None,45.55319722,45.55319722,-122.487708300,-122.48770833,0,No Special Jurisdiction,8,Pedestrian,0,The First Harmful Event was Not a Collision with a Motor Vehicle in Transport,0,No,1,Non-Junction,1,Not an Intersection,0,None,,,4,On Roadside,1,Daylight,10,Cloudy,0,No Additional Atmospheric Conditions,10,Cloudy,0,No,0000000,Not Applicable,99,Unknown,99,Unknown,99,Unknown EMS Scene Arrival Hour,99,Unknown EMS Scene Arrival Minutes,88,Not Applicable (Not Transported),88,Not Applicable (Not Transported),0,None,0,None,0,None,1,0
2019,41,410097,Oregon,1,1,0,0,0,1,1,47,MARION (47),0,NOT APPLICABLE,2,2,2,February,2019,7,Saturday,18,6:00pm-6:59pm,21,21,0,This section IS NOT on the NHS,1,Rural,6,Minor Collector,2,County Highway Agency,4,County Road,CR-CHAMPOEG RD NE,,28,28,45.24766944,45.24766944,-122.888480600,-122.88848056,0,No Special Jurisdiction,42,Tree (Standing Only),0,The First Harmful Event was Not a Collision with a Motor Vehicle in Transport,0,No,1,Non-Junction,1,Not an Intersection,0,None,,,4,On Roadside,2,Dark - Not Lighted,1,Clear,0,No Additional Atmospheric Conditions,1,Clear,0,No,0000000,Not Applicable,18,6:00pm-6:59pm,21,21,18,6:00pm-6:59pm,25,25,88,Not Applicable (Not Transported),88,Not Applicable (Not Transported),0,None,0,None,0,None,1,1
2019,41,410098,Oregon,2,2,0,0,0,4,4,11,COOS (11),0,NOT APPLICABLE,4,4,2,February,2019,2,Monday,9,9:00am-9:59am,41,41,1,This section IS ON the NHS,1,Rural,3,Principal Arterial - Other,1,State Highway Agency,2,U.S. Highway,US-101 ODOT 9,,2308,2308,43.47508889,43.47508889,-124.224088900,-124.22408889,0,No Special Jurisdiction,12,Motor Vehicle In-Transport,6,Angle,0,No,1,Non-Junction,1,Not an Intersection,0,None,,,1,On Roadway,1,Daylight,4,Snow,0,No Additional Atmospheric Conditions,4,Snow,0,No,0000000,Not Applicable,9,9:00am-9:59am,41,41,9,9:00am-9:59am,44,44,10,10:00am-10:59am,17,17,0,None,0,None,0,None,2,0
2019,41,410099,Oregon,1,1,0,0,0,1,1,15,CURRY (15),0,NOT APPLICABLE,4,4,2,February,2019,2,Monday,17,5:00pm-5:59pm,55,55,1,This section IS ON the NHS,1,Rural,3,Principal Arterial - Other,1,State Highway Agency,2,U.S. Highway,US-101 ODOT 9,,3448,3448,42.18733889,42.18733889,-124.362947200,-124.36294722,0,No Special Jurisdiction,42,Tree (Standing Only),0,The First Harmful Event was Not a Collision with a Motor Vehicle in Transport,0,No,1,Non-Junction,1,Not an Intersection,0,None,,,4,On Roadside,2,Dark - Not Lighted,10,Cloudy,0,No Additional Atmospheric Conditions,10,Cloudy,0,No,0000000,Not Applicable,18,6:00pm-6:59pm,5,5,18,6:00pm-6:59pm,25,25,88,Not Applicable (Not Transported),88,Not Applicable (Not Transported),0,None,0,None,0,None,1,0
2019,41,410100,Oregon,2,2,0,0,0,2,2,47,MARION (47),0,NOT APPLICABLE,8,8,2,February,2019,6,Friday,20,8:00pm-8:59pm,9,9,0,This section IS NOT on the NHS,1,Rural,4,Minor Arterial,2,County Highway Agency,4,County Road,CR-RIVER RD NE,,40,40,45.06360556,45.06360556,-122.981022200,-122.98102222,0,No Special Jurisdiction,12,Motor Vehicle In-Transport,2,Front-to-Front,0,No,1,Non-Junction,1,Not an Intersection,0,None,,,1,On Roadway,2,Dark - Not Lighted,2,Rain,0,No Additional Atmospheric Conditions,2,Rain,0,No,0000000,Not Applicable,20,8:00pm-8:59pm,9,9,20,8:00pm-8:59pm,18,18,20,8:00pm-8:59pm,50,50,0,None,0,None,0,None,1,0
2019,41,410101,Oregon,1,1,0,0,0,1,1,67,WASHINGTON (67),0,NOT APPLICABLE,15,15,2,February,2019,6,Friday,18,6:00pm-6:59pm,0,0,0,This section IS NOT on the NHS,2,Urban,5,Major Collector,2,County Highway Agency,4,County Road,CR-NW BRONSON RD,,0,None,45.53627222,45.53627222,-122.851502800,-122.85150278,0,No Special Jurisdiction,42,Tree (Standing Only),0,The First Harmful Event was Not a Collision with a Motor Vehicle in Transport,0,No,1,Non-Junction,1,Not an Intersection,0,None,,,4,On Roadside,2,Dark - Not Lighted,2,Rain,0,No Additional Atmospheric Conditions,2,Rain,0,No,0000000,Not Applicable,18,6:00pm-6:59pm,0,0,18,6:00pm-6:59pm,8,8,18,6:00pm-6:59pm,39,39,0,None,0,None,0,None,1,0
2019,41,410102,Oregon,1,1,0,2,2,1,1,63,WALLOWA (63),640,ENTERPRISE,15,15,2,February,2019,6,Friday,17,5:00pm-5:59pm,35,35,1,This section IS ON the NHS,1,Rural,3,Principal Arterial - Other,1,State Highway Agency,3,State Highway,SR-82 ODOT 10,NW HOLMES ST,646,646,45.42699722,45.42699722,-117.285166700,-117.28516667,0,No Special Jurisdiction,8,Pedestrian,0,The First Harmful Event was Not a Collision with a Motor Vehicle in Transport,0,No,3,Intersection-Related,2,Four-Way Intersection,0,None,,,1,On Roadway,3,Dark - Lighted,2,Rain,0,No Additional Atmospheric Conditions,2,Rain,0,No,0000000,Not Applicable,17,5:00pm-5:59pm,35,35,17,5:00pm-5:59pm,40,40,18,6:00pm-6:59pm,3,3,0,None,0,None,0,None,1,0
2019,41,410103,Oregon,1,1,0,0,0,1,1,43,LINN (43),20,ALBANY,20,20,2,February,2019,4,Wednesday,18,6:00pm-6:59pm,31,31,0,This section IS NOT on the NHS,2,Urban,4,Minor Arterial,4,City or Municipal Highway Agency,6,Local Street - Municipality,34TH AVE SW,,0,None,44.61022778,44.61022778,-123.100811100,-123.10081111,0,No Special Jurisdiction,42,Tree (Standing Only),0,The First Harmful Event was Not a Collision with a Motor Vehicle in Transport,0,No,1,Non-Junction,1,Not an Intersection,0,None,,,4,On Roadside,3,Dark - Lighted,2,Rain,0,No Additional Atmospheric Conditions,2,Rain,0,No,0000000,Not Applicable,18,6:00pm-6:59pm,32,32,18,6:00pm-6:59pm,33,33,18,6:00pm-6:59pm,52,52,0,None,0,None,0,None,1,0
2019,41,410104,Oregon,2,2,0,0,0,2,2,51,MULTNOMAH (51),880,GRESHAM,16,16,3,March,2019,7,Saturday,23,11:00pm-11:59pm,41,41,1,This section IS ON the NHS,2,Urban,3,Principal Arterial - Other,4,City or Municipal Highway Agency,6,Local Street - Municipality,NE HOGAN DR,,0,None,45.50500833,45.50500833,-122.413930600,-122.41393056,0,No Special Jurisdiction,12,Motor Vehicle In-Transport,6,Angle,0,No,8,Driveway Access Related,1,Not an Intersection,0,None,,,1,On Roadway,3,Dark - Lighted,1,Clear,0,No Additional Atmospheric Conditions,1,Clear,0,No,0000000,Not Applicable,99,Unknown,99,Unknown,99,Unknown EMS Scene Arrival Hour,99,Unknown EMS Scene Arrival Minutes,88,Not Applicable (Not Transported),88,Not Applicable (Not Transported),0,None,0,None,0,None,1,0
2019,41,410105,Oregon,1,1,0,0,0,3,3,47,MARION (47),0,NOT APPLICABLE,21,21,3,March,2019,5,Thursday,18,6:00pm-6:59pm,26,26,0,This section IS NOT on the NHS,1,Rural,7,Local,2,County Highway Agency,4,County Road,CR-HOCHSPEIER RD SE,,1,1,44.79076111,44.79076111,-123.031913900,-123.03191389,0,No Special Jurisdiction,1,Rollover/Overturn,0,The First Harmful Event was Not a Collision with a Motor Vehicle in Transport,0,No,1,Non-Junction,1,Not an Intersection,0,None,,,4,On Roadside,1,Daylight,10,Cloudy,0,No Additional Atmospheric Conditions,10,Cloudy,0,No,0000000,Not Applicable,18,6:00pm-6:59pm,34,34,18,6:00pm-6:59pm,43,43,19,7:00pm-7:59pm,18,18,20,Police Pursuit Involved,0,None,0,None,1,0
2019,41,410106,Oregon,2,2,0,0,0,3,3,51,MULTNOMAH (51),1650,PORTLAND,22,22,5,May,2019,4,Wednesday,8,8:00am-8:59am,41,41,1,This section IS ON the NHS,2,Urban,4,Minor Arterial,4,City or Municipal Highway Agency,6,Local Street - Municipality,N GREELEY AVE,,0,None,45.55041944,45.55041944,-122.688041700,-122.68804167,0,No Special Jurisdiction,12,Motor Vehicle In-Transport,6,Angle,0,No,1,Non-Junction,1,Not an Intersection,0,None,,,1,On Roadway,1,Daylight,1,Clear,0,No Additional Atmospheric Conditions,1,Clear,0,No,0000000,Not Applicable,8,8:00am-8:59am,43,43,8,8:00am-8:59am,46,46,88,Not Applicable (Not Transported),88,Not Applicable (Not Transported),0,None,0,None,0,None,2,0
2019,41,410107,Oregon,1,1,0,0,0,1,1,67,WASHINGTON (67),0,NOT APPLICABLE,24,24,1,January,2019,5,Thursday,14,2:00pm-2:59pm,0,0,1,This section IS ON the NHS,1,Rural,2,Principal Arterial - Other Freeways and Expressways,1,State Highway Agency,2,U.S. Highway,US-26 ODOT 47,,408,408,45.73116667,45.73116667,-123.253319400,-123.25331944,0,No Special Jurisdiction,39,Wall,0,The First Harmful Event was Not a Collision with a Motor Vehicle in Transport,0,No,1,Non-Junction,1,Not an Intersection,0,None,,,4,On Roadside,1,Daylight,10,Cloudy,0,No Additional Atmospheric Conditions,10,Cloudy,0,No,0000000,Not Applicable,14,2:00pm-2:59pm,1,1,14,2:00pm-2:59pm,10,10,88,Not Applicable (Not Transported),88,Not Applicable (Not Transported),0,None,0,None,0,None,1,0
2019,41,410108,Oregon,2,2,0,0,0,3,3,19,DOUGLAS (19),2020,SUTHERLIN,23,23,1,January,2019,4,Wednesday,18,6:00pm-6:59pm,53,53,1,This section IS ON the NHS,2,Urban,1,Interstate,1,State Highway Agency,1,Interstate,I-5,,1363,1363,43.38470556,43.38470556,-123.337888900,-123.33788889,0,No Special Jurisdiction,12,Motor Vehicle In-Transport,1,Front-to-Rear,0,No,1,Non-Junction,1,Not an Intersection,0,None,,,1,On Roadway,3,Dark - Lighted,10,Cloudy,0,No Additional Atmospheric Conditions,10,Cloudy,0,No,0000000,Not Applicable,18,6:00pm-6:59pm,53,53,18,6:00pm-6:59pm,55,55,19,7:00pm-7:59pm,34,34,0,None,0,None,0,None,1,1
2019,41,410109,Oregon,1,1,0,0,0,2,2,19,DOUGLAS (19),0,NOT APPLICABLE,19,19,1,January,2019,7,Saturday,22,10:00pm-10:59pm,20,20,1,This section IS ON the NHS,1,Rural,3,Principal Arterial - Other,1,State Highway Agency,3,State Highway,SR-42 ODOT 35,,654,654,43.10321111,43.10321111,-123.546880600,-123.54688056,0,No Special Jurisdiction,30,Utility Pole/Light Support,0,The First Harmful Event was Not a Collision with a Motor Vehicle in Transport,0,No,1,Non-Junction,1,Not an Intersection,0,None,,,4,On Roadside,2,Dark - Not Lighted,2,Rain,0,No Additional Atmospheric Conditions,2,Rain,0,No,0000000,Not Applicable,22,10:00pm-10:59pm,26,26,22,10:00pm-10:59pm,35,35,23,11:00pm-11:59pm,0,0,0,None,0,None,0,None,1,1
2019,41,410110,Oregon,1,1,0,1,1,1,1,51,MULTNOMAH (51),0,NOT APPLICABLE,12,12,1,January,2019,7,Saturday,13,1:00pm-1:59pm,36,36,1,This section IS ON the NHS,2,Urban,3,Principal Arterial - Other,1,State Highway Agency,2,U.S. Highway,US-30 ODOT 92,,172,172,45.70573889,45.70573889,-122.872233300,-122.87223333,0,No Special Jurisdiction,9,Pedalcyclist,0,The First Harmful Event was Not a Collision with a Motor Vehicle in Transport,0,No,1,Non-Junction,1,Not an Intersection,0,None,,,1,On Roadway,8,Not Reported,1,Clear,0,No Additional Atmospheric Conditions,1,Clear,0,No,0000000,Not Applicable,13,1:00pm-1:59pm,36,36,13,1:00pm-1:59pm,47,47,88,Not Applicable (Not Transported),88,Not Applicable (Not Transported),0,None,0,None,0,None,1,0
2019,41,410111,Oregon,3,3,0,0,0,6,6,51,MULTNOMAH (51),1650,PORTLAND,12,12,1,January,2019,7,Saturday,17,5:00pm-5:59pm,25,25,1,This section IS ON the NHS,2,Urban,1,Interstate,1,State Highway Agency,1,Interstate,I-5,,3052,3052,45.57434444,45.57434444,-122.678541700,-122.67854167,0,No Special Jurisdiction,12,Motor Vehicle In-Transport,1,Front-to-Rear,0,No,1,Non-Junction,1,Not an Intersection,0,None,,,1,On Roadway,3,Dark - Lighted,1,Clear,0,No Additional Atmospheric Conditions,1,Clear,0,No,0000000,Not Applicable,17,5:00pm-5:59pm,30,30,17,5:00pm-5:59pm,39,39,18,6:00pm-6:59pm,5,5,0,None,0,None,0,None,1,0
2019,41,410112,Oregon,1,1,0,0,0,1,1,3,BENTON (3),0,NOT APPLICABLE,21,21,1,January,2019,2,Monday,7,7:00am-7:59am,30,30,1,This section IS ON the NHS,2,Urban,3,Principal Arterial - Other,1,State Highway Agency,3,State Highway,SR-20 ODOT 31,,14,14,44.57965000,44.57965000,-123.240225000,-123.240225000,0,No Special Jurisdiction,42,Tree (Standing Only),0,The First Harmful Event was Not a Collision with a Motor Vehicle in Transport,0,No,1,Non-Junction,1,Not an Intersection,0,None,,,5,Outside Trafficway,1,Daylight,5,"Fog, Smog, Smoke",0,No Additional Atmospheric Conditions,5,"Fog, Smog, Smoke",0,No,0000000,Not Applicable,7,7:00am-7:59am,32,32,7,7:00am-7:59am,35,35,88,Not Applicable (Not Transported),88,Not Applicable (Not Transported),0,None,0,None,0,None,1,0
2019,41,410113,Oregon,3,3,0,0,0,7,7,19,DOUGLAS (19),0,NOT APPLICABLE,4,4,2,February,2019,2,Monday,15,3:00pm-3:59pm,31,31,1,This section IS ON the NHS,2,Urban,3,Principal Arterial - Other,1,State Highway Agency,3,State Highway,SR-42 ODOT 35,,760,760,43.14772778,43.14772778,-123.375716700,-123.37571667,0,No Special Jurisdiction,12,Motor Vehicle In-Transport,1,Front-to-Rear,0,No,1,Non-Junction,1,Not an Intersection,0,None,,,1,On Roadway,1,Daylight,10,Cloudy,0,No Additional Atmospheric Conditions,10,Cloudy,0,No,0000000,Not Applicable,15,3:00pm-3:59pm,29,29,15,3:00pm-3:59pm,49,49,16,4:00pm-4:59pm,15,15,0,None,0,None,0,None,1,0
2019,41,410114,Oregon,1,1,0,1,1,1,1,67,WASHINGTON (67),0,NOT APPLICABLE,11,11,2,February,2019,2,Monday,20,8:00pm-8:59pm,58,58,1,This section IS ON the NHS,2,Urban,3,Principal Arterial - Other,1,State Highway Agency,3,State Highway,SR-8 ODOT 29,SW 178TH AVE,62,62,45.49314167,45.49314167,-122.860419400,-122.86041944,0,No Special Jurisdiction,8,Pedestrian,0,The First Harmful Event was Not a Collision with a Motor Vehicle in Transport,0,No,3,Intersection-Related,3,T-Intersection,0,None,,,1,On Roadway,3,Dark - Lighted,2,Rain,0,No Additional Atmospheric Conditions,2,Rain,0,No,0000000,Not Applicable,99,Unknown,99,Unknown,99,Unknown EMS Scene Arrival Hour,99,Unknown EMS Scene Arrival Minutes,99,Unknown,99,Unknown EMS Hospital Arrival Time,0,None,0,None,0,None,1,0
2019,41,410115,Oregon,2,2,0,0,0,2,2,59,UMATILLA (59),0,NOT APPLICABLE,22,22,2,February,2019,6,Friday,18,6:00pm-6:59pm,58,58,1,This section IS ON the NHS,1,Rural,3,Principal Arterial - Other,1,State Highway Agency,3,State Highway,SR-11 ODOT 8,,204,204,45.83679444,45.83679444,-118.419816700,-118.41981667,0,No Special Jurisdiction,12,Motor Vehicle In-Transport,2,Front-to-Front,0,No,1,Non-Junction,1,Not an Intersection,0,None,,,1,On Roadway,3,Dark - Lighted,6,Severe Crosswinds,0,No Additional Atmospheric Conditions,6,Severe Crosswinds,0,No,0000000,Not Applicable,19,7:00pm-7:59pm,1,1,19,7:00pm-7:59pm,9,9,88,Not Applicable (Not Transported),88,Not Applicable (Not Transported),20,Police Pursuit Involved,0,None,0,None,1,1
2019,41,410116,Oregon,1,1,0,0,0,5,5,67,WASHINGTON (67),0,NOT APPLICABLE,23,23,2,February,2019,7,Saturday,7,7:00am-7:59am,4,4,0,This section IS NOT on the NHS,1,Rural,4,Minor Arterial,1,State Highway Agency,3,State Highway,SR-6 ODOT 37,,414,414,45.61908889,45.61908889,-123.255508300,-123.25550833,0,No Special Jurisdiction,42,Tree (Standing Only),0,The First Harmful Event was Not a Collision with a Motor Vehicle in Transport,0,No,1,Non-Junction,1,Not an Intersection,0,None,,,4,On Roadside,1,Daylight,10,Cloudy,0,No Additional Atmospheric Conditions,10,Cloudy,0,No,0000000,Not Applicable,7,7:00am-7:59am,22,22,7,7:00am-7:59am,38,38,8,8:00am-8:59am,54,54,0,None,0,None,0,None,1,0
2019,41,410117,Oregon,2,2,0,0,0,2,2,43,LINN (43),0,NOT APPLICABLE,7,7,3,March,2019,5,Thursday,5,5:00am-5:59am,44,44,1,This section IS ON the NHS,1,Rural,3,Principal Arterial - Other,1,State Highway Agency,3,State Highway,SR-34 ODOT 210,,60,60,44.56122500,44.56122500,-123.140522200,-123.14052222,0,No Special Jurisdiction,12,Motor Vehicle In-Transport,8,Sideswipe - Opposite Direction,0,No,1,Non-Junction,1,Not an Intersection,0,None,,,1,On Roadway,3,Dark - Lighted,10,Cloudy,0,No Additional Atmospheric Conditions,10,Cloudy,0,No,0000000,Not Applicable,99,Unknown,99,Unknown,99,Unknown EMS Scene Arrival Hour,99,Unknown EMS Scene Arrival Minutes,99,Unknown,99,Unknown EMS Hospital Arrival Time,0,None,0,None,0,None,1,1
2019,41,410118,Oregon,1,1,0,1,1,1,1,67,WASHINGTON (67),0,NOT APPLICABLE,9,9,3,March,2019,7,Saturday,18,6:00pm-6:59pm,50,50,1,This section IS ON the NHS,2,Urban,3,Principal Arterial - Other,1,State Highway Agency,3,State Highway,SR-8 ODOT 29,,148,148,45.51995278,45.51995278,-123.020869400,-123.02086944,0,No Special Jurisdiction,8,Pedestrian,0,The First Harmful Event was Not a Collision with a Motor Vehicle in Transport,0,No,1,Non-Junction,1,Not an Intersection,0,None,,,1,On Roadway,1,Daylight,98,Not Reported,0,No Additional Atmospheric Conditions,98,Not Reported,0,No,0000000,Not Applicable,19,7:00pm-7:59pm,51,51,19,7:00pm-7:59pm,51,51,20,8:00pm-8:59pm,25,25,0,None,0,None,0,None,1,0
2019,41,410119,Oregon,1,1,0,1,1,1,1,47,MARION (47),1168,KEIZER,12,12,3,March,2019,3,Tuesday,15,3:00pm-3:59pm,5,5,0,This section IS NOT on the NHS,2,Urban,4,Minor Arterial,4,City or Municipal Highway Agency,6,Local Street - Municipality,CHEMAWA RD NE,,0,None,44.99689167,44.99689167,-123.026227800,-123.02622778,0,No Special Jurisdiction,8,Pedestrian,0,The First Harmful Event was Not a Collision with a Motor Vehicle in Transport,0,No,4,Driveway Access,1,Not an Intersection,0,None,,,1,On Roadway,1,Daylight,10,Cloudy,0,No Additional Atmospheric Conditions,10,Cloudy,0,No,0000000,Not Applicable,15,3:00pm-3:59pm,5,5,15,3:00pm-3:59pm,8,8,15,3:00pm-3:59pm,28,28,0,None,0,None,0,None,1,0
2019,41,410120,Oregon,2,2,0,0,0,3,3,53,POLK (53),0,NOT APPLICABLE,16,16,3,March,2019,7,Saturday,8,8:00am-8:59am,40,40,0,This section IS NOT on the NHS,1,Rural,4,Minor Arterial,1,State Highway Agency,3,State Highway,SR-99 ODOT 91,CR-SUVER RD,706,706,44.74407778,44.74407778,-123.223061100,-123.22306111,0,No Special Jurisdiction,12,Motor Vehicle In-Transport,6,Angle,0,No,2,Intersection,2,Four-Way Intersection,0,None,,,1,On Roadway,1,Daylight,1,Clear,0,No Additional Atmospheric Conditions,1,Clear,0,No,0000000,Not Applicable,10,10:00am-10:59am,39,39,10,10:00am-10:59am,50,50,99,Unknown,99,Unknown EMS Hospital Arrival Time,0,None,0,None,0,None,1,1
2019,41,410121,Oregon,1,1,0,0,0,1,1,33,JOSEPHINE (33),0,NOT APPLICABLE,23,23,3,March,2019,7,Saturday,99,Unknown Hours,99,Unknown Minutes,0,This section IS NOT on the NHS,1,Rural,7,Local,2,County Highway Agency,4,County Road,CR-KINCAID RD,,19,19,42.21607500,42.21607500,-123.278925000,-123.278925000,0,No Special Jurisdiction,42,Tree (Standing Only),0,The First Harmful Event was Not a Collision with a Motor Vehicle in Transport,0,No,1,Non-Junction,1,Not an Intersection,0,None,,,4,On Roadside,2,Dark - Not Lighted,98,Not Reported,0,No Additional Atmospheric Conditions,98,Not Reported,0,No,0000000,Not Applicable,8,8:00am-8:59am,18,18,8,8:00am-8:59am,35,35,88,Not Applicable (Not Transported),88,Not Applicable (Not Transported),0,None,0,None,0,None,1,1
2019,41,410122,Oregon,2,2,0,0,0,2,2,29,JACKSON (29),0,NOT APPLICABLE,26,26,3,March,2019,3,Tuesday,14,2:00pm-2:59pm,22,22,0,This section IS NOT on the NHS,2,Urban,5,Major Collector,4,City or Municipal Highway Agency,6,Local Street - Municipality,AVE G,,19,19,42.43688611,42.43688611,-122.847111100,-122.84711111,0,No Special Jurisdiction,12,Motor Vehicle In-Transport,6,Angle,0,No,8,Driveway Access Related,1,Not an Intersection,0,None,,,1,On Roadway,1,Daylight,1,Clear,0,No Additional Atmospheric Conditions,1,Clear,0,No,0000000,Not Applicable,14,2:00pm-2:59pm,23,23,14,2:00pm-2:59pm,28,28,15,3:00pm-3:59pm,0,0,0,None,0,None,0,None,1,1
2019,41,410123,Oregon,2,2,0,0,0,3,3,67,WASHINGTON (67),0,NOT APPLICABLE,30,30,3,March,2019,7,Saturday,15,3:00pm-3:59pm,45,45,1,This section IS ON the NHS,2,Urban,3,Principal Arterial - Other,1,State Highway Agency,3,State Highway,SR-99 ODOT 91,,139,139,45.38026389,45.38026389,-122.831366700,-122.83136667,0,No Special Jurisdiction,12,Motor Vehicle In-Transport,7,Sideswipe - Same Direction,0,No,8,Driveway Access Related,1,Not an Intersection,0,None,,,1,On Roadway,1,Daylight,1,Clear,0,No Additional Atmospheric Conditions,1,Clear,0,No,0000000,Not Applicable,15,3:00pm-3:59pm,45,45,15,3:00pm-3:59pm,50,50,16,4:00pm-4:59pm,27,27,0,None,0,None,0,None,1,1
2019,41,410124,Oregon,1,1,0,0,0,1,1,29,JACKSON (29),0,NOT APPLICABLE,7,7,4,April,2019,1,Sunday,0,0:00am-0:59am,30,30,0,This section IS NOT on the NHS,1,Rural,6,Minor Collector,2,County Highway Agency,4,County Road,CR-ANTIOCH RD,,18,18,42.49276111,42.49276111,-122.894166700,-122.89416667,0,No Special Jurisdiction,34,Ditch,0,The First Harmful Event was Not a Collision with a Motor Vehicle in Transport,0,No,1,Non-Junction,1,Not an Intersection,0,None,,,4,On Roadside,2,Dark - Not Lighted,1,Clear,0,No Additional Atmospheric Conditions,1,Clear,0,No,0000000,Not Applicable,6,6:00am-6:59am,42,42,6,6:00am-6:59am,53,53,88,Not Applicable (Not Transported),88,Not Applicable (Not Transported),0,None,0,None,0,None,1,1