caseyear,state,st_case,statename,ve_total,ve_forms,pvh_invl,peds,pernotmvit,permvit,persons,county,countyname,city,cityname,day,dayname,month,monthname,year,day_week,day_weekname,hour,hourname,minute,minutename,nhs,nhsname,rur_urb,rur_urbname,func_sys,func_sysname,rd_owner,rd_ownername,route,routename,tway_id,tway_id2,milept,mileptname,latitude,latitudename,longitud,longitudname,sp_jur,sp_jurname,harm_ev,harm_evname,man_coll,man_collname,reljct1,reljct1name,reljct2,reljct2name,typ_int,typ_intname,wrk_zone,wrk_zonename,road_fnc,road_fncname,rel_road,rel_roadname,lgt_cond,lgt_condname,weather1,weather1name,weather2,weather2name,weather,weathername,sch_bus,sch_busname,rail,railname,not_hour,not_hourname,not_min,not_minname,arr_hour,arr_hourname,arr_min,arr_minname,hosp_hr,hosp_hrname,hosp_mn,hosp_mnname,cf1,cf1name,cf2,cf2name,cf3,cf3name,fatals,drunk_dr
2019,41,410125,Oregon,2,2,0,0,0,2,2,51,MULTNOMAH (51),1650,PORTLAND,10,10,4,April,2019,4,Wednesday,15,3:00pm-3:59pm,16,16,1,This section IS ON the NHS,2,Urban,1,Interstate,1,State Highway Agency,1,Interstate,I-5 ROSS ISLAND BRIDGE RAMP,,3,3,45.49967222,45.49967222,-122.672861100,-122.67286111,0,No Special Jurisdiction,25,Concrete Traffic Barrier,0,The First Harmful Event was Not a Collision with a Motor Vehicle in Transport,1,Yes,19,Other location within Interchange Area,1,Not an Intersection,0,None,,,4,On Roadside,1,Daylight,10,Cloudy,0,No Additional Atmospheric Conditions,10,Cloudy,0,No,0000000,Not Applicable,15,3:00pm-3:59pm,18,18,15,3:00pm-3:59pm,23,23,15,3:00pm-3:59pm,51,51,0,None,0,None,0,None,1,0
2019,41,410126,Oregon,1,1,0,1,1,1,1,51,MULTNOMAH (51),1650,PORTLAND,10,10,4,April,2019,4,Wednesday,22,10:00pm-10:59pm,20,20,1,This section IS ON the NHS,2,Urban,5,Major Collector,4,City or Municipal Highway Agency,6,Local Street - Municipality,N FESSEDEN ST,N POLK AVE,0,None,45.59513056,45.59513056,-122.742175000,-122.742175000,0,No Special Jurisdiction,8,Pedestrian,0,The First Harmful Event was Not a Collision with a Motor Vehicle in Transport,0,No,3,Intersection-Related,2,Four-Way Intersection,0,None,,,1,On Roadway,3,Dark - Lighted,2,Rain,10,Cloudy,2,Rain,0,No,0000000,Not Applicable,99,Unknown,98,Unknown if Notified,99,Unknown EMS Scene Arrival Hour,98,Unknown if Arrived,88,Not Applicable (Not Transported),88,Not Applicable (Not Transported),0,None,0,None,0,None,1,0
2019,41,410127,Oregon,1,1,0,1,1,1,1,5,CLACKAMAS (5),1197,LAKE OSWEGO,10,10,4,April,2019,4,Wednesday,15,3:00pm-3:59pm,0,0,0,This section IS NOT on the NHS,2,Urban,6,Minor Collector,4,City or Municipal Highway Agency,6,Local Street - Municipality,FERNWOOD DR,,0,None,45.40353056,45.40353056,-122.698455600,-122.69845556,0,No Special Jurisdiction,8,Pedestrian,0,The First Harmful Event was Not a Collision with a Motor Vehicle in Transport,0,No,1,Non-Junction,1,Not an Intersection,0,None,,,1,On Roadway,1,Daylight,2,Rain,0,No Additional Atmospheric Conditions,2,Rain,0,No,0000000,Not Applicable,15,3:00pm-3:59pm,0,0,15,3:00pm-3:59pm,4,4,99,Unknown,99,Unknown EMS Hospital Arrival Time,0,None,0,None,0,None,1,0
2019,41,410128,Oregon,1,1,0,0,0,2,2,51,MULTNOMAH (51),1650,PORTLAND,11,11,4,April,2019,5,Thursday,1,1:00am-1:59am,36,36,0,This section IS NOT on the NHS,2,Urban,4,Minor Arterial,4,City or Municipal Highway Agency,6,Local Street - Municipality,SE FOSTER RD,,0,None,45.47686667,45.47686667,-122.525280600,-122.52528056,0,No Special Jurisdiction,42,Tree (Standing Only),0,The First Harmful Event was Not a Collision with a Motor Vehicle in Transport,0,No,1,Non-Junction,1,Not an Intersection,0,None,,,4,On Roadside,3,Dark - Lighted,2,Rain,10,Cloudy,2,Rain,0,No,0000000,Not Applicable,1,1:00am-1:59am,37,37,1,1:00am-1:59am,37,37,2,2:00am-2:59am,18,18,0,None,0,None,0,None,1,1
2019,41,410129,Oregon,1,1,0,0,0,2,2,35,KLAMATH (35),0,NOT APPLICABLE,12,12,4,April,2019,6,Friday,1,1:00am-1:59am,23,23,0,This section IS NOT on the NHS,2,Urban,5,Major Collector,4,City or Municipal Highway Agency,4,County Road,CR-LAKE SHORE DR,,20,20,42.23932222,42.23932222,-121.830613900,-121.83061389,0,No Special Jurisdiction,42,Tree (Standing Only),0,The First Harmful Event was Not a Collision with a Motor Vehicle in Transport,0,No,1,Non-Junction,1,Not an Intersection,0,None,,,4,On Roadside,2,Dark - Not Lighted,1,Clear,0,No Additional Atmospheric Conditions,1,Clear,0,No,0000000,Not Applicable,1,1:00am-1:59am,23,23,1,1:00am-1:59am,31,31,1,1:00am-1:59am,48,48,0,None,0,None,0,None,1,1
2019,41,410130,Oregon,1,1,0,0,0,1,1,71,YAMHILL (71),0,NOT APPLICABLE,18,18,4,April,2019,5,Thursday,19,7:00pm-7:59pm,55,55,0,This section IS NOT on the NHS,1,Rural,7,Local,2,County Highway Agency,4,County Road,CR-EAGLE POINT RD,,20,20,45.16945000,45.16945000,-123.312172200,-123.31217222,0,No Special Jurisdiction,35,Embankment,0,The First Harmful Event was Not a Collision with a Motor Vehicle in Transport,0,No,1,Non-Junction,1,Not an Intersection,0,None,,,4,On Roadside,5,Dusk,1,Clear,0,No Additional Atmospheric Conditions,1,Clear,0,No,0000000,Not Applicable,19,7:00pm-7:59pm,55,55,20,8:00pm-8:59pm,6,6,88,Not Applicable (Not Transported),88,Not Applicable (Not Transported),0,None,0,None,0,None,1,1
2019,41,410131,Oregon,2,2,0,0,0,2,2,3,BENTON (3),0,NOT APPLICABLE,3,3,5,May,2019,6,Friday,8,8:00am-8:59am,4,4,1,This section IS ON the NHS,1,Rural,3,Principal Arterial - Other,1,State Highway Agency,2,U.S. Highway,US-20 ODOT 33,,445,445,44.59409167,44.59409167,-123.440461100,-123.44046111,0,No Special Jurisdiction,12,Motor Vehicle In-Transport,2,Front-to-Front,0,No,1,Non-Junction,1,Not an Intersection,0,None,,,1,On Roadway,1,Daylight,1,Clear,0,No Additional Atmospheric Conditions,1,Clear,0,No,0000000,Not Applicable,8,8:00am-8:59am,6,6,8,8:00am-8:59am,12,12,88,Not Applicable (Not Transported),88,Not Applicable (Not Transported),0,None,0,None,0,None,1,0
2019,41,410132,Oregon,2,2,0,0,0,2,2,51,MULTNOMAH (51),1650,PORTLAND,3,3,5,May,2019,6,Friday,14,2:00pm-2:59pm,51,51,0,This section IS NOT on the NHS,2,Urban,4,Minor Arterial,4,City or Municipal Highway Agency,6,Local Street - Municipality,E BURNSIDE ST,SE 17TH AVE,0,None,45.52291389,45.52291389,-122.648516700,-122.64851667,0,No Special Jurisdiction,12,Motor Vehicle In-Transport,2,Front-to-Front,0,No,2,Intersection,2,Four-Way Intersection,0,None,,,1,On Roadway,1,Daylight,1,Clear,0,No Additional Atmospheric Conditions,1,Clear,0,No,0000000,Not Applicable,14,2:00pm-2:59pm,51,51,14,2:00pm-2:59pm,54,54,15,3:00pm-3:59pm,17,17,0,None,0,None,0,None,1,0
2019,41,410134,Oregon,2,1,1,2,2,1,1,53,POLK (53),0,NOT APPLICABLE,12,12,5,May,2019,1,Sunday,23,11:00pm-11:59pm,15,15,0,This section IS NOT on the NHS,1,Rural,5,Major Collector,2,County Highway Agency,4,County Road,CR-CORVALLIS RD,,16,16,44.82438333,44.82438333,-123.188455600,-123.18845556,0,No Special Jurisdiction,8,Pedestrian,0,The First Harmful Event was Not a Collision with a Motor Vehicle in Transport,0,No,1,Non-Junction,1,Not an Intersection,0,None,,,1,On Roadway,2,Dark - Not Lighted,1,Clear,0,No Additional Atmospheric Conditions,1,Clear,0,No,0000000,Not Applicable,23,11:00pm-11:59pm,29,29,23,11:00pm-11:59pm,37,37,0,0:00am-0:59am,9,9,23,Indication of a Stalled/Disabled Vehicle,0,None,0,None,1,0
2019,41,410136,Oregon,2,2,0,0,0,4,4,33,JOSEPHINE (33),0,NOT APPLICABLE,1,1,6,June,2019,7,Saturday,20,8:00pm-8:59pm,35,35,1,This section IS ON the NHS,1,Rural,3,Principal Arterial - Other,1,State Highway Agency,2,U.S. Highway,US-199 ODOT 25,,218,218,42.28501111,42.28501111,-123.613905600,-123.61390556,0,No Special Jurisdiction,12,Motor Vehicle In-Transport,2,Front-to-Front,0,No,1,Non-Junction,1,Not an Intersection,0,None,,,1,On Roadway,5,Dusk,1,Clear,0,No Additional Atmospheric Conditions,1,Clear,0,No,0000000,Not Applicable,20,8:00pm-8:59pm,38,38,20,8:00pm-8:59pm,41,41,22,10:00pm-10:59pm,7,7,0,None,0,None,0,None,1,1
2019,41,410137,Oregon,1,1,0,0,0,1,1,33,JOSEPHINE (33),0,NOT APPLICABLE,1,1,6,June,2019,7,Saturday,3,3:00am-3:59am,19,19,0,This section IS NOT on the NHS,1,Rural,7,Local,2,County Highway Agency,4,County Road,CR-W PICKETT CREEK RD,,8,8,42.49966667,42.49966667,-123.507958300,-123.50795833,0,No Special Jurisdiction,1,Rollover/Overturn,0,The First Harmful Event was Not a Collision with a Motor Vehicle in Transport,0,No,1,Non-Junction,1,Not an Intersection,0,None,,,4,On Roadside,2,Dark - Not Lighted,1,Clear,0,No Additional Atmospheric Conditions,1,Clear,0,No,0000000,Not Applicable,3,3:00am-3:59am,19,19,3,3:00am-3:59am,30,30,99,Unknown,99,Unknown EMS Hospital Arrival Time,0,None,0,None,0,None,1,0
2019,41,410138,Oregon,1,1,0,0,0,3,3,49,MORROW (49),0,NOT APPLICABLE,2,2,6,June,2019,1,Sunday,2,2:00am-2:59am,58,58,1,This section IS ON the NHS,1,Rural,1,Interstate,1,State Highway Agency,1,Interstate,I-84,,1750,1750,45.81599444,45.81599444,-119.514383300,-119.51438333,0,No Special Jurisdiction,1,Rollover/Overturn,0,The First Harmful Event was Not a Collision with a Motor Vehicle in Transport,0,No,1,Non-Junction,1,Not an Intersection,0,None,,,4,On Roadside,2,Dark - Not Lighted,1,Clear,0,No Additional Atmospheric Conditions,1,Clear,0,No,0000000,Not Applicable,3,3:00am-3:59am,0,0,3,3:00am-3:59am,17,17,3,3:00am-3:59am,44,44,0,None,0,None,0,None,1,1
2019,41,410139,Oregon,2,2,0,0,0,6,6,41,LINCOLN (41),0,NOT APPLICABLE,2,2,6,June,2019,1,Sunday,15,3:00pm-3:59pm,50,50,1,This section IS ON the NHS,1,Rural,3,Principal Arterial - Other,1,State Highway Agency,2,U.S. Highway,US-101 ODOT 9,,1340,1340,44.72696111,44.72696111,-124.057744400,-124.05774444,0,No Special Jurisdiction,24,Guardrail Face,0,The First Harmful Event was Not a Collision with a Motor Vehicle in Transport,0,No,1,Non-Junction,1,Not an Intersection,0,None,,,4,On Roadside,1,Daylight,1,Clear,0,No Additional Atmospheric Conditions,1,Clear,0,No,0000000,Not Applicable,15,3:00pm-3:59pm,50,50,15,3:00pm-3:59pm,57,57,16,4:00pm-4:59pm,25,25,0,None,0,None,0,None,1,1
2019,41,410140,Oregon,1,1,0,0,0,1,1,67,WASHINGTON (67),0,NOT APPLICABLE,3,3,6,June,2019,2,Monday,99,Unknown Hours,99,Unknown Minutes,0,This section IS NOT on the NHS,2,Urban,6,Minor Collector,2,County Highway Agency,4,County Road,CR-NW MEEK RD,,0,None,45.57182778,45.57182778,-122.959811100,-122.95981111,0,No Special Jurisdiction,1,Rollover/Overturn,0,The First Harmful Event was Not a Collision with a Motor Vehicle in Transport,0,No,1,Non-Junction,1,Not an Intersection,0,None,,,4,On Roadside,9,Reported as Unknown,99,Reported as Unknown,0,No Additional Atmospheric Conditions,99,Reported as Unknown,0,No,0000000,Not Applicable,16,4:00pm-4:59pm,48,48,16,4:00pm-4:59pm,54,54,88,Not Applicable (Not Transported),88,Not Applicable (Not Transported),0,None,0,None,0,None,1,0
2019,41,410141,Oregon,1,1,0,1,1,3,3,19,DOUGLAS (19),0,NOT APPLICABLE,6,6,6,June,2019,5,Thursday,13,1:00pm-1:59pm,45,45,0,This section IS NOT on the NHS,1,Rural,6,Minor Collector,2,County Highway Agency,4,County Road,CR-STANTON PARK RD,,7,7,42.94801667,42.94801667,-123.305783300,-123.30578333,0,No Special Jurisdiction,8,Pedestrian,0,The First Harmful Event was Not a Collision with a Motor Vehicle in Transport,0,No,1,Non-Junction,1,Not an Intersection,0,None,,,1,On Roadway,1,Daylight,1,Clear,0,No Additional Atmospheric Conditions,1,Clear,0,No,0000000,Not Applicable,13,1:00pm-1:59pm,46,46,13,1:00pm-1:59pm,51,51,99,Unknown,99,Unknown EMS Hospital Arrival Time,0,None,0,None,0,None,1,0
2019,41,410142,Oregon,2,2,0,0,0,2,2,33,JOSEPHINE (33),0,NOT APPLICABLE,7,7,6,June,2019,6,Friday,7,7:00am-7:59am,8,8,1,This section IS ON the NHS,1,Rural,3,Principal Arterial - Other,1,State Highway Agency,2,U.S. Highway,US-199 ODOT 25,,79,79,42.42423889,42.42423889,-123.335700000,-123.335700000,0,No Special Jurisdiction,12,Motor Vehicle In-Transport,2,Front-to-Front,0,No,1,Non-Junction,1,Not an Intersection,0,None,,,1,On Roadway,1,Daylight,10,Cloudy,0,No Additional Atmospheric Conditions,10,Cloudy,0,No,0000000,Not Applicable,7,7:00am-7:59am,3,3,7,7:00am-7:59am,12,12,7,7:00am-7:59am,32,32,0,None,0,None,0,None,1,0
2019,41,410143,Oregon,1,1,0,0,0,1,1,7,CLATSOP (7),0,NOT APPLICABLE,9,9,6,June,2019,1,Sunday,2,2:00am-2:59am,40,40,1,This section IS ON the NHS,1,Rural,3,Principal Arterial - Other,1,State Highway Agency,2,U.S. Highway,US-30 ODOT 92,,919,919,46.16806944,46.16806944,-123.742761100,-123.74276111,0,No Special Jurisdiction,42,Tree (Standing Only),0,The First Harmful Event was Not a Collision with a Motor Vehicle in Transport,0,No,1,Non-Junction,1,Not an Intersection,0,None,,,4,On Roadside,2,Dark - Not Lighted,1,Clear,0,No Additional Atmospheric Conditions,1,Clear,0,No,0000000,Not Applicable,2,2:00am-2:59am,55,55,3,3:00am-3:59am,8,8,88,Not Applicable (Not Transported),88,Not Applicable (Not Transported),0,None,0,None,0,None,1,1
2019,41,410144,Oregon,2,2,0,0,0,2,2,43,LINN (43),0,NOT APPLICABLE,10,10,6,June,2019,2,Monday,16,4:00pm-4:59pm,24,24,0,This section IS NOT on the NHS,1,Rural,4,Minor Arterial,1,State Highway Agency,2,U.S. Highway,US-20 ODOT 16,,40,40,44.62978889,44.62978889,-123.000516700,-123.00051667,0,No Special Jurisdiction,12,Motor Vehicle In-Transport,2,Front-to-Front,0,No,1,Non-Junction,1,Not an Intersection,0,None,,,1,On Roadway,1,Daylight,1,Clear,0,No Additional Atmospheric Conditions,1,Clear,0,No,0000000,Not Applicable,16,4:00pm-4:59pm,24,24,16,4:00pm-4:59pm,26,26,99,Unknown,99,Unknown EMS Hospital Arrival Time,0,None,0,None,0,None,1,0
2019,41,410145,Oregon,2,2,0,0,0,2,2,3,BENTON (3),0,NOT APPLICABLE,11,11,6,June,2019,3,Tuesday,12,12:00pm-12:59pm,50,50,0,This section IS NOT on the NHS,1,Rural,5,Major Collector,2,County Highway Agency,4,County Road,CR-ALPINE RD,,41,41,44.32940000,44.32940000,-123.370508300,-123.37050833,0,No Special Jurisdiction,12,Motor Vehicle In-Transport,2,Front-to-Front,0,No,1,Non-Junction,1,Not an Intersection,0,None,,,1,On Roadway,1,Daylight,1,Clear,0,No Additional Atmospheric Conditions,1,Clear,0,No,0000000,Not Applicable,13,1:00pm-1:59pm,22,22,13,1:00pm-1:59pm,57,57,14,2:00pm-2:59pm,17,17,0,None,0,None,0,None,1,0
2019,41,410146,Oregon,2,2,0,0,0,2,2,11,COOS (11),0,NOT APPLICABLE,12,12,6,June,2019,4,Wednesday,4,4:00am-4:59am,46,46,1,This section IS ON the NHS,1,Rural,3,Principal Arterial - Other,1,State Highway Agency,3,State Highway,SR-42 ODOT 35,,82,82,43.19919444,43.19919444,-124.235469400,-124.23546944,0,No Special Jurisdiction,12,Motor Vehicle In-Transport,2,Front-to-Front,0,No,1,Non-Junction,1,Not an Intersection,0,None,,,1,On Roadway,4,Dawn,1,Clear,0,No Additional Atmospheric Conditions,1,Clear,0,No,0000000,Not Applicable,4,4:00am-4:59am,47,47,4,4:00am-4:59am,52,52,99,Unknown,99,Unknown EMS Hospital Arrival Time,0,None,0,None,0,None,1,0
2019,41,410147,Oregon,1,1,0,0,0,1,1,43,LINN (43),0,NOT APPLICABLE,12,12,6,June,2019,4,Wednesday,99,Unknown Hours,99,Unknown Minutes,0,This section IS NOT on the NHS,1,Rural,5,Major Collector,2,County Highway Agency,4,County Road,CR-UPPER CALAPOOIA DR,,24,24,44.33057222,44.33057222,-122.752341700,-122.75234167,0,No Special Jurisdiction,34,Ditch,0,The First Harmful Event was Not a Collision with a Motor Vehicle in Transport,0,No,1,Non-Junction,1,Not an Intersection,0,None,,,4,On Roadside,9,Reported as Unknown,99,Reported as Unknown,0,No Additional Atmospheric Conditions,99,Reported as Unknown,0,No,0000000,Not Applicable,18,6:00pm-6:59pm,27,27,18,6:00pm-6:59pm,31,31,88,Not Applicable (Not Transported),88,Not Applicable (Not Transported),0,None,0,None,0,None,1,1
2019,41,410148,Oregon,1,1,0,1,1,1,1,35,KLAMATH (35),0,NOT APPLICABLE,15,15,6,June,2019,7,Saturday,3,3:00am-3:59am,46,46,1,This section IS ON the NHS,2,Urban,3,Principal Arterial - Other,1,State Highway Agency,3,State Highway,SR-39 ODOT 20,GARY ST,34,34,42.20643611,42.20643611,-121.733819400,-121.73381944,0,No Special Jurisdiction,8,Pedestrian,0,The First Harmful Event was Not a Collision with a Motor Vehicle in Transport,0,No,3,Intersection-Related,3,T-Intersection,0,None,,,1,On Roadway,2,Dark - Not Lighted,1,Clear,0,No Additional Atmospheric Conditions,1,Clear,0,No,0000000,Not Applicable,3,3:00am-3:59am,46,46,3,3:00am-3:59am,54,54,88,Not Applicable (Not Transported),88,Not Applicable (Not Transported),0,None,0,None,0,None,1,0
2019,41,410149,Oregon,2,2,0,0,0,3,3,19,DOUGLAS (19),0,NOT APPLICABLE,17,17,6,June,2019,2,Monday,16,4:00pm-4:59pm,34,34,0,This section IS NOT on the NHS,1,Rural,6,Minor Collector,4,City or Municipal Highway Agency,4,County Road,CR-TYEE RD,,36,36,43.38025000,43.38025000,-123.519005600,-123.51900556,0,No Special Jurisdiction,12,Motor Vehicle In-Transport,2,Front-to-Front,0,No,1,Non-Junction,1,Not an Intersection,0,None,,,1,On Roadway,1,Daylight,1,Clear,0,No Additional Atmospheric Conditions,1,Clear,0,No,0000000,Not Applicable,16,4:00pm-4:59pm,34,34,16,4:00pm-4:59pm,54,54,99,Unknown,99,Unknown EMS Hospital Arrival Time,0,None,0,None,0,None,1,0
2019,41,410150,Oregon,1,1,0,1,1,1,1,35,KLAMATH (35),0,NOT APPLICABLE,18,18,6,June,2019,3,Tuesday,20,8:00pm-8:59pm,32,32,1,This section IS ON the NHS,1,Rural,3,Principal Arterial - Other,1,State Highway Agency,3,State Highway,SR-140 ODOT 20,,82,82,42.18089722,42.18089722,-121.649505600,-121.64950556,0,No Special Jurisdiction,8,Pedestrian,0,The First Harmful Event was Not a Collision with a Motor Vehicle in Transport,0,No,1,Non-Junction,1,Not an Intersection,1,Construction,,,2,On Shoulder,5,Dusk,1,Clear,0,No Additional Atmospheric Conditions,1,Clear,0,No,0000000,Not Applicable,20,8:00pm-8:59pm,32,32,20,8:00pm-8:59pm,38,38,88,Not Applicable (Not Transported),88,Not Applicable (Not Transported),0,None,0,None,0,None,1,0
2019,41,410151,Oregon,1,1,0,0,0,1,1,57,TILLAMOOK (57),0,NOT APPLICABLE,19,19,6,June,2019,4,Wednesday,16,4:00pm-4:59pm,43,43,0,This section IS NOT on the NHS,1,Rural,4,Minor Arterial,1,State Highway Agency,3,State Highway,SR-6 ODOT 37,,44,44,45.46626944,45.46626944,-123.753127800,-123.75312778,0,No Special Jurisdiction,42,Tree (Standing Only),0,The First Harmful Event was Not a Collision with a Motor Vehicle in Transport,0,No,1,Non-Junction,1,Not an Intersection,0,None,,,5,Outside Trafficway,1,Daylight,1,Clear,0,No Additional Atmospheric Conditions,1,Clear,0,No,0000000,Not Applicable,16,4:00pm-4:59pm,43,43,16,4:00pm-4:59pm,47,47,88,Not Applicable (Not Transported),88,Not Applicable (Not Transported),0,None,0,None,0,None,1,0
2019,41,410152,Oregon,1,1,0,0,0,2,2,25,HARNEY (25),0,NOT APPLICABLE,19,19,6,June,2019,4,Wednesday,11,11:00am-11:59am,15,15,0,This section IS NOT on the NHS,1,Rural,4,Minor Arterial,1,State Highway Agency,3,State Highway,SR-78 ODOT 442,,224,224,43.43894167,43.43894167,-118.692819400,-118.69281944,0,No Special Jurisdiction,1,Rollover/Overturn,0,The First Harmful Event was Not a Collision with a Motor Vehicle in Transport,0,No,1,Non-Junction,1,Not an Intersection,0,None,,,98,Not Reported,1,Daylight,1,Clear,0,No Additional Atmospheric Conditions,1,Clear,0,No,0000000,Not Applicable,11,11:00am-11:59am,19,19,11,11:00am-11:59am,43,43,88,Not Applicable (Not Transported),88,Not Applicable (Not Transported),0,None,0,None,0,None,2,0
2019,41,410153,Oregon,2,2,0,0,0,3,3,39,LANE (39),0,NOT APPLICABLE,19,19,6,June,2019,4,Wednesday,18,6:00pm-6:59pm,26,26,0,This section IS NOT on the NHS,1,Rural,4,Minor Arterial,1,State Highway Agency,3,State Highway,SR-99W ODOT 91,,1062,1062,44.26024722,44.26024722,-123.227913900,-123.22791389,0,No Special Jurisdiction,12,Motor Vehicle In-Transport,2,Front-to-Front,0,No,1,Non-Junction,1,Not an Intersection,0,None,,,1,On Roadway,1,Daylight,1,Clear,0,No Additional Atmospheric Conditions,1,Clear,0,No,0000000,Not Applicable,18,6:00pm-6:59pm,32,32,19,7:00pm-7:59pm,3,3,19,7:00pm-7:59pm,23,23,0,None,0,None,0,None,1,0
2019,41,410154,Oregon,1,1,0,0,0,1,1,37,LAKE (37),0,NOT APPLICABLE,20,20,6,June,2019,5,Thursday,99,Unknown Hours,99,Unknown Minutes,0,This section IS NOT on the NHS,1,Rural,7,Local,64,U.S. Forest Service,8,Other,USFS RD 17,,21,21,42.18477222,42.18477222,-120.275525000,-120.275525000,0,No Special Jurisdiction,42,Tree (Standing Only),0,The First Harmful Event was Not a Collision with a Motor Vehicle in Transport,0,No,1,Non-Junction,1,Not an Intersection,0,None,,,4,On Roadside,1,Daylight,1,Clear,0,No Additional Atmospheric Conditions,1,Clear,0,No,0000000,Not Applicable,4,4:00am-4:59am,28,28,99,Unknown EMS Scene Arrival Hour,99,Unknown EMS Scene Arrival Minutes,88,Not Applicable (Not Transported),88,Not Applicable (Not Transported),0,None,0,None,0,None,1,1
2019,41,410155,Oregon,1,1,0,1,1,5,5,43,LINN (43),0,NOT APPLICABLE,8,8,4,April,2019,2,Monday,23,11:00pm-11:59pm,45,45,1,This section IS ON the NHS,1,Rural,1,Interstate,1,State Highway Agency,1,Interstate,I-5,,2162,2162,44.38442778,44.38442778,-123.061572200,-123.06157222,0,No Special Jurisdiction,8,Pedestrian,0,The First Harmful Event was Not a Collision with a Motor Vehicle in Transport,0,No,1,Non-Junction,1,Not an Intersection,0,None,,,1,On Roadway,6,Dark - Unknown Lighting,2,Rain,0,No Additional Atmospheric Conditions,2,Rain,0,No,0000000,Not Applicable,23,11:00pm-11:59pm,45,45,23,11:00pm-11:59pm,55,55,88,Not Applicable (Not Transported),88,Not Applicable (Not Transported),23,Indication of a Stalled/Disabled Vehicle,0,None,0,None,1,0
2019,41,410156,Oregon,1,1,0,1,1,1,1,51,MULTNOMAH (51),1650,PORTLAND,23,23,6,June,2019,1,Sunday,3,3:00am-3:59am,30,30,0,This section IS NOT on the NHS,2,Urban,5,Major Collector,4,City or Municipal Highway Agency,6,Local Street - Municipality,SE FLAVEL ST,SE 78TH AVE,0,None,45.46866944,45.46866944,-122.582930600,-122.58293056,0,No Special Jurisdiction,8,Pedestrian,0,The First Harmful Event was Not a Collision with a Motor Vehicle in Transport,0,No,3,Intersection-Related,3,T-Intersection,0,None,,,1,On Roadway,3,Dark - Lighted,1,Clear,0,No Additional Atmospheric Conditions,1,Clear,0,No,0000000,Not Applicable,99,Unknown,99,Unknown,99,Unknown EMS Scene Arrival Hour,99,Unknown EMS Scene Arrival Minutes,88,Not Applicable (Not Transported),88,Not Applicable (Not Transported),0,None,0,None,0,None,1,1
2019,41,410157,Oregon,1,1,0,0,0,1,1,19,DOUGLAS (19),0,NOT APPLICABLE,22,22,6,June,2019,7,Saturday,99,Unknown Hours,99,Unknown Minutes,0,This section IS NOT on the NHS,1,Rural,5,Major Collector,2,County Highway Agency,4,County Road,CR-COW CREEK RD A,,5,5,42.92315278,42.92315278,-123.433522200,-123.43352222,0,No Special Jurisdiction,42,Tree (Standing Only),0,The First Harmful Event was Not a Collision with a Motor Vehicle in Transport,0,No,1,Non-Junction,1,Not an Intersection,0,None,,,4,On Roadside,9,Reported as Unknown,1,Clear,0,No Additional Atmospheric Conditions,1,Clear,0,No,0000000,Not Applicable,14,2:00pm-2:59pm,0,0,14,2:00pm-2:59pm,10,10,88,Not Applicable (Not Transported),88,Not Applicable (Not Transported),0,None,0,None,0,None,1,1
2019,41,410158,Oregon,2,2,0,0,0,2,2,9,COLUMBIA (9),0,NOT APPLICABLE,24,24,6,June,2019,2,Monday,20,8:00pm-8:59pm,3,3,1,This section IS ON the NHS,2,Urban,3,Principal Arterial - Other,1,State Highway Agency,2,U.S. Highway,US-30 ODOT 092,,274,274,45.84482500,45.84482500,-122.834319400,-122.83431944,0,No Special Jurisdiction,12,Motor Vehicle In-Transport,1,Front-to-Rear,0,No,1,Non-Junction,1,Not an Intersection,0,None,,,1,On Roadway,1,Daylight,1,Clear,0,No Additional Atmospheric Conditions,1,Clear,0,No,0000000,Not Applicable,20,8:00pm-8:59pm,3,3,20,8:00pm-8:59pm,10,10,20,8:00pm-8:59pm,48,48,0,None,0,None,0,None,1,1
2019,41,410159,Oregon,1,1,0,0,0,1,1,51,MULTNOMAH (51),1650,PORTLAND,25,25,6,June,2019,3,Tuesday,17,5:00pm-5:59pm,43,43,0,This section IS NOT on the NHS,2,Urban,5,Major Collector,4,City or Municipal Highway Agency,6,Local Street - Municipality,NE LOMBARD ST-42ND AVE RAMP,,0,None,45.56970556,45.56970556,-122.620694400,-122.62069444,0,No Special Jurisdiction,42,Tree (Standing Only),0,The First Harmful Event was Not a Collision with a Motor Vehicle in Transport,0,No,1,Non-Junction,1,Not an Intersection,0,None,,,4,On Roadside,1,Daylight,1,Clear,0,No Additional Atmospheric Conditions,1,Clear,0,No,0000000,Not Applicable,99,Unknown,99,Unknown,99,Unknown EMS Scene Arrival Hour,99,Unknown EMS Scene Arrival Minutes,99,Unknown,99,Unknown EMS Hospital Arrival Time,0,None,0,None,0,None,1,1
2019,41,410160,Oregon,1,1,0,1,1,2,2,33,JOSEPHINE (33),0,NOT APPLICABLE,29,29,6,June,2019,7,Saturday,22,10:00pm-10:59pm,42,42,1,This section IS ON the NHS,2,Urban,1,Interstate,1,State Highway Agency,1,Interstate,I-5,,591,591,42.47311944,42.47311944,-123.342111100,-123.34211111,0,No Special Jurisdiction,8,Pedestrian,0,The First Harmful Event was Not a Collision with a Motor Vehicle in Transport,0,No,1,Non-Junction,1,Not an Intersection,0,None,,,1,On Roadway,2,Dark - Not Lighted,1,Clear,0,No Additional Atmospheric Conditions,1,Clear,0,No,0000000,Not Applicable,22,10:00pm-10:59pm,42,42,22,10:00pm-10:59pm,50,50,23,11:00pm-11:59pm,11,11,0,None,0,None,0,None,1,0