caseyear,state,st_case,statename,ve_total,ve_forms,pvh_invl,peds,pernotmvit,permvit,persons,county,countyname,city,cityname,day,dayname,month,monthname,year,day_week,day_weekname,hour,hourname,minute,minutename,nhs,nhsname,rur_urb,rur_urbname,func_sys,func_sysname,rd_owner,rd_ownername,route,routename,tway_id,tway_id2,milept,mileptname,latitude,latitudename,longitud,longitudname,sp_jur,sp_jurname,harm_ev,harm_evname,man_coll,man_collname,reljct1,reljct1name,reljct2,reljct2name,typ_int,typ_intname,wrk_zone,wrk_zonename,road_fnc,road_fncname,rel_road,rel_roadname,lgt_cond,lgt_condname,weather1,weather1name,weather2,weather2name,weather,weathername,sch_bus,sch_busname,rail,railname,not_hour,not_hourname,not_min,not_minname,arr_hour,arr_hourname,arr_min,arr_minname,hosp_hr,hosp_hrname,hosp_mn,hosp_mnname,cf1,cf1name,cf2,cf2name,cf3,cf3name,fatals,drunk_dr
2019,41,410433,Oregon,2,2,0,0,0,2,2,45,MALHEUR (45),1570,ONTARIO,12,12,9,September,2019,5,Thursday,12,12:00pm-12:59pm,18,18,1,This section IS ON the NHS,2,Urban,3,Principal Arterial - Other,1,State Highway Agency,3,State Highway,SR-201 ODOT 455,NW 4TH AVE,272,272,44.03206667,44.03206667,-117.002972200,-117.00297222,0,No Special Jurisdiction,12,Motor Vehicle In-Transport,6,Angle,0,No,2,Intersection,2,Four-Way Intersection,0,None,,,1,On Roadway,1,Daylight,1,Clear,0,No Additional Atmospheric Conditions,1,Clear,0,No,0000000,Not Applicable,12,12:00pm-12:59pm,16,16,12,12:00pm-12:59pm,20,20,88,Not Applicable (Not Transported),88,Not Applicable (Not Transported),0,None,0,None,0,None,1,0
2019,41,410434,Oregon,2,2,0,0,0,2,2,47,MARION (47),0,NOT APPLICABLE,9,9,10,October,2019,4,Wednesday,16,4:00pm-4:59pm,0,0,0,This section IS NOT on the NHS,2,Urban,4,Minor Arterial,2,County Highway Agency,4,County Road,CR-DELANEY RD,I-5 RAMP,34,34,44.84273889,44.84273889,-123.005127800,-123.00512778,0,No Special Jurisdiction,12,Motor Vehicle In-Transport,6,Angle,1,Yes,2,Intersection,2,Four-Way Intersection,0,None,,,1,On Roadway,1,Daylight,1,Clear,0,No Additional Atmospheric Conditions,1,Clear,0,No,0000000,Not Applicable,16,4:00pm-4:59pm,52,52,17,5:00pm-5:59pm,0,0,17,5:00pm-5:59pm,20,20,0,None,0,None,0,None,1,0
2019,41,410435,Oregon,2,2,0,0,0,3,3,63,WALLOWA (63),0,NOT APPLICABLE,19,19,10,October,2019,7,Saturday,8,8:00am-8:59am,7,7,0,This section IS NOT on the NHS,1,Rural,4,Minor Arterial,1,State Highway Agency,3,State Highway,SR-3 ODOT 11,,162,162,45.80326111,45.80326111,-117.262733300,-117.26273333,0,No Special Jurisdiction,12,Motor Vehicle In-Transport,2,Front-to-Front,0,No,1,Non-Junction,1,Not an Intersection,0,None,,,1,On Roadway,1,Daylight,4,Snow,0,No Additional Atmospheric Conditions,4,Snow,0,No,0000000,Not Applicable,8,8:00am-8:59am,7,7,8,8:00am-8:59am,54,54,99,Unknown,99,Unknown EMS Hospital Arrival Time,0,None,0,None,0,None,1,0
2019,41,410436,Oregon,3,3,0,0,0,3,3,47,MARION (47),1810,SALEM,21,21,10,October,2019,2,Monday,13,1:00pm-1:59pm,56,56,1,This section IS ON the NHS,2,Urban,3,Principal Arterial - Other,1,State Highway Agency,3,State Highway,SR-22 ODOT 72,25TH ST SE,75,75,44.92276667,44.92276667,-123.010722200,-123.01072222,0,No Special Jurisdiction,12,Motor Vehicle In-Transport,6,Angle,0,No,2,Intersection,2,Four-Way Intersection,0,None,,,1,On Roadway,1,Daylight,10,Cloudy,0,No Additional Atmospheric Conditions,10,Cloudy,0,No,0000000,Not Applicable,13,1:00pm-1:59pm,56,56,13,1:00pm-1:59pm,56,56,88,Not Applicable (Not Transported),88,Not Applicable (Not Transported),0,None,0,None,0,None,1,0
2019,41,410437,Oregon,1,1,0,1,1,1,1,47,MARION (47),1810,SALEM,24,24,10,October,2019,5,Thursday,16,4:00pm-4:59pm,2,2,1,This section IS ON the NHS,2,Urban,3,Principal Arterial - Other,1,State Highway Agency,3,State Highway,SR-99E ODOT 81,,457,457,44.98865556,44.98865556,-122.988750000,-122.988750000,0,No Special Jurisdiction,9,Pedalcyclist,0,The First Harmful Event was Not a Collision with a Motor Vehicle in Transport,0,No,1,Non-Junction,1,Not an Intersection,0,None,,,1,On Roadway,1,Daylight,1,Clear,0,No Additional Atmospheric Conditions,1,Clear,0,No,0000000,Not Applicable,16,4:00pm-4:59pm,2,2,16,4:00pm-4:59pm,9,9,99,Unknown,99,Unknown EMS Hospital Arrival Time,0,None,0,None,0,None,1,0
2019,41,410438,Oregon,1,1,0,1,1,1,1,39,LANE (39),0,NOT APPLICABLE,25,25,10,October,2019,6,Friday,22,10:00pm-10:59pm,43,43,0,This section IS NOT on the NHS,2,Urban,4,Minor Arterial,1,State Highway Agency,3,State Highway,SR-99 ODOT 91,,1110,1110,44.19853889,44.19853889,-123.202991700,-123.20299167,0,No Special Jurisdiction,8,Pedestrian,0,The First Harmful Event was Not a Collision with a Motor Vehicle in Transport,0,No,1,Non-Junction,1,Not an Intersection,0,None,,,1,On Roadway,2,Dark - Not Lighted,1,Clear,0,No Additional Atmospheric Conditions,1,Clear,0,No,0000000,Not Applicable,22,10:00pm-10:59pm,43,43,22,10:00pm-10:59pm,47,47,99,Unknown,99,Unknown EMS Hospital Arrival Time,0,None,0,None,0,None,1,0
2019,41,410439,Oregon,1,1,0,0,0,1,1,39,LANE (39),0,NOT APPLICABLE,26,26,10,October,2019,7,Saturday,99,Unknown Hours,99,Unknown Minutes,1,This section IS ON the NHS,1,Rural,3,Principal Arterial - Other,1,State Highway Agency,3,State Highway,SR-126 ODOT 62,,351,351,44.03809722,44.03809722,-123.550208300,-123.55020833,0,No Special Jurisdiction,42,Tree (Standing Only),0,The First Harmful Event was Not a Collision with a Motor Vehicle in Transport,0,No,1,Non-Junction,1,Not an Intersection,0,None,,,4,On Roadside,1,Daylight,98,Not Reported,0,No Additional Atmospheric Conditions,98,Not Reported,0,No,0000000,Not Applicable,10,10:00am-10:59am,12,12,10,10:00am-10:59am,20,20,88,Not Applicable (Not Transported),88,Not Applicable (Not Transported),0,None,0,None,0,None,1,1
2019,41,410440,Oregon,1,1,0,1,1,1,1,9,COLUMBIA (9),1790,SAINT HELENS,29,29,10,October,2019,3,Tuesday,9,9:00am-9:59am,59,59,0,This section IS NOT on the NHS,2,Urban,5,Major Collector,4,City or Municipal Highway Agency,6,Local Street - Municipality,SYKES RD,,0,None,45.85112778,45.85112778,-122.829908300,-122.82990833,0,No Special Jurisdiction,8,Pedestrian,0,The First Harmful Event was Not a Collision with a Motor Vehicle in Transport,0,No,1,Non-Junction,1,Not an Intersection,0,None,,,1,On Roadway,1,Daylight,1,Clear,0,No Additional Atmospheric Conditions,1,Clear,0,No,0000000,Not Applicable,9,9:00am-9:59am,59,59,10,10:00am-10:59am,3,3,10,10:00am-10:59am,34,34,0,None,0,None,0,None,1,0
2019,41,410441,Oregon,1,1,0,0,0,1,1,29,JACKSON (29),0,NOT APPLICABLE,26,26,10,October,2019,7,Saturday,15,3:00pm-3:59pm,27,27,0,This section IS NOT on the NHS,2,Urban,5,Major Collector,2,County Highway Agency,4,County Road,CR-BIGHAM-BROWN RD,,0,None,42.42756389,42.42756389,-122.802127800,-122.80212778,0,No Special Jurisdiction,31,"Post, Pole or Other Supports",0,The First Harmful Event was Not a Collision with a Motor Vehicle in Transport,0,No,1,Non-Junction,1,Not an Intersection,0,None,,,4,On Roadside,1,Daylight,1,Clear,0,No Additional Atmospheric Conditions,1,Clear,0,No,0000000,Not Applicable,15,3:00pm-3:59pm,35,35,99,Unknown EMS Scene Arrival Hour,99,Unknown EMS Scene Arrival Minutes,88,Not Applicable (Not Transported),88,Not Applicable (Not Transported),0,None,0,None,0,None,1,1
2019,41,410442,Oregon,2,2,0,0,0,5,5,71,YAMHILL (71),0,NOT APPLICABLE,30,30,10,October,2019,4,Wednesday,19,7:00pm-7:59pm,30,30,1,This section IS ON the NHS,1,Rural,3,Principal Arterial - Other,1,State Highway Agency,3,State Highway,SR-18 ODOT 39,,347,347,45.09860833,45.09860833,-123.352041700,-123.35204167,0,No Special Jurisdiction,12,Motor Vehicle In-Transport,6,Angle,0,No,8,Driveway Access Related,1,Not an Intersection,0,None,,,1,On Roadway,2,Dark - Not Lighted,1,Clear,0,No Additional Atmospheric Conditions,1,Clear,0,No,0000000,Not Applicable,19,7:00pm-7:59pm,32,32,19,7:00pm-7:59pm,40,40,99,Unknown,99,Unknown EMS Hospital Arrival Time,0,None,0,None,0,None,2,0
2019,41,410443,Oregon,1,1,0,0,0,1,1,39,LANE (39),0,NOT APPLICABLE,1,1,8,August,2019,5,Thursday,13,1:00pm-1:59pm,24,24,1,This section IS ON the NHS,1,Rural,3,Principal Arterial - Other,1,State Highway Agency,3,State Highway,SR-126 ODOT 62,,515,515,99.99990000,Unknown,999.999900000,Unknown,0,No Special Jurisdiction,1,Rollover/Overturn,0,The First Harmful Event was Not a Collision with a Motor Vehicle in Transport,0,No,1,Non-Junction,1,Not an Intersection,0,None,,,4,On Roadside,1,Daylight,98,Not Reported,0,No Additional Atmospheric Conditions,98,Not Reported,0,No,0000000,Not Applicable,99,Unknown,99,Unknown,99,Unknown EMS Scene Arrival Hour,99,Unknown EMS Scene Arrival Minutes,99,Unknown,99,Unknown EMS Hospital Arrival Time,0,None,0,None,0,None,1,0
2019,41,410444,Oregon,1,1,0,0,0,2,2,43,LINN (43),0,NOT APPLICABLE,21,21,8,August,2019,4,Wednesday,11,11:00am-11:59am,5,5,0,This section IS NOT on the NHS,1,Rural,5,Major Collector,2,County Highway Agency,4,County Road,CR-PEORIA RD,,0,None,44.34474444,44.34474444,-123.192227800,-123.19222778,0,No Special Jurisdiction,1,Rollover/Overturn,0,The First Harmful Event was Not a Collision with a Motor Vehicle in Transport,0,No,1,Non-Junction,1,Not an Intersection,0,None,,,1,On Roadway,1,Daylight,98,Not Reported,0,No Additional Atmospheric Conditions,98,Not Reported,0,No,0000000,Not Applicable,99,Unknown,99,Unknown,99,Unknown EMS Scene Arrival Hour,99,Unknown EMS Scene Arrival Minutes,99,Unknown,99,Unknown EMS Hospital Arrival Time,0,None,0,None,0,None,1,0
2019,41,410446,Oregon,1,1,0,0,0,2,2,59,UMATILLA (59),0,NOT APPLICABLE,3,3,9,September,2019,3,Tuesday,21,9:00pm-9:59pm,30,30,0,This section IS NOT on the NHS,1,Rural,7,Local,2,County Highway Agency,4,County Road,CR-STRAUGHN RD,,3,3,45.62193333,45.62193333,-118.834166700,-118.83416667,0,No Special Jurisdiction,34,Ditch,0,The First Harmful Event was Not a Collision with a Motor Vehicle in Transport,0,No,1,Non-Junction,1,Not an Intersection,0,None,,,4,On Roadside,2,Dark - Not Lighted,1,Clear,0,No Additional Atmospheric Conditions,1,Clear,0,No,0000000,Not Applicable,99,Unknown,99,Unknown,99,Unknown EMS Scene Arrival Hour,99,Unknown EMS Scene Arrival Minutes,99,Unknown,99,Unknown EMS Hospital Arrival Time,0,None,0,None,0,None,1,0
2019,41,410448,Oregon,2,2,0,0,0,2,2,11,COOS (11),1510,NORTH BEND,18,18,10,October,2019,6,Friday,19,7:00pm-7:59pm,18,18,1,This section IS ON the NHS,2,Urban,3,Principal Arterial - Other,1,State Highway Agency,2,U.S. Highway,US-101 ODOT 9,NEWMARK ST,2364,2364,43.39150000,43.39150000,-124.220113900,-124.22011389,0,No Special Jurisdiction,12,Motor Vehicle In-Transport,2,Front-to-Front,0,No,2,Intersection,3,T-Intersection,0,None,,,1,On Roadway,3,Dark - Lighted,2,Rain,0,No Additional Atmospheric Conditions,2,Rain,0,No,0000000,Not Applicable,99,Unknown,99,Unknown,99,Unknown EMS Scene Arrival Hour,99,Unknown EMS Scene Arrival Minutes,99,Unknown,99,Unknown EMS Hospital Arrival Time,0,None,0,None,0,None,1,0
2019,41,410449,Oregon,1,1,0,1,1,1,1,5,CLACKAMAS (5),1580,OREGON CITY,18,18,10,October,2019,6,Friday,6,6:00am-6:59am,31,31,0,This section IS NOT on the NHS,2,Urban,4,Minor Arterial,4,City or Municipal Highway Agency,6,Local Street - Municipality,MOLALL AVE,,0,None,45.33237778,45.33237778,-122.587244400,-122.58724444,0,No Special Jurisdiction,8,Pedestrian,0,The First Harmful Event was Not a Collision with a Motor Vehicle in Transport,0,No,1,Non-Junction,1,Not an Intersection,0,None,,,1,On Roadway,6,Dark - Unknown Lighting,98,Not Reported,0,No Additional Atmospheric Conditions,98,Not Reported,0,No,0000000,Not Applicable,99,Unknown,99,Unknown,99,Unknown EMS Scene Arrival Hour,99,Unknown EMS Scene Arrival Minutes,99,Unknown,99,Unknown EMS Hospital Arrival Time,0,None,0,None,0,None,1,0
2019,41,410450,Oregon,1,1,0,1,1,1,1,35,KLAMATH (35),0,NOT APPLICABLE,14,14,11,November,2019,5,Thursday,19,7:00pm-7:59pm,10,10,0,This section IS NOT on the NHS,2,Urban,4,Minor Arterial,1,State Highway Agency,3,State Highway,SR-39 ODOT 20,,32,32,42.20642500,42.20642500,-121.737622200,-121.73762222,0,No Special Jurisdiction,8,Pedestrian,0,The First Harmful Event was Not a Collision with a Motor Vehicle in Transport,0,No,1,Non-Junction,1,Not an Intersection,0,None,,,1,On Roadway,2,Dark - Not Lighted,98,Not Reported,0,No Additional Atmospheric Conditions,98,Not Reported,0,No,0000000,Not Applicable,99,Unknown,99,Unknown,99,Unknown EMS Scene Arrival Hour,99,Unknown EMS Scene Arrival Minutes,99,Unknown,99,Unknown EMS Hospital Arrival Time,0,None,0,None,0,None,1,0
2019,41,410451,Oregon,2,2,0,0,0,2,2,17,DESCHUTES (17),0,NOT APPLICABLE,5,5,11,November,2019,3,Tuesday,11,11:00am-11:59am,49,49,1,This section IS ON the NHS,1,Rural,3,Principal Arterial - Other,1,State Highway Agency,2,U.S. Highway,US-97 ODOT 4,SW 61ST ST,1285,1285,44.18057500,44.18057500,-121.244519400,-121.24451944,0,No Special Jurisdiction,12,Motor Vehicle In-Transport,6,Angle,0,No,2,Intersection,3,T-Intersection,0,None,,,1,On Roadway,1,Daylight,1,Clear,0,No Additional Atmospheric Conditions,1,Clear,0,No,0000000,Not Applicable,11,11:00am-11:59am,45,45,11,11:00am-11:59am,52,52,12,12:00pm-12:59pm,22,22,0,None,0,None,0,None,1,0
2019,41,410452,Oregon,2,2,0,0,0,2,2,29,JACKSON (29),0,NOT APPLICABLE,6,6,11,November,2019,4,Wednesday,17,5:00pm-5:59pm,20,20,0,This section IS NOT on the NHS,2,Urban,5,Major Collector,2,County Highway Agency,4,County Road,CR-OLD STAGE RD,,61,61,42.38608889,42.38608889,-122.975880600,-122.97588056,0,No Special Jurisdiction,12,Motor Vehicle In-Transport,1,Front-to-Rear,0,No,1,Non-Junction,1,Not an Intersection,0,None,,,1,On Roadway,2,Dark - Not Lighted,1,Clear,0,No Additional Atmospheric Conditions,1,Clear,0,No,0000000,Not Applicable,17,5:00pm-5:59pm,22,22,17,5:00pm-5:59pm,30,30,99,Unknown,99,Unknown EMS Hospital Arrival Time,0,None,0,None,0,None,1,1
2019,41,410453,Oregon,2,2,0,0,0,4,4,67,WASHINGTON (67),0,NOT APPLICABLE,7,7,11,November,2019,5,Thursday,14,2:00pm-2:59pm,10,10,1,This section IS ON the NHS,2,Urban,3,Principal Arterial - Other,1,State Highway Agency,3,State Highway,SR-8 ODOT 29,NW 334TH AVE,147,147,45.51995278,45.51995278,-123.020638900,-123.02063889,0,No Special Jurisdiction,12,Motor Vehicle In-Transport,6,Angle,0,No,2,Intersection,3,T-Intersection,0,None,,,1,On Roadway,1,Daylight,1,Clear,0,No Additional Atmospheric Conditions,1,Clear,0,No,0000000,Not Applicable,14,2:00pm-2:59pm,9,9,14,2:00pm-2:59pm,11,11,14,2:00pm-2:59pm,15,15,0,None,0,None,0,None,1,0
2019,41,410454,Oregon,1,1,0,0,0,1,1,35,KLAMATH (35),0,NOT APPLICABLE,9,9,11,November,2019,7,Saturday,22,10:00pm-10:59pm,48,48,1,This section IS ON the NHS,1,Rural,3,Principal Arterial - Other,1,State Highway Agency,2,U.S. Highway,US-97 ODOT 4,,2812,2812,42.14141389,42.14141389,-121.812258300,-121.81225833,0,No Special Jurisdiction,1,Rollover/Overturn,0,The First Harmful Event was Not a Collision with a Motor Vehicle in Transport,0,No,1,Non-Junction,1,Not an Intersection,0,None,,,4,On Roadside,2,Dark - Not Lighted,1,Clear,0,No Additional Atmospheric Conditions,1,Clear,0,No,0000000,Not Applicable,22,10:00pm-10:59pm,48,48,23,11:00pm-11:59pm,1,1,88,Not Applicable (Not Transported),88,Not Applicable (Not Transported),0,None,0,None,0,None,1,1
2019,41,410455,Oregon,2,2,0,0,0,2,2,67,WASHINGTON (67),0,NOT APPLICABLE,11,11,11,November,2019,2,Monday,19,7:00pm-7:59pm,20,20,0,This section IS NOT on the NHS,2,Urban,4,Minor Arterial,2,County Highway Agency,4,County Road,CR-SW ROY ROGERS RD,,0,None,45.38870556,45.38870556,-122.851861100,-122.85186111,0,No Special Jurisdiction,12,Motor Vehicle In-Transport,2,Front-to-Front,0,No,1,Non-Junction,1,Not an Intersection,0,None,,,1,On Roadway,2,Dark - Not Lighted,10,Cloudy,0,No Additional Atmospheric Conditions,10,Cloudy,0,No,0000000,Not Applicable,19,7:00pm-7:59pm,29,29,20,8:00pm-8:59pm,4,4,20,8:00pm-8:59pm,44,44,0,None,0,None,0,None,1,0
2019,41,410456,Oregon,1,1,0,0,0,1,1,25,HARNEY (25),0,NOT APPLICABLE,13,13,11,November,2019,4,Wednesday,13,1:00pm-1:59pm,47,47,1,This section IS ON the NHS,1,Rural,3,Principal Arterial - Other,1,State Highway Agency,2,U.S. Highway,US-20 ODOT 7,,842,842,43.56064444,43.56064444,-119.880327800,-119.88032778,0,No Special Jurisdiction,42,Tree (Standing Only),0,The First Harmful Event was Not a Collision with a Motor Vehicle in Transport,0,No,1,Non-Junction,1,Not an Intersection,0,None,,,4,On Roadside,1,Daylight,1,Clear,0,No Additional Atmospheric Conditions,1,Clear,0,No,0000000,Not Applicable,13,1:00pm-1:59pm,47,47,99,Unknown EMS Scene Arrival Hour,97,Officially Cancelled,99,Unknown,97,Officially Canceled,0,None,0,None,0,None,1,0
2019,41,410457,Oregon,2,2,0,0,0,5,5,71,YAMHILL (71),0,NOT APPLICABLE,18,18,11,November,2019,2,Monday,11,11:00am-11:59am,50,50,0,This section IS NOT on the NHS,1,Rural,4,Minor Arterial,1,State Highway Agency,3,State Highway,SR-221 ODOT 150,,104,104,45.08005833,45.08005833,-123.068600000,-123.068600000,0,No Special Jurisdiction,12,Motor Vehicle In-Transport,2,Front-to-Front,0,No,1,Non-Junction,1,Not an Intersection,0,None,,,1,On Roadway,1,Daylight,10,Cloudy,0,No Additional Atmospheric Conditions,10,Cloudy,0,No,0000000,Not Applicable,11,11:00am-11:59am,50,50,11,11:00am-11:59am,59,59,99,Unknown,99,Unknown EMS Hospital Arrival Time,0,None,0,None,0,None,3,1
2019,41,410458,Oregon,1,1,0,1,1,1,1,51,MULTNOMAH (51),1650,PORTLAND,18,18,11,November,2019,2,Monday,23,11:00pm-11:59pm,3,3,0,This section IS NOT on the NHS,2,Urban,4,Minor Arterial,4,City or Municipal Highway Agency,6,Local Street - Municipality,E BURNSIDE ST,SE 22ND AVE,0,None,45.52288056,45.52288056,-122.643441700,-122.64344167,0,No Special Jurisdiction,8,Pedestrian,0,The First Harmful Event was Not a Collision with a Motor Vehicle in Transport,0,No,3,Intersection-Related,2,Four-Way Intersection,0,None,,,1,On Roadway,3,Dark - Lighted,10,Cloudy,0,No Additional Atmospheric Conditions,10,Cloudy,0,No,0000000,Not Applicable,23,11:00pm-11:59pm,9,9,23,11:00pm-11:59pm,16,16,88,Not Applicable (Not Transported),88,Not Applicable (Not Transported),0,None,0,None,0,None,1,0
2019,41,410460,Oregon,2,2,0,0,0,3,3,5,CLACKAMAS (5),1380,MOLALLA,23,23,11,November,2019,7,Saturday,17,5:00pm-5:59pm,23,23,0,This section IS NOT on the NHS,1,Rural,4,Minor Arterial,1,State Highway Agency,3,State Highway,SR-211 ODOT 161,,147,147,45.15869444,45.15869444,-122.547469400,-122.54746944,0,No Special Jurisdiction,12,Motor Vehicle In-Transport,2,Front-to-Front,0,No,1,Non-Junction,1,Not an Intersection,0,None,,,1,On Roadway,2,Dark - Not Lighted,1,Clear,0,No Additional Atmospheric Conditions,1,Clear,0,No,0000000,Not Applicable,17,5:00pm-5:59pm,27,27,99,Unknown EMS Scene Arrival Hour,99,Unknown EMS Scene Arrival Minutes,99,Unknown,99,Unknown EMS Hospital Arrival Time,0,None,0,None,0,None,2,1
2019,41,410461,Oregon,1,1,0,0,0,1,1,47,MARION (47),0,NOT APPLICABLE,25,25,11,November,2019,2,Monday,11,11:00am-11:59am,28,28,0,This section IS NOT on the NHS,1,Rural,5,Major Collector,2,County Highway Agency,4,County Road,CR-SUNNYVIEW RD NE,,29,29,44.95631667,44.95631667,-122.920216700,-122.92021667,0,No Special Jurisdiction,34,Ditch,0,The First Harmful Event was Not a Collision with a Motor Vehicle in Transport,0,No,1,Non-Junction,1,Not an Intersection,0,None,,,4,On Roadside,1,Daylight,10,Cloudy,0,No Additional Atmospheric Conditions,10,Cloudy,0,No,0000000,Not Applicable,11,11:00am-11:59am,28,28,11,11:00am-11:59am,38,38,88,Not Applicable (Not Transported),88,Not Applicable (Not Transported),0,None,0,None,0,None,1,0
2019,41,410462,Oregon,2,2,0,0,0,2,2,47,MARION (47),0,NOT APPLICABLE,29,29,11,November,2019,6,Friday,18,6:00pm-6:59pm,34,34,0,This section IS NOT on the NHS,1,Rural,7,Local,2,County Highway Agency,4,County Road,CR-LAKESIDE DR NE,,5,5,45.01230000,45.01230000,-122.965294400,-122.96529444,0,No Special Jurisdiction,12,Motor Vehicle In-Transport,1,Front-to-Rear,0,No,1,Non-Junction,1,Not an Intersection,0,None,,,1,On Roadway,2,Dark - Not Lighted,1,Clear,0,No Additional Atmospheric Conditions,1,Clear,0,No,0000000,Not Applicable,18,6:00pm-6:59pm,34,34,18,6:00pm-6:59pm,42,42,88,Not Applicable (Not Transported),88,Not Applicable (Not Transported),0,None,0,None,0,None,1,1
2019,41,410463,Oregon,1,1,0,1,1,1,1,39,LANE (39),0,NOT APPLICABLE,25,25,12,December,2019,4,Wednesday,4,4:00am-4:59am,29,29,1,This section IS ON the NHS,1,Rural,3,Principal Arterial - Other,1,State Highway Agency,3,State Highway,SR-126 ODOT 62,,516,516,44.05260278,44.05260278,-123.255211100,-123.25521111,0,No Special Jurisdiction,9,Pedalcyclist,0,The First Harmful Event was Not a Collision with a Motor Vehicle in Transport,0,No,1,Non-Junction,1,Not an Intersection,0,None,,,1,On Roadway,2,Dark - Not Lighted,1,Clear,0,No Additional Atmospheric Conditions,1,Clear,0,No,0000000,Not Applicable,4,4:00am-4:59am,34,34,4,4:00am-4:59am,46,46,88,Not Applicable (Not Transported),88,Not Applicable (Not Transported),0,None,0,None,0,None,1,0
2019,41,410464,Oregon,3,1,2,0,0,1,1,47,MARION (47),0,NOT APPLICABLE,4,4,12,December,2019,4,Wednesday,13,1:00pm-1:59pm,29,29,1,This section IS ON the NHS,1,Rural,4,Minor Arterial,2,County Highway Agency,4,County Road,CR-DELANEY RD SE,,2483,2483,44.84276667,44.84276667,-123.010261100,-123.01026111,0,No Special Jurisdiction,38,Fence,0,The First Harmful Event was Not a Collision with a Motor Vehicle in Transport,0,No,1,Non-Junction,1,Not an Intersection,0,None,,,5,Outside Trafficway,1,Daylight,1,Clear,0,No Additional Atmospheric Conditions,1,Clear,0,No,0000000,Not Applicable,13,1:00pm-1:59pm,30,30,13,1:00pm-1:59pm,36,36,13,1:00pm-1:59pm,50,50,0,None,0,None,0,None,1,0
2019,41,410465,Oregon,2,2,0,0,0,6,6,19,DOUGLAS (19),0,NOT APPLICABLE,22,22,6,June,2019,7,Saturday,18,6:00pm-6:59pm,5,5,0,This section IS NOT on the NHS,1,Rural,4,Minor Arterial,1,State Highway Agency,3,State Highway,SR-138 ODOT 138,CR-FORRESTWOOD LN,197,197,43.32276667,43.32276667,-123.047650000,-123.047650000,0,No Special Jurisdiction,12,Motor Vehicle In-Transport,2,Front-to-Front,0,No,2,Intersection,3,T-Intersection,0,None,,,1,On Roadway,1,Daylight,1,Clear,0,No Additional Atmospheric Conditions,1,Clear,0,No,0000000,Not Applicable,99,Unknown,99,Unknown,99,Unknown EMS Scene Arrival Hour,99,Unknown EMS Scene Arrival Minutes,99,Unknown,99,Unknown EMS Hospital Arrival Time,0,None,0,None,0,None,1,0
2019,41,410466,Oregon,1,1,0,0,0,1,1,19,DOUGLAS (19),0,NOT APPLICABLE,1,1,11,November,2019,6,Friday,12,12:00pm-12:59pm,6,6,0,This section IS NOT on the NHS,1,Rural,7,Local,68,Bureau of Land Management,8,Other,BLM 32-4-6,,20,20,42.83179722,42.83179722,-123.214375000,-123.214375000,0,No Special Jurisdiction,42,Tree (Standing Only),0,The First Harmful Event was Not a Collision with a Motor Vehicle in Transport,0,No,1,Non-Junction,1,Not an Intersection,0,None,,,4,On Roadside,1,Daylight,1,Clear,0,No Additional Atmospheric Conditions,1,Clear,0,No,0000000,Not Applicable,12,12:00pm-12:59pm,6,6,12,12:00pm-12:59pm,29,29,88,Not Applicable (Not Transported),88,Not Applicable (Not Transported),0,None,0,None,0,None,1,0
2019,41,410467,Oregon,1,1,0,0,0,1,1,19,DOUGLAS (19),0,NOT APPLICABLE,9,9,11,November,2019,7,Saturday,14,2:00pm-2:59pm,45,45,1,This section IS ON the NHS,1,Rural,3,Principal Arterial - Other,1,State Highway Agency,3,State Highway,SR-38 ODOT 45,,247,247,43.66536667,43.66536667,-123.700038900,-123.70003889,0,No Special Jurisdiction,42,Tree (Standing Only),0,The First Harmful Event was Not a Collision with a Motor Vehicle in Transport,0,No,1,Non-Junction,1,Not an Intersection,0,None,,,4,On Roadside,1,Daylight,1,Clear,0,No Additional Atmospheric Conditions,1,Clear,0,No,0000000,Not Applicable,14,2:00pm-2:59pm,45,45,15,3:00pm-3:59pm,0,0,88,Not Applicable (Not Transported),88,Not Applicable (Not Transported),0,None,0,None,0,None,1,0
2019,41,410468,Oregon,2,2,0,0,0,2,2,9,COLUMBIA (9),0,NOT APPLICABLE,19,19,12,December,2019,5,Thursday,6,6:00am-6:59am,37,37,1,This section IS ON the NHS,1,Rural,3,Principal Arterial - Other,1,State Highway Agency,2,U.S. Highway,US-30 ODOT 92,,501,501,46.09551944,46.09551944,-122.968744400,-122.96874444,0,No Special Jurisdiction,12,Motor Vehicle In-Transport,2,Front-to-Front,0,No,1,Non-Junction,1,Not an Intersection,0,None,,,1,On Roadway,2,Dark - Not Lighted,2,Rain,0,No Additional Atmospheric Conditions,2,Rain,0,No,0000000,Not Applicable,6,6:00am-6:59am,38,38,6,6:00am-6:59am,50,50,99,Unknown,99,Unknown EMS Hospital Arrival Time,0,None,0,None,0,None,1,0