caseyear,state,st_case,statename,ve_total,ve_forms,pvh_invl,peds,pernotmvit,permvit,persons,county,countyname,city,cityname,day,dayname,month,monthname,year,day_week,day_weekname,hour,hourname,minute,minutename,nhs,nhsname,rur_urb,rur_urbname,func_sys,func_sysname,rd_owner,rd_ownername,route,routename,tway_id,tway_id2,milept,mileptname,latitude,latitudename,longitud,longitudname,sp_jur,sp_jurname,harm_ev,harm_evname,man_coll,man_collname,reljct1,reljct1name,reljct2,reljct2name,typ_int,typ_intname,wrk_zone,wrk_zonename,road_fnc,road_fncname,rel_road,rel_roadname,lgt_cond,lgt_condname,weather1,weather1name,weather2,weather2name,weather,weathername,sch_bus,sch_busname,rail,railname,not_hour,not_hourname,not_min,not_minname,arr_hour,arr_hourname,arr_min,arr_minname,hosp_hr,hosp_hrname,hosp_mn,hosp_mnname,cf1,cf1name,cf2,cf2name,cf3,cf3name,fatals,drunk_dr
2020,41,410030,Oregon,2,2,0,0,0,2,2,47,MARION (47),0,NOT APPLICABLE,18,18,4,April,2020,7,Saturday,9,9:00am-9:59am,40,40,1,This section IS ON the NHS,2,Urban,3,Principal Arterial - Other,2,County Highway Agency,4,County Road,CR-CORDON RD NE,CR-CENTER ST NE,18,18,44.93958889,44.93958889,-122.959361110,-122.959361110,0,No Special Jurisdiction,12,Motor Vehicle In-Transport,6,Angle,0,No,2,Intersection,2,Four-Way Intersection,0,None,,,1,On Roadway,1,Daylight,,,,,2,Rain,0,No,0000000,Not Applicable,9,9:00am-9:59am,40,40,9,9:00am-9:59am,46,46,99,Unknown,99,Unknown EMS Hospital Arrival Time,,,,,,,1,0
2020,41,410031,Oregon,2,2,0,0,0,2,2,5,CLACKAMAS (5),0,NOT APPLICABLE,20,20,4,April,2020,2,Monday,15,3:00pm-3:59pm,38,38,0,This section IS NOT on the NHS,1,Rural,6,Minor Collector,2,County Highway Agency,4,County Road,CR-SE COALMAN RD,,16,16,45.39515833,45.39515833,-122.218300000,-122.218300000,0,No Special Jurisdiction,12,Motor Vehicle In-Transport,2,Front-to-Front,0,No,1,Non-Junction,1,Not an Intersection,0,None,,,1,On Roadway,1,Daylight,,,,,1,Clear,0,No,0000000,Not Applicable,99,Unknown,99,Unknown,99,Unknown EMS Scene Arrival Hour,99,Unknown EMS Scene Arrival Minutes,99,Unknown,99,Unknown EMS Hospital Arrival Time,,,,,,,1,0
2020,41,410032,Oregon,1,1,0,0,0,1,1,39,LANE (39),0,NOT APPLICABLE,23,23,4,April,2020,5,Thursday,15,3:00pm-3:59pm,25,25,0,This section IS NOT on the NHS,1,Rural,7,Local,2,County Highway Agency,4,County Road,CR-CEDAR FLAT TD,,14,14,44.04249444,44.04249444,-122.840422220,-122.840422220,0,No Special Jurisdiction,42,Tree (Standing Only),0,The First Harmful Event was Not a Collision with a Motor Vehicle in Transport,0,No,1,Non-Junction,1,Not an Intersection,0,None,,,4,On Roadside,1,Daylight,,,,,1,Clear,0,No,0000000,Not Applicable,99,Unknown,99,Unknown,99,Unknown EMS Scene Arrival Hour,99,Unknown EMS Scene Arrival Minutes,88,"Not Applicable (Not Transported) ",88,Not Applicable (Not Transported),,,,,,,1,0
2020,41,410033,Oregon,1,1,0,0,0,1,1,39,LANE (39),0,NOT APPLICABLE,30,30,4,April,2020,5,Thursday,16,4:00pm-4:59pm,56,56,0,This section IS NOT on the NHS,1,Rural,7,Local,2,County Highway Agency,4,County Road,CR-HILLS CREEK RD,,9,9,43.99479444,43.99479444,-122.884377780,-122.884377780,0,No Special Jurisdiction,38,Fence,0,The First Harmful Event was Not a Collision with a Motor Vehicle in Transport,0,No,1,Non-Junction,1,Not an Intersection,0,None,,,4,On Roadside,1,Daylight,,,,,1,Clear,0,No,0000000,Not Applicable,16,4:00pm-4:59pm,54,54,17,5:00pm-5:59pm,0,0,99,Unknown,99,Unknown EMS Hospital Arrival Time,,,,,,,1,0
2020,41,410034,Oregon,3,3,0,0,0,4,4,57,TILLAMOOK (57),0,NOT APPLICABLE,17,17,5,May,2020,1,Sunday,14,2:00pm-2:59pm,9,9,1,This section IS ON the NHS,2,Urban,3,Principal Arterial - Other,1,State Highway Agency,2,U.S. Highway,US-101 ODOT 9,,634,634,45.48972778,45.48972778,-123.845930560,-123.845930560,0,No Special Jurisdiction,12,Motor Vehicle In-Transport,2,Front-to-Front,0,No,1,Non-Junction,1,Not an Intersection,0,None,,,1,On Roadway,1,Daylight,,,,,10,Cloudy,0,No,0000000,Not Applicable,14,2:00pm-2:59pm,9,9,14,2:00pm-2:59pm,18,18,99,Unknown,99,Unknown EMS Hospital Arrival Time,,,,,,,2,1
2020,41,410035,Oregon,1,1,0,0,0,1,1,43,LINN (43),0,NOT APPLICABLE,19,19,5,May,2020,3,Tuesday,1,1:00am-1:59am,31,31,1,This section IS ON the NHS,1,Rural,1,Interstate,1,State Highway Agency,1,Interstate,I-5,,2187,2187,44.42014722,44.42014722,-123.061186110,-123.061186110,0,No Special Jurisdiction,24,Guardrail Face,0,The First Harmful Event was Not a Collision with a Motor Vehicle in Transport,0,No,1,Non-Junction,1,Not an Intersection,0,None,,,4,On Roadside,2,Dark - Not Lighted,,,,,10,Cloudy,0,No,0000000,Not Applicable,1,1:00am-1:59am,31,31,1,1:00am-1:59am,41,41,88,"Not Applicable (Not Transported) ",88,Not Applicable (Not Transported),,,,,,,1,0
2020,41,410036,Oregon,1,1,0,0,0,4,4,41,LINCOLN (41),0,NOT APPLICABLE,21,21,5,May,2020,5,Thursday,8,8:00am-8:59am,7,7,0,This section IS NOT on the NHS,1,Rural,5,Major Collector,1,State Highway Agency,3,State Highway,SR-180 ODOT 180,,2,2,44.63761944,44.63761944,-123.771661110,-123.771661110,0,No Special Jurisdiction,35,Embankment,0,The First Harmful Event was Not a Collision with a Motor Vehicle in Transport,0,No,1,Non-Junction,1,Not an Intersection,0,None,,,4,On Roadside,1,Daylight,,,,,10,Cloudy,0,No,0000000,Not Applicable,8,8:00am-8:59am,8,8,8,8:00am-8:59am,27,27,99,Unknown,99,Unknown EMS Hospital Arrival Time,,,,,,,3,0
2020,41,410037,Oregon,1,1,0,1,1,1,1,5,CLACKAMAS (5),800,GLADSTONE,21,21,5,May,2020,5,Thursday,22,10:00pm-10:59pm,1,1,1,This section IS ON the NHS,2,Urban,3,Principal Arterial - Other,1,State Highway Agency,3,State Highway,SR- 99E ODOT 81,,109,109,45.37713333,45.37713333,-122.602277780,-122.602277780,0,No Special Jurisdiction,8,Pedestrian,0,The First Harmful Event was Not a Collision with a Motor Vehicle in Transport,0,No,1,Non-Junction,1,Not an Intersection,0,None,,,1,On Roadway,2,Dark - Not Lighted,,,,,10,Cloudy,0,No,0000000,Not Applicable,22,10:00pm-10:59pm,1,1,22,10:00pm-10:59pm,5,5,88,"Not Applicable (Not Transported) ",88,Not Applicable (Not Transported),,,,,,,1,0
2020,41,410038,Oregon,2,2,0,0,0,4,4,43,LINN (43),0,NOT APPLICABLE,23,23,5,May,2020,7,Saturday,0,0:00am-0:59am,17,17,0,This section IS NOT on the NHS,1,Rural,4,Minor Arterial,1,State Highway Agency,3,State Highway,SR-228 ODOT 212,,105,105,44.37264444,44.37264444,-122.900288890,-122.900288890,0,No Special Jurisdiction,12,Motor Vehicle In-Transport,2,Front-to-Front,0,No,1,Non-Junction,1,Not an Intersection,0,None,,,1,On Roadway,2,Dark - Not Lighted,,,,,1,Clear,0,No,0000000,Not Applicable,99,Unknown,99,Unknown,99,Unknown EMS Scene Arrival Hour,99,Unknown EMS Scene Arrival Minutes,99,Unknown,99,Unknown EMS Hospital Arrival Time,,,,,,,2,1
2020,41,410039,Oregon,2,2,0,0,0,2,2,43,LINN (43),0,NOT APPLICABLE,24,24,5,May,2020,1,Sunday,1,1:00am-1:59am,29,29,1,This section IS ON the NHS,1,Rural,3,Principal Arterial - Other,1,State Highway Agency,3,State Highway,SR-22E ODOT 162,,645,645,44.64015556,44.64015556,-121.943580560,-121.943580560,0,No Special Jurisdiction,12,Motor Vehicle In-Transport,6,Angle,0,No,1,Non-Junction,1,Not an Intersection,0,None,,,1,On Roadway,2,Dark - Not Lighted,,,,,1,Clear,0,No,0000000,Not Applicable,1,1:00am-1:59am,29,29,1,1:00am-1:59am,54,54,99,Unknown,99,Unknown EMS Hospital Arrival Time,,,,,,,1,1
2020,41,410040,Oregon,1,1,0,0,0,1,1,53,POLK (53),0,NOT APPLICABLE,18,18,4,April,2020,7,Saturday,2,2:00am-2:59am,47,47,1,This section IS ON the NHS,1,Rural,3,Principal Arterial - Other,1,State Highway Agency,3,State Highway,SR-18 ODOT 39,,154,154,45.07162778,45.07162778,-123.713880560,-123.713880560,0,No Special Jurisdiction,42,Tree (Standing Only),0,The First Harmful Event was Not a Collision with a Motor Vehicle in Transport,0,No,1,Non-Junction,1,Not an Intersection,0,None,,,4,On Roadside,2,Dark - Not Lighted,,,,,10,Cloudy,0,No,0000000,Not Applicable,2,2:00am-2:59am,47,47,3,3:00am-3:59am,7,7,88,"Not Applicable (Not Transported) ",88,Not Applicable (Not Transported),,,,,,,1,0
2020,41,410041,Oregon,1,1,0,0,0,1,1,41,LINCOLN (41),0,NOT APPLICABLE,27,27,4,April,2020,2,Monday,13,1:00pm-1:59pm,27,27,0,This section IS NOT on the NHS,1,Rural,4,Minor Arterial,1,State Highway Agency,3,State Highway,SR-34 ODOT 27,,111,111,44.40725278,44.40725278,-123.889316670,-123.889316670,0,No Special Jurisdiction,34,Ditch,0,The First Harmful Event was Not a Collision with a Motor Vehicle in Transport,0,No,1,Non-Junction,1,Not an Intersection,0,None,,,4,On Roadside,1,Daylight,,,,,2,Rain,0,No,0000000,Not Applicable,13,1:00pm-1:59pm,26,26,13,1:00pm-1:59pm,41,41,88,"Not Applicable (Not Transported) ",88,Not Applicable (Not Transported),,,,,,,1,0
2020,41,410042,Oregon,1,1,0,1,1,1,1,39,LANE (39),0,NOT APPLICABLE,30,30,4,April,2020,5,Thursday,19,7:00pm-7:59pm,18,18,0,This section IS NOT on the NHS,1,Rural,6,Minor Collector,2,County Highway Agency,4,County Road,CR-ROYAL AVE,,43,43,44.07042778,44.07042778,-123.230291670,-123.230291670,0,No Special Jurisdiction,9,Pedalcyclist,0,The First Harmful Event was Not a Collision with a Motor Vehicle in Transport,0,No,1,Non-Junction,1,Not an Intersection,0,None,,,2,On Shoulder,1,Daylight,,,,,1,Clear,0,No,0000000,Not Applicable,19,7:00pm-7:59pm,17,17,19,7:00pm-7:59pm,24,24,99,Unknown,99,Unknown EMS Hospital Arrival Time,,,,,,,1,0
2020,41,410043,Oregon,2,2,0,0,0,2,2,23,GRANT (23),0,NOT APPLICABLE,2,2,5,May,2020,7,Saturday,16,4:00pm-4:59pm,23,23,1,This section IS ON the NHS,1,Rural,3,Principal Arterial - Other,1,State Highway Agency,2,U.S. Highway,US-26 ODOT 5,,1504,1504,44.41435556,44.41435556,-119.183483330,-119.183483330,0,No Special Jurisdiction,12,Motor Vehicle In-Transport,2,Front-to-Front,0,No,1,Non-Junction,1,Not an Intersection,0,None,,,1,On Roadway,1,Daylight,,,,,1,Clear,0,No,0000000,Not Applicable,16,4:00pm-4:59pm,24,24,16,4:00pm-4:59pm,44,44,88,"Not Applicable (Not Transported) ",88,Not Applicable (Not Transported),,,,,,,1,1
2020,41,410044,Oregon,2,2,0,1,1,2,2,29,JACKSON (29),1310,MEDFORD,4,4,5,May,2020,2,Monday,0,0:00am-0:59am,21,21,1,This section IS ON the NHS,2,Urban,1,Interstate,1,State Highway Agency,1,Interstate,I-5,,294,294,42.33621111,42.33621111,-122.872011110,-122.872011110,0,No Special Jurisdiction,8,Pedestrian,0,The First Harmful Event was Not a Collision with a Motor Vehicle in Transport,0,No,1,Non-Junction,1,Not an Intersection,0,None,,,1,On Roadway,2,Dark - Not Lighted,,,,,1,Clear,0,No,0000000,Not Applicable,0,0:00am-0:59am,21,21,0,0:00am-0:59am,28,28,88,"Not Applicable (Not Transported) ",88,Not Applicable (Not Transported),,,,,,,1,0
2020,41,410045,Oregon,3,3,0,0,0,4,4,55,SHERMAN (55),0,NOT APPLICABLE,7,7,5,May,2020,5,Thursday,19,7:00pm-7:59pm,10,10,1,This section IS ON the NHS,1,Rural,3,Principal Arterial - Other,1,State Highway Agency,2,U.S. Highway,US-97 ODOT 4,,466,466,45.11103333,45.11103333,-120.686730560,-120.686730560,0,No Special Jurisdiction,12,Motor Vehicle In-Transport,8,Sideswipe - Opposite Direction,0,No,1,Non-Junction,1,Not an Intersection,0,None,,,1,On Roadway,1,Daylight,,,,,1,Clear,0,No,0000000,Not Applicable,19,7:00pm-7:59pm,10,10,19,7:00pm-7:59pm,30,30,88,"Not Applicable (Not Transported) ",88,Not Applicable (Not Transported),,,,,,,1,0
2020,41,410046,Oregon,1,1,0,0,0,1,1,35,KLAMATH (35),0,NOT APPLICABLE,9,9,5,May,2020,7,Saturday,23,11:00pm-11:59pm,18,18,0,This section IS NOT on the NHS,2,Urban,4,Minor Arterial,1,State Highway Agency,3,State Highway,SR-66 ODOT 21,,579,579,42.18763333,42.18763333,-121.819280560,-121.819280560,0,No Special Jurisdiction,42,Tree (Standing Only),0,The First Harmful Event was Not a Collision with a Motor Vehicle in Transport,0,No,1,Non-Junction,1,Not an Intersection,0,None,,,4,On Roadside,2,Dark - Not Lighted,,,,,1,Clear,0,No,0000000,Not Applicable,11,11:00am-11:59am,20,20,11,11:00am-11:59am,28,28,88,"Not Applicable (Not Transported) ",88,Not Applicable (Not Transported),,,,,,,1,1
2020,41,410047,Oregon,1,1,0,0,0,1,1,19,DOUGLAS (19),0,NOT APPLICABLE,27,27,5,May,2020,4,Wednesday,15,3:00pm-3:59pm,50,50,0,This section IS NOT on the NHS,1,Rural,4,Minor Arterial,1,State Highway Agency,3,State Highway,SR-138E ODOT 138,,543,543,43.29950833,43.29950833,-122.493125000,-122.493125000,0,No Special Jurisdiction,24,Guardrail Face,0,The First Harmful Event was Not a Collision with a Motor Vehicle in Transport,0,No,1,Non-Junction,1,Not an Intersection,0,None,,,4,On Roadside,1,Daylight,,,,,1,Clear,0,No,0000000,Not Applicable,99,Unknown,99,Unknown,99,Unknown EMS Scene Arrival Hour,99,Unknown EMS Scene Arrival Minutes,88,"Not Applicable (Not Transported) ",88,Not Applicable (Not Transported),,,,,,,1,0
2020,41,410048,Oregon,2,2,0,0,0,3,3,57,TILLAMOOK (57),0,NOT APPLICABLE,30,30,5,May,2020,7,Saturday,13,1:00pm-1:59pm,33,33,1,This section IS ON the NHS,1,Rural,3,Principal Arterial - Other,1,State Highway Agency,2,U.S. Highway,US-101 ODOT 9,,902,902,45.17895278,45.17895278,-123.923269440,-123.923269440,0,No Special Jurisdiction,12,Motor Vehicle In-Transport,2,Front-to-Front,0,No,1,Non-Junction,1,Not an Intersection,0,None,,,1,On Roadway,1,Daylight,,,,,2,Rain,0,No,0000000,Not Applicable,13,1:00pm-1:59pm,34,34,13,1:00pm-1:59pm,48,48,99,Unknown,99,Unknown EMS Hospital Arrival Time,,,,,,,1,1
2020,41,410049,Oregon,2,2,0,0,0,3,3,53,POLK (53),0,NOT APPLICABLE,4,4,6,June,2020,5,Thursday,1,1:00am-1:59am,28,28,1,This section IS ON the NHS,1,Rural,3,Principal Arterial - Other,1,State Highway Agency,3,State Highway,SR-22W ODOT 30,,204,204,44.93278889,44.93278889,-123.149533330,-123.149533330,0,No Special Jurisdiction,12,Motor Vehicle In-Transport,2,Front-to-Front,0,No,1,Non-Junction,1,Not an Intersection,0,None,,,1,On Roadway,2,Dark - Not Lighted,,,,,1,Clear,0,No,0000000,Not Applicable,1,1:00am-1:59am,29,29,1,1:00am-1:59am,35,35,99,Unknown,99,Unknown EMS Hospital Arrival Time,,,,,,,1,0
2020,41,410050,Oregon,1,1,0,0,0,1,1,43,LINN (43),20,ALBANY,6,6,6,June,2020,7,Saturday,17,5:00pm-5:59pm,40,40,1,This section IS ON the NHS,2,Urban,1,Interstate,1,State Highway Agency,1,Interstate,I-5,,2336,2336,44.63613889,44.63613889,-123.062491670,-123.062491670,0,No Special Jurisdiction,35,Embankment,0,The First Harmful Event was Not a Collision with a Motor Vehicle in Transport,0,No,1,Non-Junction,1,Not an Intersection,0,None,,,4,On Roadside,1,Daylight,,,,,1,Clear,0,No,0000000,Not Applicable,17,5:00pm-5:59pm,40,40,17,5:00pm-5:59pm,45,45,88,"Not Applicable (Not Transported) ",88,Not Applicable (Not Transported),,,,,,,1,0
2020,41,410051,Oregon,1,1,0,0,0,2,2,41,LINCOLN (41),0,NOT APPLICABLE,13,13,5,May,2020,4,Wednesday,15,3:00pm-3:59pm,12,12,1,This section IS ON the NHS,1,Rural,3,Principal Arterial - Other,1,State Highway Agency,2,U.S. Highway,US-20 ODOT 33,CR-ELK CITY RD,156,156,44.66441944,44.66441944,-123.848997220,-123.848997220,0,No Special Jurisdiction,24,Guardrail Face,0,The First Harmful Event was Not a Collision with a Motor Vehicle in Transport,0,No,3,Intersection-Related,3,T-Intersection,0,None,,,4,On Roadside,1,Daylight,,,,,2,Rain,0,No,0000000,Not Applicable,3,3:00am-3:59am,14,14,3,3:00am-3:59am,25,25,99,Unknown,99,Unknown EMS Hospital Arrival Time,,,,,,,1,0
2020,41,410052,Oregon,1,1,0,1,1,1,1,43,LINN (43),2030,SWEET HOME,5,5,6,June,2020,6,Friday,10,10:00am-10:59am,4,4,0,This section IS NOT on the NHS,2,Urban,5,Major Collector,4,City or Municipal Highway Agency,6,Local Street - Municipality,HAWTHORNE ST,12TH AVE,0,None,44.39363333,44.39363333,-122.729150000,-122.729150000,0,No Special Jurisdiction,8,Pedestrian,0,The First Harmful Event was Not a Collision with a Motor Vehicle in Transport,0,No,3,Intersection-Related,3,T-Intersection,0,None,,,1,On Roadway,1,Daylight,,,,,10,Cloudy,0,No,0000000,Not Applicable,10,10:00am-10:59am,4,4,10,10:00am-10:59am,6,6,99,Unknown,99,Unknown EMS Hospital Arrival Time,,,,,,,1,0
2020,41,410053,Oregon,2,2,0,0,0,2,2,47,MARION (47),0,NOT APPLICABLE,9,9,6,June,2020,3,Tuesday,17,5:00pm-5:59pm,7,7,0,This section IS NOT on the NHS,1,Rural,4,Minor Arterial,1,State Highway Agency,3,State Highway,SR-99E ODOT 81,,357,357,45.10830556,45.10830556,-122.884008330,-122.884008330,0,No Special Jurisdiction,12,Motor Vehicle In-Transport,2,Front-to-Front,0,No,1,Non-Junction,1,Not an Intersection,0,None,,,1,On Roadway,1,Daylight,,,,,1,Clear,0,No,0000000,Not Applicable,17,5:00pm-5:59pm,7,7,17,5:00pm-5:59pm,18,18,88,"Not Applicable (Not Transported) ",88,Not Applicable (Not Transported),,,,,,,1,1
2020,41,410054,Oregon,2,2,0,0,0,3,3,17,DESCHUTES (17),0,NOT APPLICABLE,10,10,6,June,2020,4,Wednesday,4,4:00am-4:59am,0,0,1,This section IS ON the NHS,1,Rural,3,Principal Arterial - Other,1,State Highway Agency,2,U.S. Highway,US-20 ODOT 7,,528,528,43.75682778,43.75682778,-120.426736110,-120.426736110,0,No Special Jurisdiction,12,Motor Vehicle In-Transport,2,Front-to-Front,0,No,1,Non-Junction,1,Not an Intersection,0,None,,,1,On Roadway,2,Dark - Not Lighted,,,,,5,"Fog, Smog, Smoke",0,No,0000000,Not Applicable,4,4:00am-4:59am,15,15,5,5:00am-5:59am,7,7,99,Unknown,99,Unknown EMS Hospital Arrival Time,,,,,,,2,0
2020,41,410055,Oregon,1,1,0,0,0,1,1,11,COOS (11),0,NOT APPLICABLE,14,14,5,May,2020,5,Thursday,18,6:00pm-6:59pm,18,18,1,This section IS ON the NHS,1,Rural,3,Principal Arterial - Other,1,State Highway Agency,2,U.S. Highway,US-101 ODOT 9,,2521,2521,43.20576944,43.20576944,-124.306427780,-124.306427780,0,No Special Jurisdiction,24,Guardrail Face,0,The First Harmful Event was Not a Collision with a Motor Vehicle in Transport,0,No,1,Non-Junction,1,Not an Intersection,0,None,,,4,On Roadside,1,Daylight,,,,,1,Clear,0,No,0000000,Not Applicable,18,6:00pm-6:59pm,18,18,18,6:00pm-6:59pm,30,30,88,"Not Applicable (Not Transported) ",88,Not Applicable (Not Transported),,,,,,,1,0
2020,41,410056,Oregon,2,2,0,0,0,2,2,41,LINCOLN (41),0,NOT APPLICABLE,18,18,5,May,2020,2,Monday,10,10:00am-10:59am,30,30,1,This section IS ON the NHS,1,Rural,3,Principal Arterial - Other,1,State Highway Agency,2,U.S. Highway,US-20 ODOT 33,,100,100,44.67680833,44.67680833,-123.881680560,-123.881680560,0,No Special Jurisdiction,12,Motor Vehicle In-Transport,6,Angle,0,No,1,Non-Junction,1,Not an Intersection,0,None,,,1,On Roadway,1,Daylight,,,,,2,Rain,0,No,0000000,Not Applicable,10,10:00am-10:59am,49,49,11,11:00am-11:59am,0,0,88,"Not Applicable (Not Transported) ",88,Not Applicable (Not Transported),,,,,,,1,0
2020,41,410057,Oregon,2,2,0,0,0,2,2,43,LINN (43),0,NOT APPLICABLE,19,19,5,May,2020,3,Tuesday,16,4:00pm-4:59pm,15,15,0,This section IS NOT on the NHS,1,Rural,4,Minor Arterial,1,State Highway Agency,3,State Highway,SR-99 ODOT 81,,260,260,44.29619722,44.29619722,-123.145875000,-123.145875000,0,No Special Jurisdiction,12,Motor Vehicle In-Transport,2,Front-to-Front,0,No,1,Non-Junction,1,Not an Intersection,0,None,,,1,On Roadway,1,Daylight,,,,,10,Cloudy,0,No,0000000,Not Applicable,16,4:00pm-4:59pm,22,22,16,4:00pm-4:59pm,38,38,99,Unknown,99,Unknown EMS Hospital Arrival Time,,,,,,,1,0
2020,41,410058,Oregon,2,2,0,0,0,3,3,19,DOUGLAS (19),0,NOT APPLICABLE,13,13,6,June,2020,7,Saturday,19,7:00pm-7:59pm,21,21,1,This section IS ON the NHS,1,Rural,3,Principal Arterial - Other,1,State Highway Agency,2,U.S. Highway,US-101 ODOT 9,,2075,2075,43.75354167,43.75354167,-124.126352780,-124.126352780,0,No Special Jurisdiction,12,Motor Vehicle In-Transport,6,Angle,0,No,1,Non-Junction,1,Not an Intersection,0,None,,,1,On Roadway,1,Daylight,,,,,10,Cloudy,0,No,0000000,Not Applicable,19,7:00pm-7:59pm,22,22,19,7:00pm-7:59pm,29,29,99,Unknown,99,Unknown EMS Hospital Arrival Time,,,,,,,1,1
2020,41,410059,Oregon,2,2,0,0,0,7,7,17,DESCHUTES (17),0,NOT APPLICABLE,14,14,6,June,2020,1,Sunday,14,2:00pm-2:59pm,42,42,1,This section IS ON the NHS,1,Rural,3,Principal Arterial - Other,1,State Highway Agency,2,U.S. Highway,US-20 ODOT 7,"POWELL BUTTE HWY ",47,47,44.05789167,44.05789167,-121.219358330,-121.219358330,0,No Special Jurisdiction,12,Motor Vehicle In-Transport,1,Front-to-Rear,0,No,3,Intersection-Related,3,T-Intersection,0,None,,,1,On Roadway,1,Daylight,,,,,1,Clear,0,No,0000000,Not Applicable,14,2:00pm-2:59pm,50,50,14,2:00pm-2:59pm,54,54,99,Unknown,99,Unknown EMS Hospital Arrival Time,,,,,,,1,1
2020,41,410060,Oregon,1,1,0,0,0,2,2,67,WASHINGTON (67),0,NOT APPLICABLE,20,20,6,June,2020,7,Saturday,23,11:00pm-11:59pm,23,23,0,This section IS NOT on the NHS,1,Rural,4,Minor Arterial,1,State Highway Agency,3,State Highway,SR-219 ODOT 140,,58,58,45.43929167,45.43929167,-122.979755560,-122.979755560,0,No Special Jurisdiction,34,Ditch,0,The First Harmful Event was Not a Collision with a Motor Vehicle in Transport,0,No,1,Non-Junction,1,Not an Intersection,0,None,,,4,On Roadside,2,Dark - Not Lighted,,,,,1,Clear,0,No,0000000,Not Applicable,99,Unknown,99,Unknown,99,Unknown EMS Scene Arrival Hour,99,Unknown EMS Scene Arrival Minutes,99,Unknown,99,Unknown EMS Hospital Arrival Time,,,,,,,1,1
2020,41,410061,Oregon,1,1,0,0,0,1,1,35,KLAMATH (35),0,NOT APPLICABLE,22,22,6,June,2020,2,Monday,18,6:00pm-6:59pm,9,9,1,This section IS ON the NHS,1,Rural,3,Principal Arterial - Other,1,State Highway Agency,3,State Highway,SR-140 ODOT 20,,121,121,42.19352778,42.19352778,-121.595758330,-121.595758330,0,No Special Jurisdiction,24,Guardrail Face,0,The First Harmful Event was Not a Collision with a Motor Vehicle in Transport,0,No,1,Non-Junction,1,Not an Intersection,0,None,,,4,On Roadside,1,Daylight,,,,,1,Clear,0,No,0000000,Not Applicable,18,6:00pm-6:59pm,12,12,18,6:00pm-6:59pm,19,19,99,Unknown,99,Unknown EMS Hospital Arrival Time,,,,,,,1,0
2020,41,410062,Oregon,2,2,0,0,0,3,3,59,UMATILLA (59),0,NOT APPLICABLE,1,1,1,January,2020,4,Wednesday,15,3:00pm-3:59pm,45,45,0,This section IS NOT on the NHS,1,Rural,4,Minor Arterial,1,State Highway Agency,3,State Highway,SR-207 ODOT 320,,215,215,45.64757500,45.64757500,-119.406666670,-119.406666670,0,No Special Jurisdiction,12,Motor Vehicle In-Transport,2,Front-to-Front,0,No,1,Non-Junction,1,Not an Intersection,0,None,,,1,On Roadway,1,Daylight,,,,,1,Clear,0,No,0000000,Not Applicable,99,Unknown,99,Unknown,99,Unknown EMS Scene Arrival Hour,99,Unknown EMS Scene Arrival Minutes,99,Unknown,99,Unknown EMS Hospital Arrival Time,,,,,,,1,0
2020,41,410063,Oregon,1,1,0,1,1,1,1,43,LINN (43),20,ALBANY,1,1,1,January,2020,4,Wednesday,18,6:00pm-6:59pm,0,0,1,This section IS ON the NHS,2,Urban,3,Principal Arterial - Other,1,State Highway Agency,2,U.S. Highway,US-20 ODOT 16,WAVERLY ST SE,0,None,44.63212778,44.63212778,-123.073227780,-123.073227780,0,No Special Jurisdiction,8,Pedestrian,0,The First Harmful Event was Not a Collision with a Motor Vehicle in Transport,0,No,3,Intersection-Related,2,Four-Way Intersection,0,None,,,1,On Roadway,3,Dark - Lighted,,,,,10,Cloudy,0,No,0000000,Not Applicable,18,6:00pm-6:59pm,23,23,18,6:00pm-6:59pm,28,28,99,Unknown,99,Unknown EMS Hospital Arrival Time,,,,,,,1,0
2020,41,410064,Oregon,1,1,0,0,0,1,1,43,LINN (43),0,NOT APPLICABLE,7,7,1,January,2020,3,Tuesday,22,10:00pm-10:59pm,21,21,0,This section IS NOT on the NHS,2,Urban,5,Major Collector,2,County Highway Agency,4,County Road,CR-QUEEN AVE,,21,21,44.62002778,44.62002778,-123.128305560,-123.128305560,0,No Special Jurisdiction,53,Mail Box,0,The First Harmful Event was Not a Collision with a Motor Vehicle in Transport,0,No,1,Non-Junction,1,Not an Intersection,0,None,,,4,On Roadside,2,Dark - Not Lighted,,,,,2,Rain,0,No,0000000,Not Applicable,22,10:00pm-10:59pm,21,21,22,10:00pm-10:59pm,29,29,88,"Not Applicable (Not Transported) ",88,Not Applicable (Not Transported),,,,,,,1,0
2020,41,410065,Oregon,1,1,0,1,1,1,1,51,MULTNOMAH (51),1650,PORTLAND,9,9,1,January,2020,5,Thursday,1,1:00am-1:59am,33,33,1,This section IS ON the NHS,2,Urban,1,Interstate,1,State Highway Agency,1,Interstate,I-84,,54,54,45.53131944,45.53131944,-122.570847220,-122.570847220,0,No Special Jurisdiction,8,Pedestrian,0,The First Harmful Event was Not a Collision with a Motor Vehicle in Transport,0,No,1,Non-Junction,1,Not an Intersection,0,None,,,1,On Roadway,3,Dark - Lighted,,,,,10,Cloudy,0,No,0000000,Not Applicable,99,Unknown,99,Unknown,99,Unknown EMS Scene Arrival Hour,99,Unknown EMS Scene Arrival Minutes,88,"Not Applicable (Not Transported) ",88,Not Applicable (Not Transported),,,,,,,1,0
2020,41,410066,Oregon,1,1,0,0,0,1,1,17,DESCHUTES (17),0,NOT APPLICABLE,10,10,1,January,2020,6,Friday,19,7:00pm-7:59pm,13,13,0,This section IS NOT on the NHS,1,Rural,6,Minor Collector,2,County Highway Agency,4,County Road,CR-TUMALO RESERVOIR RD,,0,None,44.13822222,44.13822222,-121.384111110,-121.384111110,0,No Special Jurisdiction,1,Rollover/Overturn,0,The First Harmful Event was Not a Collision with a Motor Vehicle in Transport,0,No,1,Non-Junction,1,Not an Intersection,0,None,,,4,On Roadside,2,Dark - Not Lighted,,,,,4,Snow,0,No,0000000,Not Applicable,19,7:00pm-7:59pm,14,14,19,7:00pm-7:59pm,33,33,88,"Not Applicable (Not Transported) ",88,Not Applicable (Not Transported),,,,,,,1,1