caseyear,state,st_case,statename,ve_total,ve_forms,pvh_invl,peds,pernotmvit,permvit,persons,county,countyname,city,cityname,day,dayname,month,monthname,year,day_week,day_weekname,hour,hourname,minute,minutename,nhs,nhsname,rur_urb,rur_urbname,func_sys,func_sysname,rd_owner,rd_ownername,route,routename,tway_id,tway_id2,milept,mileptname,latitude,latitudename,longitud,longitudname,sp_jur,sp_jurname,harm_ev,harm_evname,man_coll,man_collname,reljct1,reljct1name,reljct2,reljct2name,typ_int,typ_intname,wrk_zone,wrk_zonename,road_fnc,road_fncname,rel_road,rel_roadname,lgt_cond,lgt_condname,weather1,weather1name,weather2,weather2name,weather,weathername,sch_bus,sch_busname,rail,railname,not_hour,not_hourname,not_min,not_minname,arr_hour,arr_hourname,arr_min,arr_minname,hosp_hr,hosp_hrname,hosp_mn,hosp_mnname,cf1,cf1name,cf2,cf2name,cf3,cf3name,fatals,drunk_dr
2020,41,410138,Oregon,1,1,0,0,0,1,1,67,WASHINGTON (67),0,NOT APPLICABLE,23,23,9,September,2020,4,Wednesday,20,8:00pm-8:59pm,1,1,0,This section IS NOT on the NHS,2,Urban,4,Minor Arterial,2,County Highway Agency,4,County Road,CR-NW BETHANY BLVD,CR-NW RIDGETOP LN,0,None,45.54240278,45.54240278,-122.840430560,-122.840430560,0,No Special Jurisdiction,59,"Traffic Sign Support ",0,The First Harmful Event was Not a Collision with a Motor Vehicle in Transport,0,No,3,Intersection-Related,2,Four-Way Intersection,0,None,,,4,On Roadside,5,Dusk,,,,,2,Rain,0,No,0000000,Not Applicable,99,Unknown,99,Unknown,99,Unknown EMS Scene Arrival Hour,99,Unknown EMS Scene Arrival Minutes,88,"Not Applicable (Not Transported) ",88,Not Applicable (Not Transported),,,,,,,1,1
2020,41,410139,Oregon,3,3,0,0,0,3,3,41,LINCOLN (41),1225,LINCOLN CITY,11,11,7,July,2020,7,Saturday,21,9:00pm-9:59pm,20,20,1,This section IS ON the NHS,2,Urban,3,Principal Arterial - Other,1,State Highway Agency,2,U.S. Highway,US-101 ODOT 9,,1136,1136,44.98435278,44.98435278,-124.007241670,-124.007241670,0,No Special Jurisdiction,12,Motor Vehicle In-Transport,6,Angle,0,No,1,Non-Junction,1,Not an Intersection,0,None,,,1,On Roadway,5,Dusk,,,,,1,Clear,0,No,0000000,Not Applicable,21,9:00pm-9:59pm,22,22,21,9:00pm-9:59pm,26,26,99,Unknown,99,Unknown EMS Hospital Arrival Time,,,,,,,1,0
2020,41,410140,Oregon,1,1,0,0,0,1,1,53,POLK (53),0,NOT APPLICABLE,29,29,7,July,2020,4,Wednesday,20,8:00pm-8:59pm,30,30,0,This section IS NOT on the NHS,1,Rural,4,Minor Arterial,1,State Highway Agency,3,State Highway,SR-194 ODOT 194,,10,10,44.83199444,44.83199444,-123.345330560,-123.345330560,0,No Special Jurisdiction,42,Tree (Standing Only),0,The First Harmful Event was Not a Collision with a Motor Vehicle in Transport,0,No,1,Non-Junction,1,Not an Intersection,0,None,,,4,On Roadside,2,Dark - Not Lighted,,,,,1,Clear,0,No,0000000,Not Applicable,22,10:00pm-10:59pm,0,0,23,11:00pm-11:59pm,23,23,88,"Not Applicable (Not Transported) ",88,Not Applicable (Not Transported),,,,,,,1,1
2020,41,410141,Oregon,1,1,0,0,0,1,1,19,DOUGLAS (19),0,NOT APPLICABLE,1,1,7,July,2020,4,Wednesday,10,10:00am-10:59am,47,47,1,This section IS ON the NHS,1,Rural,3,Principal Arterial - Other,1,State Highway Agency,2,U.S. Highway,US-101 ODOT 9,,2177,2177,43.69831389,43.69831389,-124.111488890,-124.111488890,0,No Special Jurisdiction,42,Tree (Standing Only),0,The First Harmful Event was Not a Collision with a Motor Vehicle in Transport,0,No,1,Non-Junction,1,Not an Intersection,0,None,,,4,On Roadside,1,Daylight,,,,,1,Clear,0,No,0000000,Not Applicable,10,10:00am-10:59am,47,47,10,10:00am-10:59am,53,53,88,"Not Applicable (Not Transported) ",88,Not Applicable (Not Transported),,,,,,,1,1
2020,41,410142,Oregon,1,1,0,0,0,1,1,35,KLAMATH (35),0,NOT APPLICABLE,14,14,7,July,2020,3,Tuesday,99,Unknown Hours,99,Unknown Minutes,0,This section IS NOT on the NHS,1,Rural,5,Major Collector,2,County Highway Agency,4,County Road,CR-SPRAGUE RIVER RD,,230,230,42.56411667,42.56411667,-121.681233330,-121.681233330,0,No Special Jurisdiction,42,Tree (Standing Only),0,The First Harmful Event was Not a Collision with a Motor Vehicle in Transport,0,No,1,Non-Junction,1,Not an Intersection,0,None,,,4,On Roadside,9,Reported as Unknown,,,,,1,Clear,0,No,0000000,Not Applicable,11,11:00am-11:59am,8,8,11,11:00am-11:59am,24,24,88,"Not Applicable (Not Transported) ",88,Not Applicable (Not Transported),,,,,,,1,1
2020,41,410143,Oregon,1,1,0,0,0,1,1,19,DOUGLAS (19),0,NOT APPLICABLE,16,16,7,July,2020,5,Thursday,9,9:00am-9:59am,15,15,0,This section IS NOT on the NHS,1,Rural,6,Minor Collector,2,County Highway Agency,4,County Road,CR-LOON LAKE RD,,72,72,43.57573889,43.57573889,-123.829866670,-123.829866670,0,No Special Jurisdiction,1,Rollover/Overturn,0,The First Harmful Event was Not a Collision with a Motor Vehicle in Transport,0,No,1,Non-Junction,1,Not an Intersection,0,None,,,5,Outside Trafficway,1,Daylight,,,,,1,Clear,0,No,0000000,Not Applicable,9,9:00am-9:59am,35,35,9,9:00am-9:59am,38,38,88,"Not Applicable (Not Transported) ",88,Not Applicable (Not Transported),,,,,,,1,1
2020,41,410144,Oregon,5,5,0,0,0,5,5,5,CLACKAMAS (5),0,NOT APPLICABLE,28,28,7,July,2020,3,Tuesday,7,7:00am-7:59am,19,19,0,This section IS NOT on the NHS,1,Rural,4,Minor Arterial,1,State Highway Agency,3,State Highway,SR-224 ODOT 171,,118,118,45.38793056,45.38793056,-122.458527780,-122.458527780,0,No Special Jurisdiction,12,Motor Vehicle In-Transport,6,Angle,0,No,1,Non-Junction,1,Not an Intersection,0,None,,,1,On Roadway,1,Daylight,,,,,1,Clear,0,No,0000000,Not Applicable,7,7:00am-7:59am,20,20,7,7:00am-7:59am,25,25,99,Unknown,99,Unknown EMS Hospital Arrival Time,,,,,,,1,0
2020,41,410145,Oregon,1,1,0,0,0,1,1,41,LINCOLN (41),0,NOT APPLICABLE,26,26,7,July,2020,1,Sunday,19,7:00pm-7:59pm,7,7,0,This section IS NOT on the NHS,1,Rural,4,Minor Arterial,1,State Highway Agency,3,State Highway,SR-34 ODOT 27,,145,145,44.39590833,44.39590833,-123.828194440,-123.828194440,0,No Special Jurisdiction,34,Ditch,0,The First Harmful Event was Not a Collision with a Motor Vehicle in Transport,0,No,1,Non-Junction,1,Not an Intersection,0,None,,,4,On Roadside,1,Daylight,,,,,1,Clear,0,No,0000000,Not Applicable,19,7:00pm-7:59pm,7,7,19,7:00pm-7:59pm,21,21,88,"Not Applicable (Not Transported) ",88,Not Applicable (Not Transported),,,,,,,1,1
2020,41,410146,Oregon,1,1,0,1,1,2,2,7,CLATSOP (7),770,GEARHART,30,30,7,July,2020,5,Thursday,21,9:00pm-9:59pm,30,30,1,This section IS ON the NHS,2,Urban,3,Principal Arterial - Other,1,State Highway Agency,2,U.S. Highway,US-101 ODOT 9,CR-WAKEMAN LN,174,174,46.04325278,46.04325278,-123.913458330,-123.913458330,0,No Special Jurisdiction,8,Pedestrian,0,The First Harmful Event was Not a Collision with a Motor Vehicle in Transport,0,No,3,Intersection-Related,3,T-Intersection,0,None,,,1,On Roadway,2,Dark - Not Lighted,,,,,1,Clear,0,No,0000000,Not Applicable,21,9:00pm-9:59pm,30,30,21,9:00pm-9:59pm,33,33,88,"Not Applicable (Not Transported) ",88,Not Applicable (Not Transported),,,,,,,1,0
2020,41,410147,Oregon,3,3,0,0,0,7,7,47,MARION (47),0,NOT APPLICABLE,26,26,7,July,2020,1,Sunday,14,2:00pm-2:59pm,59,59,1,This section IS ON the NHS,1,Rural,3,Principal Arterial - Other,1,State Highway Agency,3,State Highway,SR-22 ODOT 162,,381,381,44.75736944,44.75736944,-122.331133330,-122.331133330,0,No Special Jurisdiction,12,Motor Vehicle In-Transport,6,Angle,0,No,1,Non-Junction,1,Not an Intersection,0,None,,,1,On Roadway,1,Daylight,,,,,1,Clear,0,No,0000000,Not Applicable,14,2:00pm-2:59pm,59,59,15,3:00pm-3:59pm,17,17,99,Unknown,99,Unknown EMS Hospital Arrival Time,,,,,,,1,0
2020,41,410148,Oregon,1,1,0,0,0,1,1,53,POLK (53),1810,SALEM,31,31,7,July,2020,6,Friday,17,5:00pm-5:59pm,45,45,1,This section IS ON the NHS,2,Urban,3,Principal Arterial - Other,1,State Highway Agency,3,State Highway,SR-22 ODOT 30,,258,258,44.94634722,44.94634722,-123.044730560,-123.044730560,0,No Special Jurisdiction,23,Bridge Rail (Includes parapet),0,The First Harmful Event was Not a Collision with a Motor Vehicle in Transport,0,No,1,Non-Junction,1,Not an Intersection,0,None,,,4,On Roadside,1,Daylight,,,,,1,Clear,0,No,0000000,Not Applicable,17,5:00pm-5:59pm,45,45,17,5:00pm-5:59pm,49,49,88,"Not Applicable (Not Transported) ",88,Not Applicable (Not Transported),,,,,,,1,1
2020,41,410149,Oregon,2,2,0,0,0,3,3,17,DESCHUTES (17),0,NOT APPLICABLE,1,1,8,August,2020,7,Saturday,13,1:00pm-1:59pm,22,22,1,This section IS ON the NHS,2,Urban,3,Principal Arterial - Other,1,State Highway Agency,2,U.S. Highway,US-97 ODO 4,CR-NW PERSHALL WAY,1185,1185,44.31273056,44.31273056,-121.171527780,-121.171527780,0,No Special Jurisdiction,12,Motor Vehicle In-Transport,6,Angle,0,No,2,Intersection,2,Four-Way Intersection,0,None,,,1,On Roadway,1,Daylight,,,,,1,Clear,0,No,0000000,Not Applicable,13,1:00pm-1:59pm,22,22,13,1:00pm-1:59pm,26,26,88,"Not Applicable (Not Transported) ",88,Not Applicable (Not Transported),,,,,,,2,1
2020,41,410150,Oregon,1,1,0,0,0,1,1,1,BAKER (1),0,NOT APPLICABLE,7,7,8,August,2020,6,Friday,14,2:00pm-2:59pm,18,18,1,This section IS ON the NHS,1,Rural,1,Interstate,1,State Highway Agency,1,Interstate,I-84,,2917,2917,44.96084167,44.96084167,-117.863619440,-117.863619440,0,No Special Jurisdiction,1,Rollover/Overturn,0,The First Harmful Event was Not a Collision with a Motor Vehicle in Transport,0,No,1,Non-Junction,1,Not an Intersection,0,None,,,4,On Roadside,1,Daylight,,,,,1,Clear,0,No,0000000,Not Applicable,14,2:00pm-2:59pm,13,13,14,2:00pm-2:59pm,29,29,88,"Not Applicable (Not Transported) ",88,Not Applicable (Not Transported),,,,,,,1,0
2020,41,410151,Oregon,1,1,0,0,0,1,1,65,WASCO (65),0,NOT APPLICABLE,9,9,8,August,2020,1,Sunday,14,2:00pm-2:59pm,25,25,0,This section IS NOT on the NHS,1,Rural,4,Minor Arterial,1,State Highway Agency,2,U.S. Highway,US-197 ODOT 4,,616,616,44.99040000,44.99040000,-120.994891670,-120.994891670,0,No Special Jurisdiction,1,Rollover/Overturn,0,The First Harmful Event was Not a Collision with a Motor Vehicle in Transport,0,No,1,Non-Junction,1,Not an Intersection,0,None,,,4,On Roadside,1,Daylight,,,,,1,Clear,0,No,0000000,Not Applicable,14,2:00pm-2:59pm,34,34,15,3:00pm-3:59pm,1,1,88,"Not Applicable (Not Transported) ",88,Not Applicable (Not Transported),,,,,,,1,1
2020,41,410152,Oregon,2,2,0,0,0,3,3,59,UMATILLA (59),0,NOT APPLICABLE,10,10,8,August,2020,2,Monday,11,11:00am-11:59am,9,9,0,This section IS NOT on the NHS,1,Rural,5,Major Collector,1,State Highway Agency,3,State Highway,SR-37 ODOT 36,,77,77,45.88544167,45.88544167,-119.021269440,-119.021269440,0,No Special Jurisdiction,12,Motor Vehicle In-Transport,2,Front-to-Front,0,No,1,Non-Junction,1,Not an Intersection,0,None,,,1,On Roadway,1,Daylight,,,,,1,Clear,0,No,0000000,Not Applicable,11,11:00am-11:59am,11,11,11,11:00am-11:59am,26,26,88,"Not Applicable (Not Transported) ",88,Not Applicable (Not Transported),,,,,,,1,0
2020,41,410153,Oregon,2,2,0,0,0,2,2,7,CLATSOP (7),0,NOT APPLICABLE,11,11,8,August,2020,3,Tuesday,10,10:00am-10:59am,17,17,1,This section IS ON the NHS,1,Rural,3,Principal Arterial - Other,1,State Highway Agency,2,U.S. Highway,US-101 ODOT 9,,320,320,45.84953056,45.84953056,-123.960447220,-123.960447220,0,No Special Jurisdiction,12,Motor Vehicle In-Transport,2,Front-to-Front,0,No,1,Non-Junction,1,Not an Intersection,0,None,,,1,On Roadway,1,Daylight,,,,,1,Clear,0,No,0000000,Not Applicable,10,10:00am-10:59am,17,17,10,10:00am-10:59am,21,21,88,"Not Applicable (Not Transported) ",88,Not Applicable (Not Transported),,,,,,,1,0
2020,41,410154,Oregon,1,1,0,1,1,1,1,39,LANE (39),660,EUGENE,14,14,8,August,2020,6,Friday,13,1:00pm-1:59pm,36,36,1,This section IS ON the NHS,2,Urban,3,Principal Arterial - Other,4,City or Municipal Highway Agency,6,Local Street - Municipality,W 7TH AVE,TAYLOR ST,0,None,44.05218056,44.05218056,-123.114058330,-123.114058330,0,No Special Jurisdiction,8,Pedestrian,0,The First Harmful Event was Not a Collision with a Motor Vehicle in Transport,0,No,3,Intersection-Related,2,Four-Way Intersection,0,None,,,1,On Roadway,1,Daylight,,,,,98,Not Reported,0,No,0000000,Not Applicable,13,1:00pm-1:59pm,36,36,13,1:00pm-1:59pm,37,37,88,"Not Applicable (Not Transported) ",88,Not Applicable (Not Transported),,,,,,,1,0
2020,41,410155,Oregon,1,1,0,0,0,3,3,17,DESCHUTES (17),0,NOT APPLICABLE,16,16,8,August,2020,1,Sunday,11,11:00am-11:59am,27,27,0,This section IS NOT on the NHS,1,Rural,5,Major Collector,1,State Highway Agency,3,State Highway,SR-242 ODOT 15,,898,898,44.30076667,44.30076667,-121.602169440,-121.602169440,0,No Special Jurisdiction,1,Rollover/Overturn,0,The First Harmful Event was Not a Collision with a Motor Vehicle in Transport,0,No,1,Non-Junction,1,Not an Intersection,0,None,,,4,On Roadside,1,Daylight,,,,,1,Clear,0,No,0000000,Not Applicable,11,11:00am-11:59am,27,27,11,11:00am-11:59am,33,33,99,Unknown,99,Unknown EMS Hospital Arrival Time,,,,,,,1,0
2020,41,410156,Oregon,1,1,0,0,0,1,1,55,SHERMAN (55),0,NOT APPLICABLE,17,17,8,August,2020,2,Monday,16,4:00pm-4:59pm,13,13,1,This section IS ON the NHS,1,Rural,3,Principal Arterial - Other,1,State Highway Agency,2,U.S. Highway,US-97 ODOT 42,,309,309,45.32859444,45.32859444,-120.768686110,-120.768686110,0,No Special Jurisdiction,38,Fence,0,The First Harmful Event was Not a Collision with a Motor Vehicle in Transport,0,No,1,Non-Junction,1,Not an Intersection,0,None,,,4,On Roadside,1,Daylight,,,,,10,Cloudy,0,No,0000000,Not Applicable,16,4:00pm-4:59pm,15,15,16,4:00pm-4:59pm,27,27,99,Unknown,99,Unknown EMS Hospital Arrival Time,,,,,,,1,0
2020,41,410157,Oregon,1,1,0,0,0,1,1,33,JOSEPHINE (33),0,NOT APPLICABLE,18,18,8,August,2020,3,Tuesday,3,3:00am-3:59am,57,57,1,This section IS ON the NHS,1,Rural,3,Principal Arterial - Other,1,State Highway Agency,2,U.S. Highway,US-199 ODOT 25,,214,214,42.27717778,42.27717778,-123.616763890,-123.616763890,0,No Special Jurisdiction,34,Ditch,0,The First Harmful Event was Not a Collision with a Motor Vehicle in Transport,0,No,1,Non-Junction,1,Not an Intersection,0,None,,,4,On Roadside,2,Dark - Not Lighted,,,,,1,Clear,0,No,0000000,Not Applicable,3,3:00am-3:59am,47,47,4,4:00am-4:59am,0,0,88,"Not Applicable (Not Transported) ",88,Not Applicable (Not Transported),,,,,,,1,1
2020,41,410158,Oregon,4,4,0,0,0,8,8,31,JEFFERSON (31),0,NOT APPLICABLE,18,18,8,August,2020,3,Tuesday,13,1:00pm-1:59pm,24,24,1,This section IS ON the NHS,1,Rural,3,Principal Arterial - Other,1,State Highway Agency,2,U.S. Highway,US-97 ODOT 4,,1000,1000,44.57060000,44.57060000,-121.160230560,-121.160230560,0,No Special Jurisdiction,12,Motor Vehicle In-Transport,1,Front-to-Rear,0,No,1,Non-Junction,1,Not an Intersection,0,None,,,1,On Roadway,1,Daylight,,,,,1,Clear,0,No,0000000,Not Applicable,13,1:00pm-1:59pm,24,24,13,1:00pm-1:59pm,31,31,99,Unknown,99,Unknown EMS Hospital Arrival Time,,,,,,,1,0
2020,41,410159,Oregon,1,1,0,0,0,1,1,19,DOUGLAS (19),0,NOT APPLICABLE,22,22,8,August,2020,7,Saturday,17,5:00pm-5:59pm,48,48,1,This section IS ON the NHS,1,Rural,3,Principal Arterial - Other,1,State Highway Agency,3,State Highway,SR-38 ODOT 45,,392,392,43.66403056,43.66403056,-123.487405560,-123.487405560,0,No Special Jurisdiction,17,Boulder,0,The First Harmful Event was Not a Collision with a Motor Vehicle in Transport,0,No,1,Non-Junction,1,Not an Intersection,0,None,,,4,On Roadside,1,Daylight,,,,,1,Clear,0,No,0000000,Not Applicable,17,5:00pm-5:59pm,48,48,18,6:00pm-6:59pm,10,10,88,"Not Applicable (Not Transported) ",88,Not Applicable (Not Transported),,,,,,,1,0
2020,41,410160,Oregon,1,1,0,1,1,1,1,29,JACKSON (29),0,NOT APPLICABLE,26,26,8,August,2020,4,Wednesday,17,5:00pm-5:59pm,7,7,0,This section IS NOT on the NHS,2,Urban,5,Major Collector,2,County Highway Agency,4,County Road,CR-HOUSTON RD,,3,3,42.27293889,42.27293889,-122.829833330,-122.829833330,0,No Special Jurisdiction,8,Pedestrian,0,The First Harmful Event was Not a Collision with a Motor Vehicle in Transport,0,No,1,Non-Junction,1,Not an Intersection,0,None,,,2,On Shoulder,1,Daylight,,,,,1,Clear,0,No,0000000,Not Applicable,17,5:00pm-5:59pm,8,8,17,5:00pm-5:59pm,12,12,88,"Not Applicable (Not Transported) ",88,Not Applicable (Not Transported),,,,,,,1,1
2020,41,410161,Oregon,1,1,0,1,1,1,1,43,LINN (43),0,NOT APPLICABLE,26,26,8,August,2020,4,Wednesday,4,4:00am-4:59am,45,45,1,This section IS ON the NHS,2,Urban,1,Interstate,1,State Highway Agency,1,Interstate,I-5,,2326,2326,44.62284167,44.62284167,-123.061852780,-123.061852780,0,No Special Jurisdiction,8,Pedestrian,0,The First Harmful Event was Not a Collision with a Motor Vehicle in Transport,0,No,1,Non-Junction,1,Not an Intersection,0,None,,,1,On Roadway,2,Dark - Not Lighted,,,,,1,Clear,0,No,0000000,Not Applicable,4,4:00am-4:59am,45,45,4,4:00am-4:59am,48,48,88,"Not Applicable (Not Transported) ",88,Not Applicable (Not Transported),,,,,,,1,0
2020,41,410162,Oregon,1,1,0,0,0,1,1,65,WASCO (65),0,NOT APPLICABLE,29,29,8,August,2020,7,Saturday,14,2:00pm-2:59pm,29,29,0,This section IS NOT on the NHS,1,Rural,5,Major Collector,1,State Highway Agency,3,State Highway,SR-216 ODOT 290,,0,None,45.22509722,45.22509722,-121.124616670,-121.124616670,0,No Special Jurisdiction,35,Embankment,0,The First Harmful Event was Not a Collision with a Motor Vehicle in Transport,0,No,1,Non-Junction,1,Not an Intersection,0,None,,,4,On Roadside,1,Daylight,,,,,1,Clear,0,No,0000000,Not Applicable,14,2:00pm-2:59pm,30,30,14,2:00pm-2:59pm,37,37,99,Unknown,99,Unknown EMS Hospital Arrival Time,,,,,,,1,0
2020,41,410163,Oregon,1,1,0,1,1,1,1,43,LINN (43),0,NOT APPLICABLE,30,30,4,April,2020,5,Thursday,10,10:00am-10:59am,50,50,0,This section IS NOT on the NHS,1,Rural,7,Local,2,County Highway Agency,4,County Road,CR-OLD SANTIAM HWY,,16,16,44.48229444,44.48229444,-122.826666670,-122.826666670,0,No Special Jurisdiction,9,Pedalcyclist,0,The First Harmful Event was Not a Collision with a Motor Vehicle in Transport,0,No,1,Non-Junction,1,Not an Intersection,0,None,,,1,On Roadway,1,Daylight,,,,,1,Clear,0,No,0000000,Not Applicable,10,10:00am-10:59am,50,50,99,Unknown EMS Scene Arrival Hour,99,Unknown EMS Scene Arrival Minutes,88,"Not Applicable (Not Transported) ",88,Not Applicable (Not Transported),,,,,,,1,0
2020,41,410164,Oregon,1,1,0,0,0,1,1,51,MULTNOMAH (51),1650,PORTLAND,15,15,5,May,2020,6,Friday,1,1:00am-1:59am,41,41,1,This section IS ON the NHS,2,Urban,3,Principal Arterial - Other,4,City or Municipal Highway Agency,6,Local Street - Municipality,NE COLUMBIA BLVD,,0,None,45.57701667,45.57701667,-122.646105560,-122.646105560,0,No Special Jurisdiction,30,Utility Pole/Light Support,0,The First Harmful Event was Not a Collision with a Motor Vehicle in Transport,0,No,1,Non-Junction,1,Not an Intersection,0,None,,,4,On Roadside,2,Dark - Not Lighted,,,,,2,Rain,0,No,0000000,Not Applicable,99,Unknown,99,Unknown,99,Unknown EMS Scene Arrival Hour,99,Unknown EMS Scene Arrival Minutes,88,"Not Applicable (Not Transported) ",88,Not Applicable (Not Transported),,,,,,,1,1
2020,41,410165,Oregon,2,2,0,0,0,2,2,7,CLATSOP (7),0,NOT APPLICABLE,8,8,7,July,2020,4,Wednesday,19,7:00pm-7:59pm,10,10,1,This section IS ON the NHS,2,Urban,3,Principal Arterial - Other,1,State Highway Agency,2,U.S. Highway,US-101 ODOT 9,,191,191,46.01935556,46.01935556,-123.911391670,-123.911391670,0,No Special Jurisdiction,12,Motor Vehicle In-Transport,1,Front-to-Rear,0,No,1,Non-Junction,1,Not an Intersection,0,None,,,1,On Roadway,1,Daylight,,,,,1,Clear,0,No,0000000,Not Applicable,19,7:00pm-7:59pm,11,11,19,7:00pm-7:59pm,18,18,88,"Not Applicable (Not Transported) ",88,Not Applicable (Not Transported),,,,,,,1,1
2020,41,410166,Oregon,2,2,0,0,0,2,2,57,TILLAMOOK (57),0,NOT APPLICABLE,9,9,7,July,2020,5,Thursday,13,1:00pm-1:59pm,53,53,1,This section IS ON the NHS,1,Rural,3,Principal Arterial - Other,1,State Highway Agency,2,U.S. Highway,US-101 ODOT 9,CR-LONG PRAIRIE RD,681,681,45.42679722,45.42679722,-123.824216670,-123.824216670,0,No Special Jurisdiction,12,Motor Vehicle In-Transport,6,Angle,0,No,2,Intersection,2,Four-Way Intersection,0,None,,,1,On Roadway,1,Daylight,,,,,1,Clear,0,No,0000000,Not Applicable,13,1:00pm-1:59pm,52,52,13,1:00pm-1:59pm,56,56,99,Unknown,99,Unknown EMS Hospital Arrival Time,,,,,,,1,0
2020,41,410167,Oregon,1,1,0,0,0,2,2,5,CLACKAMAS (5),0,NOT APPLICABLE,10,10,7,July,2020,6,Friday,19,7:00pm-7:59pm,35,35,1,This section IS ON the NHS,2,Urban,3,Principal Arterial - Other,1,State Highway Agency,3,State Highway,SR-224 ODOT 75,,46,46,45.41468056,45.41468056,-122.560061110,-122.560061110,0,No Special Jurisdiction,1,Rollover/Overturn,0,The First Harmful Event was Not a Collision with a Motor Vehicle in Transport,0,No,1,Non-Junction,1,Not an Intersection,0,None,,,4,On Roadside,1,Daylight,,,,,98,Not Reported,0,No,0000000,Not Applicable,99,Unknown,99,Unknown,99,Unknown EMS Scene Arrival Hour,99,Unknown EMS Scene Arrival Minutes,99,Unknown,99,Unknown EMS Hospital Arrival Time,,,,,,,1,1
2020,41,410168,Oregon,2,2,0,0,0,2,2,29,JACKSON (29),0,NOT APPLICABLE,2,2,9,September,2020,4,Wednesday,16,4:00pm-4:59pm,0,0,1,This section IS ON the NHS,2,Urban,3,Principal Arterial - Other,1,State Highway Agency,3,State Highway,SR-140 ODOT 270,,0,None,42.42318056,42.42318056,-122.846694440,-122.846694440,0,No Special Jurisdiction,12,Motor Vehicle In-Transport,2,Front-to-Front,0,No,1,Non-Junction,1,Not an Intersection,0,None,,,1,On Roadway,1,Daylight,,,,,1,Clear,0,No,0000000,Not Applicable,16,4:00pm-4:59pm,4,4,16,4:00pm-4:59pm,8,8,99,Unknown,99,Unknown EMS Hospital Arrival Time,,,,,,,1,0
2020,41,410169,Oregon,2,2,0,0,0,2,2,43,LINN (43),0,NOT APPLICABLE,3,3,9,September,2020,5,Thursday,20,8:00pm-8:59pm,12,12,1,This section IS ON the NHS,1,Rural,3,Principal Arterial - Other,1,State Highway Agency,3,State Highway,SR-34 ODOT 210,CR-RIVERSIDE DR,30,30,44.56408889,44.56408889,-123.197630560,-123.197630560,0,No Special Jurisdiction,12,Motor Vehicle In-Transport,6,Angle,0,No,2,Intersection,3,T-Intersection,0,None,,,1,On Roadway,5,Dusk,,,,,1,Clear,0,No,0000000,Not Applicable,20,8:00pm-8:59pm,12,12,99,Unknown EMS Scene Arrival Hour,97,Officially Cancelled,99,Unknown,97,Officially Canceled,,,,,,,1,0
2020,41,410170,Oregon,1,1,0,1,1,2,2,51,MULTNOMAH (51),1650,PORTLAND,4,4,9,September,2020,6,Friday,2,2:00am-2:59am,28,28,1,This section IS ON the NHS,2,Urban,3,Principal Arterial - Other,4,City or Municipal Highway Agency,6,Local Street - Municipality,NE COUCH ST,,0,None,45.52364444,45.52364444,-122.656386110,-122.656386110,0,No Special Jurisdiction,8,Pedestrian,0,The First Harmful Event was Not a Collision with a Motor Vehicle in Transport,0,No,1,Non-Junction,1,Not an Intersection,0,None,,,1,On Roadway,3,Dark - Lighted,,,,,1,Clear,0,No,0000000,Not Applicable,99,Unknown,98,Unknown if Notified,99,Unknown EMS Scene Arrival Hour,98,Unknown if Arrived,88,"Not Applicable (Not Transported) ",88,Not Applicable (Not Transported),,,,,,,1,0
2020,41,410171,Oregon,2,1,1,0,0,2,2,51,MULTNOMAH (51),880,GRESHAM,5,5,9,September,2020,7,Saturday,5,5:00am-5:59am,3,3,1,This section IS ON the NHS,2,Urban,3,Principal Arterial - Other,4,City or Municipal Highway Agency,6,Local Street - Municipality,NE SANDY BLVD,,0,None,45.54549444,45.54549444,-122.467033330,-122.467033330,0,No Special Jurisdiction,14,Parked Motor Vehicle,0,The First Harmful Event was Not a Collision with a Motor Vehicle in Transport,0,No,1,Non-Junction,1,Not an Intersection,0,None,,,2,On Shoulder,3,Dark - Lighted,,,,,1,Clear,0,No,0000000,Not Applicable,99,Unknown,99,Unknown,99,Unknown EMS Scene Arrival Hour,98,Unknown if Arrived,88,"Not Applicable (Not Transported) ",88,Not Applicable (Not Transported),,,,,,,2,0
2020,41,410172,Oregon,2,2,0,0,0,5,5,5,CLACKAMAS (5),0,NOT APPLICABLE,6,6,9,September,2020,1,Sunday,20,8:00pm-8:59pm,43,43,0,This section IS NOT on the NHS,2,Urban,4,Minor Arterial,2,County Highway Agency,4,County Road,CR-SW STAFFORD RD,,32,32,45.35731389,45.35731389,-122.718777780,-122.718777780,0,No Special Jurisdiction,12,Motor Vehicle In-Transport,6,Angle,0,No,1,Non-Junction,1,Not an Intersection,0,None,,,1,On Roadway,2,Dark - Not Lighted,,,,,1,Clear,0,No,0000000,Not Applicable,20,8:00pm-8:59pm,43,43,20,8:00pm-8:59pm,49,49,99,Unknown,99,Unknown EMS Hospital Arrival Time,,,,,,,1,0