caseyear,state,st_case,statename,ve_total,ve_forms,pvh_invl,peds,pernotmvit,permvit,persons,county,countyname,city,cityname,day,dayname,month,monthname,year,day_week,day_weekname,hour,hourname,minute,minutename,nhs,nhsname,rur_urb,rur_urbname,func_sys,func_sysname,rd_owner,rd_ownername,route,routename,tway_id,tway_id2,milept,mileptname,latitude,latitudename,longitud,longitudname,sp_jur,sp_jurname,harm_ev,harm_evname,man_coll,man_collname,reljct1,reljct1name,reljct2,reljct2name,typ_int,typ_intname,wrk_zone,wrk_zonename,road_fnc,road_fncname,rel_road,rel_roadname,lgt_cond,lgt_condname,weather1,weather1name,weather2,weather2name,weather,weathername,sch_bus,sch_busname,rail,railname,not_hour,not_hourname,not_min,not_minname,arr_hour,arr_hourname,arr_min,arr_minname,hosp_hr,hosp_hrname,hosp_mn,hosp_mnname,cf1,cf1name,cf2,cf2name,cf3,cf3name,fatals,drunk_dr
2021,41,410025,Oregon,3,3,0,0,0,4,4,51,MULTNOMAH (51),1650,PORTLAND,28,28,1,January,2021,5,Thursday,17,5:00pm-5:59pm,24,24,1,This section IS ON the NHS,2,Urban,3,Principal Arterial - Other,4,City or Municipal Highway Agency,6,Local Street - Municipality,"N COLUMBIA BLVD ",,0,None,45.58286944,45.58286944,-122.667538890,-122.667538890,0,No Special Jurisdiction,12,Motor Vehicle In-Transport,2,Front-to-Front,0,No,1,Non-Junction,1,Not an Intersection,0,None,,,1,On Roadway,5,Dusk,,,,,98,Not Reported,0,No,0000000,Not Applicable,17,5:00pm-5:59pm,25,25,17,5:00pm-5:59pm,31,31,17,5:00pm-5:59pm,42,42,,,,,,,1,
2021,41,410026,Oregon,2,2,0,0,0,2,2,5,CLACKAMAS (5),0,NOT APPLICABLE,29,29,1,January,2021,6,Friday,6,6:00am-6:59am,7,7,1,This section IS ON the NHS,2,Urban,3,Principal Arterial - Other,1,State Highway Agency,2,U.S. Highway,US-26 ODOT 26,,170,170,45.45870000,45.45870000,-122.380080560,-122.380080560,0,No Special Jurisdiction,12,Motor Vehicle In-Transport,1,Front-to-Rear,0,No,1,Non-Junction,1,Not an Intersection,0,None,,,1,On Roadway,2,Dark - Not Lighted,,,,,10,Cloudy,0,No,0000000,Not Applicable,6,6:00am-6:59am,7,7,6,6:00am-6:59am,10,10,99,Unknown,99,Unknown EMS Hospital Arrival Time,,,,,,,1,
2021,41,410027,Oregon,1,1,0,1,1,1,1,35,KLAMATH (35),1170,KLAMATH FALLS,30,30,1,January,2021,7,Saturday,18,6:00pm-6:59pm,11,11,1,This section IS ON the NHS,2,Urban,3,Principal Arterial - Other,1,State Highway Agency,3,State Highway,SR-39 ODOT 50,,44,44,42.22804167,42.22804167,-121.765763890,-121.765763890,0,No Special Jurisdiction,8,Pedestrian,0,The First Harmful Event was Not a Collision with a Motor Vehicle in Transport,0,No,1,Non-Junction,1,Not an Intersection,0,None,,,1,On Roadway,2,Dark - Not Lighted,,,,,1,Clear,0,No,0000000,Not Applicable,18,6:00pm-6:59pm,11,11,18,6:00pm-6:59pm,18,18,88,"Not Applicable (Not Transported) ",88,Not Applicable (Not Transported),,,,,,,1,
2021,41,410028,Oregon,3,3,0,0,0,5,5,33,JOSEPHINE (33),0,NOT APPLICABLE,31,31,1,January,2021,1,Sunday,11,11:00am-11:59am,14,14,1,This section IS ON the NHS,1,Rural,1,Interstate,1,State Highway Agency,1,Interstate,I-5,,673,673,42.58047222,42.58047222,-123.378397220,-123.378397220,0,No Special Jurisdiction,12,Motor Vehicle In-Transport,6,Angle,0,No,1,Non-Junction,1,Not an Intersection,0,None,,,1,On Roadway,1,Daylight,,,,,2,Rain,0,No,0000000,Not Applicable,11,11:00am-11:59am,14,14,11,11:00am-11:59am,29,29,12,12:00pm-12:59pm,30,30,,,,,,,1,
2021,41,410029,Oregon,1,1,0,0,0,1,1,43,LINN (43),0,NOT APPLICABLE,31,31,1,January,2021,1,Sunday,19,7:00pm-7:59pm,50,50,0,This section IS NOT on the NHS,1,Rural,4,Minor Arterial,1,State Highway Agency,3,State Highway,SR-226 ODOT 211,,85,85,44.68607222,44.68607222,-122.845297220,-122.845297220,0,No Special Jurisdiction,18,Other Object (not fixed),0,The First Harmful Event was Not a Collision with a Motor Vehicle in Transport,0,No,1,Non-Junction,1,Not an Intersection,0,None,,,1,On Roadway,2,Dark - Not Lighted,,,,,10,Cloudy,0,No,0000000,Not Applicable,19,7:00pm-7:59pm,50,50,20,8:00pm-8:59pm,0,0,20,8:00pm-8:59pm,45,45,,,,,,,1,
2021,41,410030,Oregon,1,1,0,0,0,1,1,7,CLATSOP (7),0,NOT APPLICABLE,1,1,2,February,2021,2,Monday,12,12:00pm-12:59pm,35,35,1,This section IS ON the NHS,1,Rural,3,Principal Arterial - Other,1,State Highway Agency,2,U.S. Highway,US-26 ODOT 47,,169,169,45.89061667,45.89061667,-123.631700000,-123.631700000,0,No Special Jurisdiction,34,Ditch,0,The First Harmful Event was Not a Collision with a Motor Vehicle in Transport,0,No,1,Non-Junction,1,Not an Intersection,0,None,,,4,On Roadside,1,Daylight,,,,,2,Rain,0,No,0000000,Not Applicable,12,12:00pm-12:59pm,35,35,12,12:00pm-12:59pm,58,58,88,"Not Applicable (Not Transported) ",88,Not Applicable (Not Transported),,,,,,,1,
2021,41,410031,Oregon,1,1,0,1,1,1,1,39,LANE (39),0,NOT APPLICABLE,2,2,2,February,2021,3,Tuesday,18,6:00pm-6:59pm,0,0,0,This section IS NOT on the NHS,1,Rural,7,Local,2,County Highway Agency,4,County Road,CR-COX BUTTE RD,,32,32,44.23696667,44.23696667,-123.229436110,-123.229436110,0,No Special Jurisdiction,8,Pedestrian,0,The First Harmful Event was Not a Collision with a Motor Vehicle in Transport,0,No,1,Non-Junction,1,Not an Intersection,0,None,,,1,On Roadway,2,Dark - Not Lighted,,,,,2,Rain,0,No,0000000,Not Applicable,18,6:00pm-6:59pm,2,2,18,6:00pm-6:59pm,6,6,88,"Not Applicable (Not Transported) ",88,Not Applicable (Not Transported),,,,,,,1,
2021,41,410032,Oregon,2,2,0,0,0,6,6,47,MARION (47),0,NOT APPLICABLE,3,3,2,February,2021,4,Wednesday,20,8:00pm-8:59pm,6,6,0,This section IS NOT on the NHS,1,Rural,4,Minor Arterial,1,State Highway Agency,3,State Highway,SR-99E ODOT 81,,354,354,45.11080833,45.11080833,-122.880047220,-122.880047220,0,No Special Jurisdiction,12,Motor Vehicle In-Transport,2,Front-to-Front,0,No,1,Non-Junction,1,Not an Intersection,0,None,,,1,On Roadway,2,Dark - Not Lighted,,,,,1,Clear,0,No,0000000,Not Applicable,20,8:00pm-8:59pm,6,6,20,8:00pm-8:59pm,14,14,99,Unknown,99,Unknown EMS Hospital Arrival Time,,,,,,,3,
2021,41,410033,Oregon,2,2,0,0,0,2,2,67,WASHINGTON (67),0,NOT APPLICABLE,3,3,2,February,2021,4,Wednesday,8,8:00am-8:59am,25,25,0,This section IS NOT on the NHS,1,Rural,4,Minor Arterial,1,State Highway Agency,3,State Highway,SR-6 ODOT 37,,373,373,45.65046111,45.65046111,-123.315269440,-123.315269440,0,No Special Jurisdiction,12,Motor Vehicle In-Transport,6,Angle,0,No,1,Non-Junction,1,Not an Intersection,0,None,,,1,On Roadway,1,Daylight,,,,,10,Cloudy,0,No,0000000,Not Applicable,8,8:00am-8:59am,29,29,8,8:00am-8:59am,50,50,88,"Not Applicable (Not Transported) ",88,Not Applicable (Not Transported),,,,,,,1,
2021,41,410034,Oregon,2,2,0,0,0,4,4,17,DESCHUTES (17),190,BEND,4,4,2,February,2021,5,Thursday,11,11:00am-11:59am,44,44,0,This section IS NOT on the NHS,2,Urban,4,Minor Arterial,4,City or Municipal Highway Agency,6,Local Street - Municipality,CENTURY DR,EAST CAMPBELL RD,0,None,44.03049167,44.03049167,-121.341436110,-121.341436110,0,No Special Jurisdiction,12,Motor Vehicle In-Transport,6,Angle,0,No,2,Intersection,2,Four-Way Intersection,0,None,,,1,On Roadway,1,Daylight,,,,,10,Cloudy,0,No,0000000,Not Applicable,11,11:00am-11:59am,45,45,11,11:00am-11:59am,53,53,88,"Not Applicable (Not Transported) ",88,Not Applicable (Not Transported),,,,,,,1,
2021,41,410035,Oregon,1,1,0,0,0,1,1,35,KLAMATH (35),0,NOT APPLICABLE,5,5,2,February,2021,6,Friday,6,6:00am-6:59am,32,32,1,This section IS ON the NHS,1,Rural,3,Principal Arterial - Other,1,State Highway Agency,2,U.S. Highway,US-97 ODOT 4,,2565,2565,42.46352222,42.46352222,-121.871102780,-121.871102780,0,No Special Jurisdiction,42,Tree (Standing Only),0,The First Harmful Event was Not a Collision with a Motor Vehicle in Transport,0,No,1,Non-Junction,1,Not an Intersection,0,None,,,4,On Roadside,2,Dark - Not Lighted,,,,,1,Clear,0,No,0000000,Not Applicable,16,4:00pm-4:59pm,32,32,16,4:00pm-4:59pm,45,45,88,"Not Applicable (Not Transported) ",88,Not Applicable (Not Transported),,,,,,,1,
2021,41,410036,Oregon,1,1,0,0,0,1,1,11,COOS (11),0,NOT APPLICABLE,5,5,2,February,2021,6,Friday,20,8:00pm-8:59pm,20,20,0,This section IS NOT on the NHS,1,Rural,5,Major Collector,2,County Highway Agency,4,County Road,CR-BEACH LOOP RD,,23,23,43.06866111,43.06866111,-124.430580560,-124.430580560,0,No Special Jurisdiction,42,Tree (Standing Only),0,The First Harmful Event was Not a Collision with a Motor Vehicle in Transport,0,No,1,Non-Junction,1,Not an Intersection,0,None,,,4,On Roadside,2,Dark - Not Lighted,,,,,98,Not Reported,0,No,0000000,Not Applicable,20,8:00pm-8:59pm,23,23,20,8:00pm-8:59pm,30,30,88,"Not Applicable (Not Transported) ",88,Not Applicable (Not Transported),,,,,,,1,
2021,41,410037,Oregon,1,1,0,1,1,1,1,51,MULTNOMAH (51),1650,PORTLAND,6,6,2,February,2021,7,Saturday,0,0:00am-0:59am,48,48,1,This section IS ON the NHS,2,Urban,3,Principal Arterial - Other,1,State Highway Agency,3,State Highway,SR-99E ODOT 81,,16,16,45.49928889,45.49928889,-122.660052780,-122.660052780,0,No Special Jurisdiction,8,Pedestrian,0,The First Harmful Event was Not a Collision with a Motor Vehicle in Transport,0,No,1,Non-Junction,1,Not an Intersection,0,None,,,1,On Roadway,3,Dark - Lighted,,,,,1,Clear,0,No,0000000,Not Applicable,99,Unknown,99,Unknown,99,Unknown EMS Scene Arrival Hour,99,Unknown EMS Scene Arrival Minutes,88,"Not Applicable (Not Transported) ",88,Not Applicable (Not Transported),,,,,,,1,
2021,41,410038,Oregon,1,1,0,1,1,0,0,5,CLACKAMAS (5),926,HAPPY VALLEY,6,6,2,February,2021,7,Saturday,8,8:00am-8:59am,39,39,0,This section IS NOT on the NHS,2,Urban,7,Local,2,County Highway Agency,6,Local Street - Municipality,SE CLOVER LN,,0,None,45.45267500,45.45267500,-122.542113890,-122.542113890,0,No Special Jurisdiction,72,"Cargo/Equipment Loss, Shift, or Damage [harmful]",0,The First Harmful Event was Not a Collision with a Motor Vehicle in Transport,0,No,1,Non-Junction,1,Not an Intersection,0,None,,,1,On Roadway,1,Daylight,,,,,1,Clear,0,No,0000000,Not Applicable,8,8:00am-8:59am,42,42,8,8:00am-8:59am,42,42,99,Unknown,99,Unknown EMS Hospital Arrival Time,,,,,,,1,
2021,41,410039,Oregon,1,1,0,0,0,1,1,51,MULTNOMAH (51),1650,PORTLAND,7,7,2,February,2021,1,Sunday,7,7:00am-7:59am,7,7,1,This section IS ON the NHS,2,Urban,3,Principal Arterial - Other,1,State Highway Agency,2,U.S. Highway,US-30 ODOT 92,,23,23,45.54310278,45.54310278,-122.701436110,-122.701436110,0,No Special Jurisdiction,33,Curb,0,The First Harmful Event was Not a Collision with a Motor Vehicle in Transport,0,No,1,Non-Junction,1,Not an Intersection,0,None,,,4,On Roadside,3,Dark - Lighted,,,,,10,Cloudy,0,No,0000000,Not Applicable,99,Unknown,99,Unknown,99,Unknown EMS Scene Arrival Hour,99,Unknown EMS Scene Arrival Minutes,88,"Not Applicable (Not Transported) ",88,Not Applicable (Not Transported),,,,,,,1,
2021,41,410040,Oregon,2,2,0,0,0,2,2,35,KLAMATH (35),1170,KLAMATH FALLS,7,7,2,February,2021,1,Sunday,14,2:00pm-2:59pm,29,29,0,This section IS NOT on the NHS,2,Urban,4,Minor Arterial,4,City or Municipal Highway Agency,6,Local Street - Municipality,MAIN ST,S FIFTH ST,0,None,42.22410000,42.22410000,-121.783322220,-121.783322220,0,No Special Jurisdiction,12,Motor Vehicle In-Transport,6,Angle,0,No,2,Intersection,2,Four-Way Intersection,0,None,,,1,On Roadway,1,Daylight,,,,,1,Clear,0,No,0000000,Not Applicable,14,2:00pm-2:59pm,29,29,14,2:00pm-2:59pm,35,35,88,"Not Applicable (Not Transported) ",88,Not Applicable (Not Transported),,,,,,,1,
2021,41,410041,Oregon,2,2,0,0,0,3,3,53,POLK (53),0,NOT APPLICABLE,7,7,2,February,2021,1,Sunday,17,5:00pm-5:59pm,10,10,1,This section IS ON the NHS,1,Rural,3,Principal Arterial - Other,1,State Highway Agency,3,State Highway,SR-22W ODOT 30,,77,77,45.00304444,45.00304444,-123.366950000,-123.366950000,0,No Special Jurisdiction,12,Motor Vehicle In-Transport,2,Front-to-Front,0,No,1,Non-Junction,1,Not an Intersection,0,None,,,1,On Roadway,1,Daylight,,,,,10,Cloudy,0,No,0000000,Not Applicable,17,5:00pm-5:59pm,12,12,17,5:00pm-5:59pm,22,22,99,Unknown,99,Unknown EMS Hospital Arrival Time,,,,,,,2,
2021,41,410042,Oregon,2,2,0,0,0,5,5,41,LINCOLN (41),0,NOT APPLICABLE,7,7,2,February,2021,1,Sunday,20,8:00pm-8:59pm,11,11,1,This section IS ON the NHS,2,Urban,3,Principal Arterial - Other,1,State Highway Agency,2,U.S. Highway,US-101 ODOT 9,,1218,1218,44.88416667,44.88416667,-124.029563890,-124.029563890,0,No Special Jurisdiction,12,Motor Vehicle In-Transport,2,Front-to-Front,0,No,1,Non-Junction,1,Not an Intersection,0,None,,,1,On Roadway,2,Dark - Not Lighted,,,,,2,Rain,0,No,0000000,Not Applicable,20,8:00pm-8:59pm,11,11,20,8:00pm-8:59pm,15,15,20,8:00pm-8:59pm,38,38,,,,,,,1,
2021,41,410043,Oregon,2,2,0,0,0,3,3,71,YAMHILL (71),0,NOT APPLICABLE,9,9,2,February,2021,3,Tuesday,18,6:00pm-6:59pm,14,14,1,This section IS ON the NHS,2,Urban,3,Principal Arterial - Other,1,State Highway Agency,3,State Highway,SR-219 ODOT 140,,227,227,45.27427222,45.27427222,-122.944238890,-122.944238890,0,No Special Jurisdiction,12,Motor Vehicle In-Transport,2,Front-to-Front,0,No,1,Non-Junction,1,Not an Intersection,0,None,,,1,On Roadway,2,Dark - Not Lighted,,,,,1,Clear,0,No,0000000,Not Applicable,18,6:00pm-6:59pm,17,17,18,6:00pm-6:59pm,22,22,19,7:00pm-7:59pm,37,37,,,,,,,1,
2021,41,410044,Oregon,2,2,0,0,0,4,4,7,CLATSOP (7),0,NOT APPLICABLE,10,10,2,February,2021,4,Wednesday,10,10:00am-10:59am,5,5,1,This section IS ON the NHS,1,Rural,3,Principal Arterial - Other,1,State Highway Agency,2,U.S. Highway,US-26 ODOT 47,,105,105,45.90778056,45.90778056,-123.738397220,-123.738397220,0,No Special Jurisdiction,12,Motor Vehicle In-Transport,6,Angle,0,No,1,Non-Junction,1,Not an Intersection,0,None,,,1,On Roadway,1,Daylight,,,,,1,Clear,0,No,0000000,Not Applicable,10,10:00am-10:59am,7,7,10,10:00am-10:59am,20,20,99,Unknown,99,Unknown EMS Hospital Arrival Time,,,,,,,3,
2021,41,410045,Oregon,1,1,0,0,0,2,2,39,LANE (39),0,NOT APPLICABLE,12,12,2,February,2021,6,Friday,23,11:00pm-11:59pm,25,25,0,This section IS NOT on the NHS,2,Urban,5,Major Collector,2,County Highway Agency,4,County Road,CR-HECETA BEACH RD,,7,7,44.02517222,44.02517222,-124.111213890,-124.111213890,0,No Special Jurisdiction,42,Tree (Standing Only),0,The First Harmful Event was Not a Collision with a Motor Vehicle in Transport,0,No,1,Non-Junction,1,Not an Intersection,0,None,,,4,On Roadside,2,Dark - Not Lighted,,,,,2,Rain,0,No,0000000,Not Applicable,23,11:00pm-11:59pm,28,28,23,11:00pm-11:59pm,38,38,0,0:00am-0:59am,2,2,,,,,,,1,
2021,41,410046,Oregon,2,2,0,0,0,2,2,29,JACKSON (29),1310,MEDFORD,12,12,2,February,2021,6,Friday,11,11:00am-11:59am,12,12,1,This section IS ON the NHS,2,Urban,3,Principal Arterial - Other,1,State Highway Agency,3,State Highway,SR-99 ODOT 63,,90,90,42.30222222,42.30222222,-122.850002780,-122.850002780,0,No Special Jurisdiction,12,Motor Vehicle In-Transport,2,Front-to-Front,0,No,1,Non-Junction,1,Not an Intersection,0,None,,,1,On Roadway,1,Daylight,,,,,10,Cloudy,0,No,0000000,Not Applicable,11,11:00am-11:59am,13,13,11,11:00am-11:59am,17,17,11,11:00am-11:59am,55,55,,,,,,,1,
2021,41,410047,Oregon,1,1,0,0,0,1,1,39,LANE (39),0,NOT APPLICABLE,13,13,2,February,2021,7,Saturday,19,7:00pm-7:59pm,30,30,0,This section IS NOT on the NHS,1,Rural,6,Minor Collector,2,County Highway Agency,4,County Road,CR-DEADWOOD CREEK RD,,55,55,44.15139167,44.15139167,-123.718372220,-123.718372220,0,No Special Jurisdiction,42,Tree (Standing Only),0,The First Harmful Event was Not a Collision with a Motor Vehicle in Transport,0,No,1,Non-Junction,1,Not an Intersection,0,None,,,4,On Roadside,3,Dark - Lighted,,,,,2,Rain,0,No,0000000,Not Applicable,19,7:00pm-7:59pm,41,41,19,7:00pm-7:59pm,59,59,88,"Not Applicable (Not Transported) ",88,Not Applicable (Not Transported),,,,,,,1,
2021,41,410048,Oregon,1,1,0,0,0,3,3,7,CLATSOP (7),0,NOT APPLICABLE,15,15,2,February,2021,2,Monday,17,5:00pm-5:59pm,45,45,0,This section IS NOT on the NHS,1,Rural,7,Local,1,State Highway Agency,7,Local Street - Frontage Road,ECOLA PARK RD,,0,None,45.90941111,45.90941111,-123.964111110,-123.964111110,0,No Special Jurisdiction,42,Tree (Standing Only),0,The First Harmful Event was Not a Collision with a Motor Vehicle in Transport,0,No,1,Non-Junction,1,Not an Intersection,0,None,,,4,On Roadside,2,Dark - Not Lighted,,,,,2,Rain,0,No,0000000,Not Applicable,17,5:00pm-5:59pm,45,45,18,6:00pm-6:59pm,0,0,99,Unknown,99,Unknown EMS Hospital Arrival Time,,,,,,,1,
2021,41,410049,Oregon,1,1,0,0,0,1,1,19,DOUGLAS (19),0,NOT APPLICABLE,16,16,2,February,2021,3,Tuesday,11,11:00am-11:59am,23,23,0,This section IS NOT on the NHS,1,Rural,7,Local,2,County Highway Agency,4,County Road,CR-FERGUSON LN,,0,None,42.92864722,42.92864722,-123.057144440,-123.057144440,0,No Special Jurisdiction,35,Embankment,0,The First Harmful Event was Not a Collision with a Motor Vehicle in Transport,0,No,1,Non-Junction,1,Not an Intersection,0,None,,,4,On Roadside,1,Daylight,,,,,10,Cloudy,0,No,0000000,Not Applicable,11,11:00am-11:59am,25,25,11,11:00am-11:59am,28,28,88,"Not Applicable (Not Transported) ",88,Not Applicable (Not Transported),,,,,,,1,
2021,41,410050,Oregon,2,2,0,0,0,5,5,57,TILLAMOOK (57),0,NOT APPLICABLE,18,18,2,February,2021,5,Thursday,10,10:00am-10:59am,56,56,0,This section IS NOT on the NHS,1,Rural,4,Minor Arterial,1,State Highway Agency,3,State Highway,SR-22 ODOT 32,,7,7,45.21823056,45.21823056,-123.854169440,-123.854169440,0,No Special Jurisdiction,12,Motor Vehicle In-Transport,2,Front-to-Front,0,No,1,Non-Junction,1,Not an Intersection,0,None,,,1,On Roadway,1,Daylight,,,,,2,Rain,0,No,0000000,Not Applicable,10,10:00am-10:59am,55,55,11,11:00am-11:59am,17,17,11,11:00am-11:59am,53,53,,,,,,,2,
2021,41,410051,Oregon,1,1,0,1,1,1,1,67,WASHINGTON (67),0,NOT APPLICABLE,20,20,2,February,2021,7,Saturday,19,7:00pm-7:59pm,38,38,0,This section IS NOT on the NHS,1,Rural,5,Major Collector,2,County Highway Agency,4,County Road,CR-CLARK HILL RD,,0,None,45.43825833,45.43825833,-122.904625000,-122.904625000,0,No Special Jurisdiction,8,Pedestrian,0,The First Harmful Event was Not a Collision with a Motor Vehicle in Transport,0,No,1,Non-Junction,1,Not an Intersection,0,None,,,98,Not Reported,2,Dark - Not Lighted,,,,,10,Cloudy,0,No,0000000,Not Applicable,99,Unknown,99,Unknown,19,7:00pm-7:59pm,47,47,88,"Not Applicable (Not Transported) ",88,Not Applicable (Not Transported),,,,,,,1,
2021,41,410052,Oregon,1,1,0,1,1,1,1,47,MARION (47),0,NOT APPLICABLE,21,21,2,February,2021,1,Sunday,20,8:00pm-8:59pm,17,17,1,This section IS ON the NHS,2,Urban,3,Principal Arterial - Other,2,County Highway Agency,4,County Road,CR-LANCASTER DR SE,NONE,7,7,44.92429444,44.92429444,-122.983516670,-122.983516670,0,No Special Jurisdiction,9,Pedalcyclist,0,The First Harmful Event was Not a Collision with a Motor Vehicle in Transport,0,No,3,Intersection-Related,3,T-Intersection,0,None,,,1,On Roadway,2,Dark - Not Lighted,,,,,2,Rain,0,No,0000000,Not Applicable,20,8:00pm-8:59pm,26,26,20,8:00pm-8:59pm,29,29,20,8:00pm-8:59pm,37,37,,,,,,,1,
2021,41,410053,Oregon,1,1,0,0,0,1,1,39,LANE (39),0,NOT APPLICABLE,21,21,2,February,2021,1,Sunday,17,5:00pm-5:59pm,4,4,0,This section IS NOT on the NHS,1,Rural,5,Major Collector,2,County Highway Agency,4,County Road,CR-SWEET CREEK RD,,77,77,43.98450556,43.98450556,-123.903172220,-123.903172220,0,No Special Jurisdiction,34,Ditch,0,The First Harmful Event was Not a Collision with a Motor Vehicle in Transport,0,No,1,Non-Junction,1,Not an Intersection,0,None,,,4,On Roadside,1,Daylight,,,,,2,Rain,0,No,0000000,Not Applicable,17,5:00pm-5:59pm,2,2,17,5:00pm-5:59pm,30,30,19,7:00pm-7:59pm,0,0,,,,,,,1,
2021,41,410054,Oregon,2,2,0,0,0,4,4,35,KLAMATH (35),0,NOT APPLICABLE,23,23,2,February,2021,3,Tuesday,14,2:00pm-2:59pm,44,44,1,This section IS ON the NHS,1,Rural,3,Principal Arterial - Other,1,State Highway Agency,3,State Highway,SR-140W ODOT 270,,366,366,42.39505556,42.39505556,-122.211052780,-122.211052780,0,No Special Jurisdiction,12,Motor Vehicle In-Transport,2,Front-to-Front,0,No,1,Non-Junction,1,Not an Intersection,0,None,,,1,On Roadway,1,Daylight,,,,,1,Clear,0,No,0000000,Not Applicable,14,2:00pm-2:59pm,44,44,14,2:00pm-2:59pm,57,57,99,Unknown,99,Unknown EMS Hospital Arrival Time,,,,,,,1,
2021,41,410055,Oregon,2,1,1,0,0,1,1,11,COOS (11),0,NOT APPLICABLE,25,25,2,February,2021,5,Thursday,19,7:00pm-7:59pm,0,0,1,This section IS ON the NHS,1,Rural,3,Principal Arterial - Other,1,State Highway Agency,2,U.S. Highway,US-101 ODOT 9,,2268,2268,43.52666944,43.52666944,-124.216094440,-124.216094440,0,No Special Jurisdiction,14,Parked Motor Vehicle,0,The First Harmful Event was Not a Collision with a Motor Vehicle in Transport,0,No,1,Non-Junction,1,Not an Intersection,0,None,,,2,On Shoulder,2,Dark - Not Lighted,,,,,2,Rain,0,No,0000000,Not Applicable,19,7:00pm-7:59pm,16,16,19,7:00pm-7:59pm,31,31,88,"Not Applicable (Not Transported) ",88,Not Applicable (Not Transported),,,,,,,1,
2021,41,410056,Oregon,1,1,0,0,0,1,1,47,MARION (47),1810,SALEM,26,26,2,February,2021,6,Friday,10,10:00am-10:59am,19,19,1,This section IS ON the NHS,2,Urban,3,Principal Arterial - Other,1,State Highway Agency,3,State Highway,SR-22 ODOT 72,,69,69,44.92710556,44.92710556,-123.020955560,-123.020955560,0,No Special Jurisdiction,42,Tree (Standing Only),0,The First Harmful Event was Not a Collision with a Motor Vehicle in Transport,0,No,1,Non-Junction,1,Not an Intersection,0,None,,,3,On Median,1,Daylight,,,,,2,Rain,0,No,0000000,Not Applicable,10,10:00am-10:59am,19,19,10,10:00am-10:59am,23,23,88,"Not Applicable (Not Transported) ",88,Not Applicable (Not Transported),,,,,,,1,
2021,41,410057,Oregon,3,3,0,0,0,4,4,47,MARION (47),0,NOT APPLICABLE,26,26,2,February,2021,6,Friday,17,5:00pm-5:59pm,20,20,1,This section IS ON the NHS,2,Urban,1,Interstate,1,State Highway Agency,1,Interstate,I-5,,2706,2706,45.13673889,45.13673889,-122.895030560,-122.895030560,0,No Special Jurisdiction,12,Motor Vehicle In-Transport,7,Sideswipe - Same Direction,0,No,1,Non-Junction,1,Not an Intersection,0,None,,,1,On Roadway,1,Daylight,,,,,2,Rain,0,No,0000000,Not Applicable,17,5:00pm-5:59pm,30,30,17,5:00pm-5:59pm,45,45,88,"Not Applicable (Not Transported) ",88,Not Applicable (Not Transported),,,,,,,1,
2021,41,410058,Oregon,1,1,0,1,1,2,2,53,POLK (53),0,NOT APPLICABLE,3,3,3,March,2021,4,Wednesday,19,7:00pm-7:59pm,44,44,0,This section IS NOT on the NHS,2,Urban,3,Principal Arterial - Other,1,State Highway Agency,3,State Highway,SR-223 ODOT 189,CR-PLEASANT DR,17,17,44.92828611,44.92828611,-123.276619440,-123.276619440,0,No Special Jurisdiction,8,Pedestrian,0,The First Harmful Event was Not a Collision with a Motor Vehicle in Transport,0,No,3,Intersection-Related,3,T-Intersection,0,None,,,1,On Roadway,2,Dark - Not Lighted,,,,,1,Clear,0,No,0000000,Not Applicable,19,7:00pm-7:59pm,44,44,19,7:00pm-7:59pm,50,50,88,"Not Applicable (Not Transported) ",88,Not Applicable (Not Transported),,,,,,,1,
2021,41,410059,Oregon,2,2,0,0,0,4,4,71,YAMHILL (71),0,NOT APPLICABLE,1,1,6,June,2021,3,Tuesday,10,10:00am-10:59am,30,30,1,This section IS ON the NHS,2,Urban,3,Principal Arterial - Other,1,State Highway Agency,3,State Highway,SR-18 ODOT 39,CR-SE CRUICKSHANK RD,485,485,45.20276944,45.20276944,-123.128061110,-123.128061110,0,No Special Jurisdiction,12,Motor Vehicle In-Transport,6,Angle,0,No,2,Intersection,3,T-Intersection,0,None,,,1,On Roadway,1,Daylight,,,,,1,Clear,0,No,0000000,Not Applicable,10,10:00am-10:59am,38,38,10,10:00am-10:59am,45,45,10,10:00am-10:59am,59,59,,,,,,,1,
2021,41,410060,Oregon,1,1,0,0,0,2,2,59,UMATILLA (59),0,NOT APPLICABLE,2,2,6,June,2021,4,Wednesday,15,3:00pm-3:59pm,30,30,1,This section IS ON the NHS,1,Rural,1,Interstate,1,State Highway Agency,1,Interstate,I-84,,2061,2061,45.66138889,45.66138889,-118.745533330,-118.745533330,0,No Special Jurisdiction,1,Rollover/Overturn,0,The First Harmful Event was Not a Collision with a Motor Vehicle in Transport,0,No,1,Non-Junction,1,Not an Intersection,0,None,,,1,On Roadway,1,Daylight,,,,,1,Clear,0,No,0000000,Not Applicable,15,3:00pm-3:59pm,31,31,15,3:00pm-3:59pm,40,40,99,Unknown,99,Unknown EMS Hospital Arrival Time,,,,,,,1,
2021,41,410061,Oregon,2,2,0,0,0,2,2,7,CLATSOP (7),0,NOT APPLICABLE,6,6,3,March,2021,7,Saturday,13,1:00pm-1:59pm,0,0,1,This section IS ON the NHS,1,Rural,3,Principal Arterial - Other,1,State Highway Agency,2,U.S. Highway,US-101 ODOT 9,,138,138,46.09591111,46.09591111,-123.916202780,-123.916202780,0,No Special Jurisdiction,12,Motor Vehicle In-Transport,2,Front-to-Front,0,No,1,Non-Junction,1,Not an Intersection,0,None,,,1,On Roadway,1,Daylight,,,,,10,Cloudy,0,No,0000000,Not Applicable,13,1:00pm-1:59pm,2,2,99,Unknown EMS Scene Arrival Hour,99,Unknown EMS Scene Arrival Minutes,99,Unknown,99,Unknown EMS Hospital Arrival Time,,,,,,,2,