caseyear,state,st_case,statename,ve_total,ve_forms,pvh_invl,peds,pernotmvit,permvit,persons,county,countyname,city,cityname,day,dayname,month,monthname,year,day_week,day_weekname,hour,hourname,minute,minutename,nhs,nhsname,rur_urb,rur_urbname,func_sys,func_sysname,rd_owner,rd_ownername,route,routename,tway_id,tway_id2,milept,mileptname,latitude,latitudename,longitud,longitudname,sp_jur,sp_jurname,harm_ev,harm_evname,man_coll,man_collname,reljct1,reljct1name,reljct2,reljct2name,typ_int,typ_intname,wrk_zone,wrk_zonename,road_fnc,road_fncname,rel_road,rel_roadname,lgt_cond,lgt_condname,weather1,weather1name,weather2,weather2name,weather,weathername,sch_bus,sch_busname,rail,railname,not_hour,not_hourname,not_min,not_minname,arr_hour,arr_hourname,arr_min,arr_minname,hosp_hr,hosp_hrname,hosp_mn,hosp_mnname,cf1,cf1name,cf2,cf2name,cf3,cf3name,fatals,drunk_dr
2021,41,410062,Oregon,1,1,0,0,0,2,2,19,DOUGLAS (19),0,NOT APPLICABLE,3,3,6,June,2021,5,Thursday,17,5:00pm-5:59pm,30,30,0,This section IS NOT on the NHS,1,Rural,4,Minor Arterial,1,State Highway Agency,3,State Highway,SR-138E ODOT 138,,285,285,43.29870556,43.29870556,-122.904927780,-122.904927780,0,No Special Jurisdiction,42,Tree (Standing Only),0,The First Harmful Event was Not a Collision with a Motor Vehicle in Transport,0,No,1,Non-Junction,1,Not an Intersection,0,None,,,4,On Roadside,1,Daylight,,,,,1,Clear,0,No,0000000,Not Applicable,17,5:00pm-5:59pm,33,33,17,5:00pm-5:59pm,55,55,99,Unknown,99,Unknown EMS Hospital Arrival Time,,,,,,,1,
2021,41,410063,Oregon,1,1,0,0,0,1,1,19,DOUGLAS (19),0,NOT APPLICABLE,6,6,3,March,2021,7,Saturday,19,7:00pm-7:59pm,51,51,0,This section IS NOT on the NHS,2,Urban,4,Minor Arterial,2,County Highway Agency,4,County Road,"CR-GARDEN VALLEY RD ",CR-MELROSE RD,26,26,43.24089444,43.24089444,-123.396127780,-123.396127780,0,No Special Jurisdiction,31,"Post, Pole or Other Supports",0,The First Harmful Event was Not a Collision with a Motor Vehicle in Transport,0,No,3,Intersection-Related,2,Four-Way Intersection,0,None,,,4,On Roadside,2,Dark - Not Lighted,,,,,1,Clear,0,No,0000000,Not Applicable,19,7:00pm-7:59pm,51,51,19,7:00pm-7:59pm,56,56,88,"Not Applicable (Not Transported) ",88,Not Applicable (Not Transported),,,,,,,1,
2021,41,410064,Oregon,1,1,0,0,0,1,1,29,JACKSON (29),1310,MEDFORD,6,6,3,March,2021,7,Saturday,14,2:00pm-2:59pm,57,57,1,This section IS ON the NHS,2,Urban,3,Principal Arterial - Other,1,State Highway Agency,3,State Highway,SR-22 ODOT 22,,32,32,42.38335833,42.38335833,-122.855922220,-122.855922220,0,No Special Jurisdiction,26,Other Traffic Barrier,0,The First Harmful Event was Not a Collision with a Motor Vehicle in Transport,0,No,1,Non-Junction,1,Not an Intersection,0,None,,,3,On Median,1,Daylight,,,,,1,Clear,0,No,0000000,Not Applicable,14,2:00pm-2:59pm,59,59,15,3:00pm-3:59pm,5,5,15,3:00pm-3:59pm,24,24,,,,,,,1,
2021,41,410065,Oregon,1,1,0,0,0,1,1,5,CLACKAMAS (5),0,NOT APPLICABLE,7,7,3,March,2021,1,Sunday,17,5:00pm-5:59pm,57,57,0,This section IS NOT on the NHS,1,Rural,7,Local,2,County Highway Agency,4,County Road,CR-CRAMER RD,,19,19,45.17127500,45.17127500,-122.620072220,-122.620072220,0,No Special Jurisdiction,34,Ditch,0,The First Harmful Event was Not a Collision with a Motor Vehicle in Transport,0,No,1,Non-Junction,1,Not an Intersection,0,None,,,4,On Roadside,1,Daylight,,,,,1,Clear,0,No,0000000,Not Applicable,99,Unknown,99,Unknown,99,Unknown EMS Scene Arrival Hour,99,Unknown EMS Scene Arrival Minutes,88,"Not Applicable (Not Transported) ",88,Not Applicable (Not Transported),,,,,,,1,
2021,41,410066,Oregon,2,2,0,0,0,2,2,71,YAMHILL (71),0,NOT APPLICABLE,3,3,6,June,2021,5,Thursday,14,2:00pm-2:59pm,13,13,0,This section IS NOT on the NHS,1,Rural,5,Major Collector,2,County Highway Agency,4,County Road,CR-NE BELL RD,,28,28,45.33188056,45.33188056,-122.942886110,-122.942886110,0,No Special Jurisdiction,12,Motor Vehicle In-Transport,2,Front-to-Front,0,No,1,Non-Junction,1,Not an Intersection,0,None,,,1,On Roadway,1,Daylight,,,,,1,Clear,0,No,0000000,Not Applicable,14,2:00pm-2:59pm,14,14,14,2:00pm-2:59pm,26,26,15,3:00pm-3:59pm,2,2,,,,,,,1,
2021,41,410067,Oregon,2,2,0,0,0,2,2,51,MULTNOMAH (51),1650,PORTLAND,8,8,3,March,2021,2,Monday,1,1:00am-1:59am,9,9,1,This section IS ON the NHS,2,Urban,1,Interstate,1,State Highway Agency,1,Interstate,I-205,,262,262,45.59250278,45.59250278,-122.548111110,-122.548111110,0,No Special Jurisdiction,12,Motor Vehicle In-Transport,2,Front-to-Front,0,No,1,Non-Junction,1,Not an Intersection,0,None,,,1,On Roadway,3,Dark - Lighted,,,,,10,Cloudy,0,No,0000000,Not Applicable,1,1:00am-1:59am,10,10,1,1:00am-1:59am,15,15,88,"Not Applicable (Not Transported) ",88,Not Applicable (Not Transported),,,,,,,2,
2021,41,410068,Oregon,3,3,0,0,0,7,7,65,WASCO (65),0,NOT APPLICABLE,8,8,3,March,2021,2,Monday,15,3:00pm-3:59pm,3,3,1,This section IS ON the NHS,1,Rural,3,Principal Arterial - Other,1,State Highway Agency,2,U.S. Highway,US-26 ODOT 53,,813,813,45.01988611,45.01988611,-121.511283330,-121.511283330,0,No Special Jurisdiction,12,Motor Vehicle In-Transport,6,Angle,0,No,1,Non-Junction,1,Not an Intersection,0,None,,,1,On Roadway,1,Daylight,,,,,1,Clear,0,No,0000000,Not Applicable,13,1:00pm-1:59pm,3,3,13,1:00pm-1:59pm,15,15,99,Unknown,99,Unknown EMS Hospital Arrival Time,,,,,,,2,
2021,41,410069,Oregon,3,3,0,0,0,4,4,47,MARION (47),0,NOT APPLICABLE,10,10,3,March,2021,4,Wednesday,6,6:00am-6:59am,50,50,1,This section IS ON the NHS,2,Urban,1,Interstate,1,State Highway Agency,1,Interstate,I-5,,2700,2700,45.12925000,45.12925000,-122.902616670,-122.902616670,0,No Special Jurisdiction,12,Motor Vehicle In-Transport,7,Sideswipe - Same Direction,0,No,1,Non-Junction,1,Not an Intersection,0,None,,,1,On Roadway,4,Dawn,,,,,5,"Fog, Smog, Smoke",0,No,0000000,Not Applicable,6,6:00am-6:59am,50,50,7,7:00am-7:59am,1,1,88,"Not Applicable (Not Transported) ",88,Not Applicable (Not Transported),,,,,,,1,
2021,41,410070,Oregon,1,1,0,0,0,2,2,39,LANE (39),0,NOT APPLICABLE,4,4,6,June,2021,6,Friday,99,Unknown Hours,99,Unknown Minutes,0,This section IS NOT on the NHS,1,Rural,4,Minor Arterial,2,County Highway Agency,4,County Road,CR-RIVER RD,,32,32,44.18970833,44.18970833,-123.170550000,-123.170550000,0,No Special Jurisdiction,34,Ditch,0,The First Harmful Event was Not a Collision with a Motor Vehicle in Transport,0,No,1,Non-Junction,1,Not an Intersection,0,None,,,4,On Roadside,9,Reported as Unknown,,,,,99,Reported as Unknown,0,No,0000000,Not Applicable,6,6:00am-6:59am,3,3,6,6:00am-6:59am,11,11,88,"Not Applicable (Not Transported) ",88,Not Applicable (Not Transported),,,,,,,2,
2021,41,410071,Oregon,2,2,0,0,0,2,2,33,JOSEPHINE (33),0,NOT APPLICABLE,6,6,6,June,2021,1,Sunday,14,2:00pm-2:59pm,59,59,1,This section IS ON the NHS,1,Rural,1,Interstate,1,State Highway Agency,1,Interstate,I-5,I-5 RAMP,757,757,42.68783611,42.68783611,-123.392438890,-123.392438890,0,No Special Jurisdiction,12,Motor Vehicle In-Transport,1,Front-to-Rear,1,Yes,3,Intersection-Related,3,T-Intersection,0,None,,,1,On Roadway,1,Daylight,,,,,1,Clear,0,No,0000000,Not Applicable,14,2:00pm-2:59pm,57,57,15,3:00pm-3:59pm,7,7,15,3:00pm-3:59pm,50,50,,,,,,,1,
2021,41,410072,Oregon,2,2,0,1,1,2,2,17,DESCHUTES (17),190,BEND,7,7,6,June,2021,2,Monday,21,9:00pm-9:59pm,20,20,1,This section IS ON the NHS,2,Urban,3,Principal Arterial - Other,1,State Highway Agency,2,U.S. Highway,US-20 ODOT 17,,190,190,44.08814444,44.08814444,-121.306080560,-121.306080560,0,No Special Jurisdiction,8,Pedestrian,0,The First Harmful Event was Not a Collision with a Motor Vehicle in Transport,0,No,1,Non-Junction,1,Not an Intersection,0,None,,,1,On Roadway,2,Dark - Not Lighted,,,,,2,Rain,0,No,0000000,Not Applicable,21,9:00pm-9:59pm,24,24,21,9:00pm-9:59pm,29,29,88,"Not Applicable (Not Transported) ",88,Not Applicable (Not Transported),,,,,,,1,
2021,41,410073,Oregon,1,1,0,1,1,1,1,47,MARION (47),0,NOT APPLICABLE,15,15,3,March,2021,2,Monday,14,2:00pm-2:59pm,13,13,1,This section IS ON the NHS,2,Urban,3,Principal Arterial - Other,2,County Highway Agency,4,County Road,CR-SILVERTON RD NE,CR-BROWN RD NE,10,10,44.97000278,44.97000278,-122.970733330,-122.970733330,0,No Special Jurisdiction,8,Pedestrian,0,The First Harmful Event was Not a Collision with a Motor Vehicle in Transport,0,No,3,Intersection-Related,3,T-Intersection,0,None,,,1,On Roadway,1,Daylight,,,,,10,Cloudy,0,No,0000000,Not Applicable,14,2:00pm-2:59pm,13,13,14,2:00pm-2:59pm,16,16,99,Unknown,99,Unknown EMS Hospital Arrival Time,,,,,,,1,
2021,41,410074,Oregon,2,2,0,0,0,2,2,47,MARION (47),0,NOT APPLICABLE,14,14,3,March,2021,1,Sunday,18,6:00pm-6:59pm,56,56,0,This section IS NOT on the NHS,1,Rural,4,Minor Arterial,1,State Highway Agency,3,State Highway,SR-99E,,386,386,45.07750000,45.07750000,-122.923919440,-122.923919440,0,No Special Jurisdiction,12,Motor Vehicle In-Transport,6,Angle,0,No,8,Driveway Access Related,1,Not an Intersection,0,None,,,1,On Roadway,5,Dusk,,,,,2,Rain,0,No,0000000,Not Applicable,18,6:00pm-6:59pm,58,58,19,7:00pm-7:59pm,6,6,88,"Not Applicable (Not Transported) ",88,Not Applicable (Not Transported),,,,,,,1,
2021,41,410075,Oregon,1,1,0,0,0,3,3,9,COLUMBIA (9),0,NOT APPLICABLE,17,17,3,March,2021,4,Wednesday,9,9:00am-9:59am,40,40,0,This section IS NOT on the NHS,1,Rural,5,Major Collector,2,County Highway Agency,4,County Road,CR-QUINCY MAYGER RD,,17,17,46.15563333,46.15563333,-123.154736110,-123.154736110,0,No Special Jurisdiction,42,Tree (Standing Only),0,The First Harmful Event was Not a Collision with a Motor Vehicle in Transport,0,No,1,Non-Junction,1,Not an Intersection,0,None,,,4,On Roadside,1,Daylight,,,,,1,Clear,0,No,0000000,Not Applicable,9,9:00am-9:59am,43,43,9,9:00am-9:59am,56,56,99,Unknown,99,Unknown EMS Hospital Arrival Time,,,,,,,1,
2021,41,410076,Oregon,1,1,0,0,0,1,1,39,LANE (39),0,NOT APPLICABLE,19,19,3,March,2021,6,Friday,6,6:00am-6:59am,30,30,0,This section IS NOT on the NHS,1,Rural,4,Minor Arterial,1,State Highway Agency,3,State Highway,SR-99 ODOT 91,,1080,1080,44.23810556,44.23810556,-123.212350000,-123.212350000,0,No Special Jurisdiction,42,Tree (Standing Only),0,The First Harmful Event was Not a Collision with a Motor Vehicle in Transport,0,No,1,Non-Junction,1,Not an Intersection,0,None,,,4,On Roadside,8,Not Reported,,,,,98,Not Reported,0,No,0000000,Not Applicable,8,8:00am-8:59am,0,0,8,8:00am-8:59am,5,5,88,"Not Applicable (Not Transported) ",88,Not Applicable (Not Transported),,,,,,,1,
2021,41,410077,Oregon,1,1,0,0,0,1,1,53,POLK (53),0,NOT APPLICABLE,19,19,3,March,2021,6,Friday,23,11:00pm-11:59pm,45,45,1,This section IS ON the NHS,1,Rural,3,Principal Arterial - Other,1,State Highway Agency,3,State Highway,SR-18 ODOT 39,,279,279,45.06075833,45.06075833,-123.479994440,-123.479994440,0,No Special Jurisdiction,42,Tree (Standing Only),0,The First Harmful Event was Not a Collision with a Motor Vehicle in Transport,0,No,1,Non-Junction,1,Not an Intersection,0,None,,,4,On Roadside,2,Dark - Not Lighted,,,,,2,Rain,0,No,0000000,Not Applicable,23,11:00pm-11:59pm,48,48,0,0:00am-0:59am,2,2,99,Unknown,99,Unknown EMS Hospital Arrival Time,,,,,,,1,
2021,41,410078,Oregon,1,1,0,0,0,1,1,41,LINCOLN (41),0,NOT APPLICABLE,20,20,3,March,2021,7,Saturday,11,11:00am-11:59am,35,35,0,This section IS NOT on the NHS,1,Rural,5,Major Collector,2,County Highway Agency,4,County Road,CR-S DRIFT CREEK RD,,13,13,44.92395833,44.92395833,-123.985594440,-123.985594440,0,No Special Jurisdiction,35,Embankment,0,The First Harmful Event was Not a Collision with a Motor Vehicle in Transport,0,No,1,Non-Junction,1,Not an Intersection,0,None,,,4,On Roadside,1,Daylight,,,,,10,Cloudy,0,No,0000000,Not Applicable,13,1:00pm-1:59pm,26,26,13,1:00pm-1:59pm,38,38,88,"Not Applicable (Not Transported) ",88,Not Applicable (Not Transported),,,,,,,1,
2021,41,410079,Oregon,2,2,0,0,0,4,4,71,YAMHILL (71),0,NOT APPLICABLE,23,23,3,March,2021,3,Tuesday,4,4:00am-4:59am,31,31,0,This section IS NOT on the NHS,1,Rural,4,Minor Arterial,1,State Highway Agency,3,State Highway,SR-47 ODOT 29,,307,307,45.38127222,45.38127222,-123.144327780,-123.144327780,0,No Special Jurisdiction,12,Motor Vehicle In-Transport,2,Front-to-Front,0,No,1,Non-Junction,1,Not an Intersection,0,None,,,1,On Roadway,2,Dark - Not Lighted,,,,,1,Clear,0,No,0000000,Not Applicable,4,4:00am-4:59am,35,35,4,4:00am-4:59am,53,53,99,Unknown,99,Unknown EMS Hospital Arrival Time,,,,,,,1,
2021,41,410080,Oregon,2,2,0,0,0,2,2,51,MULTNOMAH (51),1650,PORTLAND,25,25,3,March,2021,5,Thursday,2,2:00am-2:59am,14,14,1,This section IS ON the NHS,2,Urban,1,Interstate,1,State Highway Agency,1,Interstate,I-84,,52,52,45.53183056,45.53183056,-122.574577780,-122.574577780,0,No Special Jurisdiction,12,Motor Vehicle In-Transport,2,Front-to-Front,0,No,1,Non-Junction,1,Not an Intersection,0,None,,,1,On Roadway,3,Dark - Lighted,,,,,10,Cloudy,0,No,0000000,Not Applicable,2,2:00am-2:59am,17,17,2,2:00am-2:59am,25,25,88,"Not Applicable (Not Transported) ",88,Not Applicable (Not Transported),,,,,,,2,
2021,41,410081,Oregon,3,3,0,0,0,3,3,33,JOSEPHINE (33),0,NOT APPLICABLE,26,26,3,March,2021,6,Friday,7,7:00am-7:59am,23,23,1,This section IS ON the NHS,1,Rural,3,Principal Arterial - Other,1,State Highway Agency,2,U.S. Highway,US-199 ODOT 25,,293,293,42.16008333,42.16008333,-123.647638890,-123.647638890,0,No Special Jurisdiction,12,Motor Vehicle In-Transport,2,Front-to-Front,0,No,1,Non-Junction,1,Not an Intersection,0,None,,,1,On Roadway,4,Dawn,,,,,1,Clear,0,No,0000000,Not Applicable,7,7:00am-7:59am,32,32,7,7:00am-7:59am,50,50,8,8:00am-8:59am,13,13,,,,,,,1,
2021,41,410082,Oregon,3,3,0,0,0,7,7,33,JOSEPHINE (33),0,NOT APPLICABLE,26,26,3,March,2021,6,Friday,12,12:00pm-12:59pm,28,28,1,This section IS ON the NHS,1,Rural,3,Principal Arterial - Other,1,State Highway Agency,2,U.S. Highway,US-199 ODOT 25,,123,123,42.36371389,42.36371389,-123.531355560,-123.531355560,0,No Special Jurisdiction,12,Motor Vehicle In-Transport,1,Front-to-Rear,0,No,1,Non-Junction,1,Not an Intersection,0,None,,,1,On Roadway,1,Daylight,,,,,1,Clear,0,No,0000000,Not Applicable,12,12:00pm-12:59pm,31,31,12,12:00pm-12:59pm,40,40,12,12:00pm-12:59pm,52,52,,,,,,,1,
2021,41,410083,Oregon,2,2,0,0,0,3,3,47,MARION (47),1810,SALEM,26,26,3,March,2021,6,Friday,19,7:00pm-7:59pm,49,49,0,This section IS NOT on the NHS,2,Urban,3,Principal Arterial - Other,4,City or Municipal Highway Agency,6,Local Street - Municipality,COMMERCIAL ST SE,,0,None,44.90187778,44.90187778,-123.039847220,-123.039847220,0,No Special Jurisdiction,12,Motor Vehicle In-Transport,2,Front-to-Front,0,No,8,Driveway Access Related,1,Not an Intersection,0,None,,,1,On Roadway,3,Dark - Lighted,,,,,1,Clear,0,No,0000000,Not Applicable,19,7:00pm-7:59pm,49,49,19,7:00pm-7:59pm,56,56,20,8:00pm-8:59pm,22,22,,,,,,,1,
2021,41,410084,Oregon,1,1,0,0,0,3,3,45,MALHEUR (45),0,NOT APPLICABLE,27,27,3,March,2021,7,Saturday,0,0:00am-0:59am,41,41,0,This section IS NOT on the NHS,1,Rural,4,Minor Arterial,1,State Highway Agency,3,State Highway,SR-201S ODOT 450,,182,182,43.66000556,43.66000556,-117.068222220,-117.068222220,0,No Special Jurisdiction,35,Embankment,0,The First Harmful Event was Not a Collision with a Motor Vehicle in Transport,0,No,1,Non-Junction,1,Not an Intersection,0,None,,,4,On Roadside,2,Dark - Not Lighted,,,,,1,Clear,0,No,0000000,Not Applicable,0,0:00am-0:59am,41,41,0,0:00am-0:59am,53,53,99,Unknown,99,Unknown EMS Hospital Arrival Time,,,,,,,1,
2021,41,410085,Oregon,1,1,0,0,0,1,1,29,JACKSON (29),0,NOT APPLICABLE,31,31,7,July,2021,7,Saturday,8,8:00am-8:59am,13,13,0,This section IS NOT on the NHS,1,Rural,4,Minor Arterial,1,State Highway Agency,3,State Highway,SR-234 ODOT 271,,140,140,42.51442500,42.51442500,-122.877008330,-122.877008330,0,No Special Jurisdiction,34,Ditch,0,The First Harmful Event was Not a Collision with a Motor Vehicle in Transport,0,No,1,Non-Junction,1,Not an Intersection,0,None,,,4,On Roadside,1,Daylight,,,,,1,Clear,0,No,0000000,Not Applicable,8,8:00am-8:59am,14,14,8,8:00am-8:59am,23,23,99,Unknown,99,Unknown EMS Hospital Arrival Time,,,,,,,1,
2021,41,410086,Oregon,1,1,0,0,0,1,1,29,JACKSON (29),0,NOT APPLICABLE,28,28,3,March,2021,1,Sunday,0,0:00am-0:59am,39,39,1,This section IS ON the NHS,2,Urban,3,Principal Arterial - Other,1,State Highway Agency,3,State Highway,SR-238 ODOT 272,,364,364,42.34080278,42.34080278,-122.924366670,-122.924366670,0,No Special Jurisdiction,24,Guardrail Face,0,The First Harmful Event was Not a Collision with a Motor Vehicle in Transport,0,No,1,Non-Junction,1,Not an Intersection,0,None,,,4,On Roadside,2,Dark - Not Lighted,,,,,1,Clear,0,No,0000000,Not Applicable,0,0:00am-0:59am,31,31,0,0:00am-0:59am,38,38,88,"Not Applicable (Not Transported) ",88,Not Applicable (Not Transported),,,,,,,1,
2021,41,410087,Oregon,1,1,0,0,0,1,1,19,DOUGLAS (19),0,NOT APPLICABLE,1,1,5,May,2021,7,Saturday,15,3:00pm-3:59pm,33,33,1,This section IS ON the NHS,1,Rural,1,Interstate,1,State Highway Agency,1,Interstate,I-5,,1595,1595,43.66481667,43.66481667,-123.202655560,-123.202655560,0,No Special Jurisdiction,42,Tree (Standing Only),0,The First Harmful Event was Not a Collision with a Motor Vehicle in Transport,0,No,1,Non-Junction,1,Not an Intersection,0,None,,,3,On Median,1,Daylight,,,,,10,Cloudy,0,No,0000000,Not Applicable,15,3:00pm-3:59pm,33,33,16,4:00pm-4:59pm,32,32,88,"Not Applicable (Not Transported) ",88,Not Applicable (Not Transported),,,,,,,1,
2021,41,410088,Oregon,1,1,0,0,0,1,1,11,COOS (11),0,NOT APPLICABLE,25,25,3,March,2021,5,Thursday,16,4:00pm-4:59pm,1,1,0,This section IS NOT on the NHS,1,Rural,5,Major Collector,1,State Highway Agency,3,State Highway,SR-241 ODOT 241,,114,114,43.41658056,43.41658056,-124.054925000,-124.054925000,0,No Special Jurisdiction,3,Immersion or Partial Immersion,0,The First Harmful Event was Not a Collision with a Motor Vehicle in Transport,0,No,1,Non-Junction,1,Not an Intersection,0,None,,,4,On Roadside,9,Reported as Unknown,,,,,99,Reported as Unknown,0,No,0000000,Not Applicable,16,4:00pm-4:59pm,4,4,16,4:00pm-4:59pm,32,32,99,Unknown,99,Unknown EMS Hospital Arrival Time,,,,,,,1,
2021,41,410089,Oregon,1,1,0,1,1,1,1,29,JACKSON (29),1310,MEDFORD,3,3,5,May,2021,2,Monday,2,2:00am-2:59am,54,54,1,This section IS ON the NHS,2,Urban,1,Interstate,1,State Highway Agency,1,Interstate,I-5,,290,290,42.33198889,42.33198889,-122.870472220,-122.870472220,0,No Special Jurisdiction,8,Pedestrian,0,The First Harmful Event was Not a Collision with a Motor Vehicle in Transport,0,No,1,Non-Junction,1,Not an Intersection,0,None,,,1,On Roadway,2,Dark - Not Lighted,,,,,1,Clear,0,No,0000000,Not Applicable,2,2:00am-2:59am,54,54,3,3:00am-3:59am,0,0,88,"Not Applicable (Not Transported) ",88,Not Applicable (Not Transported),,,,,,,1,
2021,41,410090,Oregon,2,2,0,0,0,2,2,39,LANE (39),0,NOT APPLICABLE,29,29,3,March,2021,2,Monday,13,1:00pm-1:59pm,27,27,0,This section IS NOT on the NHS,1,Rural,5,Major Collector,2,County Highway Agency,4,County Road,CR-MARCOLA RD,,53,53,44.11125278,44.11125278,-122.926769440,-122.926769440,0,No Special Jurisdiction,12,Motor Vehicle In-Transport,2,Front-to-Front,0,No,1,Non-Junction,1,Not an Intersection,0,None,,,1,On Roadway,1,Daylight,,,,,10,Cloudy,0,No,0000000,Not Applicable,13,1:00pm-1:59pm,23,23,99,Unknown EMS Scene Arrival Hour,99,Unknown EMS Scene Arrival Minutes,88,"Not Applicable (Not Transported) ",88,Not Applicable (Not Transported),,,,,,,1,
2021,41,410091,Oregon,2,2,0,0,0,3,3,43,LINN (43),0,NOT APPLICABLE,31,31,3,March,2021,4,Wednesday,18,6:00pm-6:59pm,37,37,0,This section IS NOT on the NHS,1,Rural,4,Minor Arterial,1,State Highway Agency,3,State Highway,SR-20 ODOT 16,SR-226 ODOT 211,65,65,44.62929722,44.62929722,-122.951202780,-122.951202780,0,No Special Jurisdiction,12,Motor Vehicle In-Transport,6,Angle,0,No,2,Intersection,3,T-Intersection,0,None,,,1,On Roadway,1,Daylight,,,,,1,Clear,0,No,0000000,Not Applicable,18,6:00pm-6:59pm,37,37,18,6:00pm-6:59pm,43,43,99,Unknown,99,Unknown EMS Hospital Arrival Time,,,,,,,1,
2021,41,410092,Oregon,2,2,0,0,0,3,3,47,MARION (47),0,NOT APPLICABLE,31,31,3,March,2021,4,Wednesday,21,9:00pm-9:59pm,2,2,1,This section IS ON the NHS,1,Rural,1,Interstate,1,State Highway Agency,1,Interstate,I-5,,2665,2665,45.08467500,45.08467500,-122.947925000,-122.947925000,0,No Special Jurisdiction,12,Motor Vehicle In-Transport,1,Front-to-Rear,0,No,1,Non-Junction,1,Not an Intersection,0,None,,,1,On Roadway,3,Dark - Lighted,,,,,1,Clear,0,No,0000000,Not Applicable,21,9:00pm-9:59pm,3,3,21,9:00pm-9:59pm,12,12,88,"Not Applicable (Not Transported) ",88,Not Applicable (Not Transported),,,,,,,1,
2021,41,410093,Oregon,3,3,0,0,0,4,4,29,JACKSON (29),1310,MEDFORD,1,1,4,April,2021,5,Thursday,14,2:00pm-2:59pm,0,0,0,This section IS NOT on the NHS,2,Urban,4,Minor Arterial,4,City or Municipal Highway Agency,6,Local Street - Municipality,E MCANDREWS RD,,0,None,42.34198056,42.34198056,-122.848152780,-122.848152780,0,No Special Jurisdiction,12,Motor Vehicle In-Transport,8,Sideswipe - Opposite Direction,0,No,1,Non-Junction,1,Not an Intersection,0,None,,,1,On Roadway,1,Daylight,,,,,1,Clear,0,No,0000000,Not Applicable,14,2:00pm-2:59pm,0,0,14,2:00pm-2:59pm,6,6,14,2:00pm-2:59pm,34,34,,,,,,,1,
2021,41,410094,Oregon,2,2,0,0,0,2,2,3,BENTON (3),0,NOT APPLICABLE,2,2,4,April,2021,6,Friday,7,7:00am-7:59am,19,19,1,This section IS ON the NHS,1,Rural,3,Principal Arterial - Other,1,State Highway Agency,2,U.S. Highway,US-20 ODOT 31,,70,70,44.63904444,44.63904444,-123.173647220,-123.173647220,0,No Special Jurisdiction,12,Motor Vehicle In-Transport,2,Front-to-Front,0,No,1,Non-Junction,1,Not an Intersection,0,None,,,1,On Roadway,1,Daylight,,,,,1,Clear,0,No,0000000,Not Applicable,7,7:00am-7:59am,20,20,7,7:00am-7:59am,30,30,99,Unknown,99,Unknown EMS Hospital Arrival Time,,,,,,,1,
2021,41,410095,Oregon,1,1,0,1,1,1,1,31,JEFFERSON (31),1270,MADRAS,4,4,5,May,2021,3,Tuesday,23,11:00pm-11:59pm,19,19,1,This section IS ON the NHS,2,Urban,3,Principal Arterial - Other,1,State Highway Agency,2,U.S. Highway,US-97 ODOT 4,,961,961,44.62244722,44.62244722,-121.131316670,-121.131316670,0,No Special Jurisdiction,8,Pedestrian,0,The First Harmful Event was Not a Collision with a Motor Vehicle in Transport,0,No,1,Non-Junction,1,Not an Intersection,0,None,,,1,On Roadway,3,Dark - Lighted,,,,,1,Clear,0,No,0000000,Not Applicable,23,11:00pm-11:59pm,19,19,23,11:00pm-11:59pm,23,23,88,"Not Applicable (Not Transported) ",88,Not Applicable (Not Transported),,,,,,,1,
2021,41,410096,Oregon,1,1,0,0,0,1,1,5,CLACKAMAS (5),0,NOT APPLICABLE,4,4,4,April,2021,1,Sunday,21,9:00pm-9:59pm,8,8,0,This section IS NOT on the NHS,1,Rural,4,Minor Arterial,2,County Highway Agency,4,County Road,CR-AMISSIGER RD,,3,3,45.38955278,45.38955278,-122.391600000,-122.391600000,0,No Special Jurisdiction,34,Ditch,0,The First Harmful Event was Not a Collision with a Motor Vehicle in Transport,0,No,1,Non-Junction,1,Not an Intersection,0,None,,,4,On Roadside,2,Dark - Not Lighted,,,,,1,Clear,0,No,0000000,Not Applicable,99,Unknown,99,Unknown,99,Unknown EMS Scene Arrival Hour,99,Unknown EMS Scene Arrival Minutes,88,"Not Applicable (Not Transported) ",88,Not Applicable (Not Transported),,,,,,,1,
2021,41,410097,Oregon,2,2,0,0,0,3,3,17,DESCHUTES (17),1720,REDMOND,6,6,4,April,2021,3,Tuesday,8,8:00am-8:59am,16,16,1,This section IS ON the NHS,2,Urban,3,Principal Arterial - Other,4,City or Municipal Highway Agency,6,Local Street - Municipality,NW 6TH ST,,0,None,44.29683889,44.29683889,-121.173872220,-121.173872220,0,No Special Jurisdiction,12,Motor Vehicle In-Transport,2,Front-to-Front,0,No,1,Non-Junction,1,Not an Intersection,0,None,,,1,On Roadway,1,Daylight,,,,,1,Clear,0,No,0000000,Not Applicable,8,8:00am-8:59am,16,16,8,8:00am-8:59am,18,18,99,Unknown,99,Unknown EMS Hospital Arrival Time,,,,,,,1,