caseyear,state,st_case,statename,ve_total,ve_forms,pvh_invl,peds,pernotmvit,permvit,persons,county,countyname,city,cityname,day,dayname,month,monthname,year,day_week,day_weekname,hour,hourname,minute,minutename,nhs,nhsname,rur_urb,rur_urbname,func_sys,func_sysname,rd_owner,rd_ownername,route,routename,tway_id,tway_id2,milept,mileptname,latitude,latitudename,longitud,longitudname,sp_jur,sp_jurname,harm_ev,harm_evname,man_coll,man_collname,reljct1,reljct1name,reljct2,reljct2name,typ_int,typ_intname,wrk_zone,wrk_zonename,road_fnc,road_fncname,rel_road,rel_roadname,lgt_cond,lgt_condname,weather1,weather1name,weather2,weather2name,weather,weathername,sch_bus,sch_busname,rail,railname,not_hour,not_hourname,not_min,not_minname,arr_hour,arr_hourname,arr_min,arr_minname,hosp_hr,hosp_hrname,hosp_mn,hosp_mnname,cf1,cf1name,cf2,cf2name,cf3,cf3name,fatals,drunk_dr
2021,41,410134,Oregon,2,1,1,1,1,1,1,47,MARION (47),0,NOT APPLICABLE,8,8,5,May,2021,7,Saturday,23,11:00pm-11:59pm,25,25,1,This section IS ON the NHS,2,Urban,1,Interstate,1,State Highway Agency,1,Interstate,"I-5 RAMP ",,2634,2634,45.04875278,45.04875278,-122.974072220,-122.974072220,0,No Special Jurisdiction,14,Parked Motor Vehicle,0,The First Harmful Event was Not a Collision with a Motor Vehicle in Transport,0,No,5,Entrance/Exit Ramp Related,1,Not an Intersection,0,None,,,2,On Shoulder,3,Dark - Lighted,,,,,1,Clear,0,No,0000000,Not Applicable,23,11:00pm-11:59pm,25,25,23,11:00pm-11:59pm,33,33,88,"Not Applicable (Not Transported) ",88,Not Applicable (Not Transported),,,,,,,1,
2021,41,410135,Oregon,1,1,0,0,0,1,1,35,KLAMATH (35),0,NOT APPLICABLE,9,9,5,May,2021,1,Sunday,11,11:00am-11:59am,4,4,0,This section IS NOT on the NHS,1,Rural,5,Major Collector,2,County Highway Agency,4,County Road,CR-SPRING LAKE RD,,26,26,42.13140833,42.13140833,-121.742425000,-121.742425000,0,No Special Jurisdiction,24,Guardrail Face,0,The First Harmful Event was Not a Collision with a Motor Vehicle in Transport,0,No,1,Non-Junction,1,Not an Intersection,0,None,,,4,On Roadside,1,Daylight,,,,,1,Clear,0,No,0000000,Not Applicable,99,Unknown,99,Unknown,99,Unknown EMS Scene Arrival Hour,99,Unknown EMS Scene Arrival Minutes,88,"Not Applicable (Not Transported) ",88,Not Applicable (Not Transported),,,,,,,1,
2021,41,410136,Oregon,1,1,0,1,1,1,1,67,WASHINGTON (67),0,NOT APPLICABLE,10,10,5,May,2021,2,Monday,1,1:00am-1:59am,47,47,1,This section IS ON the NHS,2,Urban,3,Principal Arterial - Other,1,State Highway Agency,3,State Highway,SR-8 ODOT 29,,143,143,45.51998889,45.51998889,-123.011661110,-123.011661110,0,No Special Jurisdiction,8,Pedestrian,0,The First Harmful Event was Not a Collision with a Motor Vehicle in Transport,0,No,1,Non-Junction,1,Not an Intersection,0,None,,,1,On Roadway,2,Dark - Not Lighted,,,,,1,Clear,0,No,0000000,Not Applicable,1,1:00am-1:59am,47,47,1,1:00am-1:59am,50,50,88,"Not Applicable (Not Transported) ",88,Not Applicable (Not Transported),,,,,,,1,
2021,41,410138,Oregon,1,1,0,0,0,1,1,59,UMATILLA (59),0,NOT APPLICABLE,15,15,5,May,2021,7,Saturday,16,4:00pm-4:59pm,10,10,1,This section IS ON the NHS,1,Rural,3,Principal Arterial - Other,1,State Highway Agency,3,State Highway,SR-395 ODOT 28,,535,535,45.09643611,45.09643611,-118.984866670,-118.984866670,0,No Special Jurisdiction,35,Embankment,0,The First Harmful Event was Not a Collision with a Motor Vehicle in Transport,0,No,1,Non-Junction,1,Not an Intersection,0,None,,,4,On Roadside,1,Daylight,,,,,1,Clear,0,No,0000000,Not Applicable,16,4:00pm-4:59pm,12,12,16,4:00pm-4:59pm,30,30,88,"Not Applicable (Not Transported) ",88,Not Applicable (Not Transported),,,,,,,1,
2021,41,410139,Oregon,2,2,0,0,0,2,2,43,LINN (43),0,NOT APPLICABLE,16,16,5,May,2021,1,Sunday,22,10:00pm-10:59pm,37,37,1,This section IS ON the NHS,1,Rural,1,Interstate,1,State Highway Agency,1,Interstate,I-5,,2080,2080,44.26548611,44.26548611,-123.060677780,-123.060677780,0,No Special Jurisdiction,12,Motor Vehicle In-Transport,2,Front-to-Front,0,No,1,Non-Junction,1,Not an Intersection,0,None,,,1,On Roadway,2,Dark - Not Lighted,,,,,1,Clear,0,No,0000000,Not Applicable,22,10:00pm-10:59pm,37,37,22,10:00pm-10:59pm,52,52,88,"Not Applicable (Not Transported) ",88,Not Applicable (Not Transported),,,,,,,1,
2021,41,410140,Oregon,1,1,0,0,0,1,1,35,KLAMATH (35),0,NOT APPLICABLE,17,17,5,May,2021,2,Monday,14,2:00pm-2:59pm,26,26,1,This section IS ON the NHS,1,Rural,3,Principal Arterial - Other,1,State Highway Agency,2,U.S. Highway,US-97 ODOT 4,,2693,2693,42.29564444,42.29564444,-121.817191670,-121.817191670,0,No Special Jurisdiction,17,Boulder,0,The First Harmful Event was Not a Collision with a Motor Vehicle in Transport,0,No,1,Non-Junction,1,Not an Intersection,0,None,,,4,On Roadside,1,Daylight,,,,,1,Clear,0,No,0000000,Not Applicable,14,2:00pm-2:59pm,27,27,14,2:00pm-2:59pm,32,32,88,"Not Applicable (Not Transported) ",88,Not Applicable (Not Transported),,,,,,,1,
2021,41,410141,Oregon,1,1,0,1,1,1,1,29,JACKSON (29),1310,MEDFORD,17,17,5,May,2021,2,Monday,19,7:00pm-7:59pm,45,45,0,This section IS NOT on the NHS,2,Urban,7,Local,4,City or Municipal Highway Agency,6,Local Street - Municipality,STERLING POINTE DR,MCQUIRE WAY,0,None,42.32298611,42.32298611,-122.816272220,-122.816272220,0,No Special Jurisdiction,9,Pedalcyclist,0,The First Harmful Event was Not a Collision with a Motor Vehicle in Transport,0,No,2,Intersection,3,T-Intersection,0,None,,,1,On Roadway,1,Daylight,,,,,1,Clear,0,No,0000000,Not Applicable,19,7:00pm-7:59pm,48,48,19,7:00pm-7:59pm,54,54,20,8:00pm-8:59pm,3,3,,,,,,,1,
2021,41,410142,Oregon,1,1,0,0,0,2,2,39,LANE (39),660,EUGENE,17,17,5,May,2021,2,Monday,1,1:00am-1:59am,4,4,0,This section IS NOT on the NHS,2,Urban,4,Minor Arterial,4,City or Municipal Highway Agency,6,Local Street - Municipality,W18TH AVE,,0,None,44.03855278,44.03855278,-123.159777780,-123.159777780,0,No Special Jurisdiction,42,Tree (Standing Only),0,The First Harmful Event was Not a Collision with a Motor Vehicle in Transport,0,No,1,Non-Junction,1,Not an Intersection,0,None,,,4,On Roadside,2,Dark - Not Lighted,,,,,1,Clear,0,No,0000000,Not Applicable,1,1:00am-1:59am,4,4,1,1:00am-1:59am,9,9,88,"Not Applicable (Not Transported) ",88,Not Applicable (Not Transported),,,,,,,2,
2021,41,410143,Oregon,1,1,0,0,0,1,1,37,LAKE (37),0,NOT APPLICABLE,18,18,5,May,2021,3,Tuesday,17,5:00pm-5:59pm,8,8,0,This section IS NOT on the NHS,1,Rural,6,Minor Collector,2,County Highway Agency,4,County Road,CR-OLD LAKE RD,,21,21,43.12548056,43.12548056,-120.825294440,-120.825294440,0,No Special Jurisdiction,34,Ditch,0,The First Harmful Event was Not a Collision with a Motor Vehicle in Transport,0,No,1,Non-Junction,1,Not an Intersection,0,None,,,4,On Roadside,1,Daylight,,,,,1,Clear,0,No,0000000,Not Applicable,17,5:00pm-5:59pm,17,17,17,5:00pm-5:59pm,50,50,88,"Not Applicable (Not Transported) ",88,Not Applicable (Not Transported),,,,,,,1,
2021,41,410144,Oregon,2,2,0,0,0,2,2,41,LINCOLN (41),513,DEPOE BAY,19,19,5,May,2021,4,Wednesday,23,11:00pm-11:59pm,22,22,1,This section IS ON the NHS,1,Rural,3,Principal Arterial - Other,1,State Highway Agency,2,U.S. Highway,US-101 ODOT 9,,1281,1281,44.80156389,44.80156389,-124.062588890,-124.062588890,0,No Special Jurisdiction,12,Motor Vehicle In-Transport,2,Front-to-Front,0,No,1,Non-Junction,1,Not an Intersection,0,None,,,1,On Roadway,2,Dark - Not Lighted,,,,,1,Clear,0,No,0000000,Not Applicable,23,11:00pm-11:59pm,23,23,23,11:00pm-11:59pm,28,28,99,Unknown,99,Unknown EMS Hospital Arrival Time,,,,,,,1,
2021,41,410145,Oregon,1,1,0,0,0,1,1,33,JOSEPHINE (33),0,NOT APPLICABLE,20,20,5,May,2021,5,Thursday,16,4:00pm-4:59pm,45,45,0,This section IS NOT on the NHS,1,Rural,6,Minor Collector,2,County Highway Agency,4,County Road,CR-HOLLAND LP,,18,18,42.12648611,42.12648611,-123.605650000,-123.605650000,0,No Special Jurisdiction,38,Fence,0,The First Harmful Event was Not a Collision with a Motor Vehicle in Transport,0,No,1,Non-Junction,1,Not an Intersection,0,None,,,4,On Roadside,1,Daylight,,,,,2,Rain,0,No,0000000,Not Applicable,16,4:00pm-4:59pm,48,48,17,5:00pm-5:59pm,5,5,88,"Not Applicable (Not Transported) ",88,Not Applicable (Not Transported),,,,,,,1,
2021,41,410146,Oregon,1,1,0,0,0,1,1,11,COOS (11),0,NOT APPLICABLE,21,21,5,May,2021,6,Friday,19,7:00pm-7:59pm,19,19,0,This section IS NOT on the NHS,1,Rural,5,Major Collector,2,County Highway Agency,4,County Road,CR-FAIRVIEW RD,,20,20,43.20028056,43.20028056,-124.160716670,-124.160716670,0,No Special Jurisdiction,42,Tree (Standing Only),0,The First Harmful Event was Not a Collision with a Motor Vehicle in Transport,0,No,1,Non-Junction,1,Not an Intersection,0,None,,,4,On Roadside,1,Daylight,,,,,1,Clear,0,No,0000000,Not Applicable,19,7:00pm-7:59pm,19,19,19,7:00pm-7:59pm,25,25,88,"Not Applicable (Not Transported) ",88,Not Applicable (Not Transported),,,,,,,1,
2021,41,410147,Oregon,2,2,0,0,0,3,3,29,JACKSON (29),0,NOT APPLICABLE,22,22,5,May,2021,7,Saturday,12,12:00pm-12:59pm,0,0,0,This section IS NOT on the NHS,2,Urban,4,Minor Arterial,2,County Highway Agency,4,County Road,CR-FOOTHILL RD,CR-DRY CREEK RD,32,32,42.37677222,42.37677222,-122.819425000,-122.819425000,0,No Special Jurisdiction,12,Motor Vehicle In-Transport,6,Angle,0,No,2,Intersection,3,T-Intersection,0,None,,,1,On Roadway,1,Daylight,,,,,1,Clear,0,No,0000000,Not Applicable,12,12:00pm-12:59pm,1,1,12,12:00pm-12:59pm,11,11,12,12:00pm-12:59pm,40,40,,,,,,,1,
2021,41,410148,Oregon,1,1,0,0,0,1,1,55,SHERMAN (55),0,NOT APPLICABLE,28,28,5,May,2021,6,Friday,15,3:00pm-3:59pm,19,19,0,This section IS NOT on the NHS,1,Rural,4,Minor Arterial,1,State Highway Agency,3,State Highway,SR-206 ODOT 300,,113,113,45.49558333,45.49558333,-120.529388890,-120.529388890,0,No Special Jurisdiction,1,Rollover/Overturn,0,The First Harmful Event was Not a Collision with a Motor Vehicle in Transport,0,No,1,Non-Junction,1,Not an Intersection,0,None,,,4,On Roadside,1,Daylight,,,,,10,Cloudy,0,No,0000000,Not Applicable,15,3:00pm-3:59pm,19,19,15,3:00pm-3:59pm,36,36,88,"Not Applicable (Not Transported) ",88,Not Applicable (Not Transported),,,,,,,1,
2021,41,410149,Oregon,2,2,0,0,0,2,2,19,DOUGLAS (19),1780,ROSEBURG,28,28,5,May,2021,6,Friday,13,1:00pm-1:59pm,35,35,0,This section IS NOT on the NHS,2,Urban,4,Minor Arterial,4,City or Municipal Highway Agency,6,Local Street - Municipality,W HARVARD,W STANTON,0,None,43.21382778,43.21382778,-123.372441670,-123.372441670,0,No Special Jurisdiction,12,Motor Vehicle In-Transport,6,Angle,0,No,2,Intersection,3,T-Intersection,0,None,,,1,On Roadway,1,Daylight,,,,,1,Clear,0,No,0000000,Not Applicable,13,1:00pm-1:59pm,35,35,13,1:00pm-1:59pm,38,38,13,1:00pm-1:59pm,55,55,,,,,,,1,
2021,41,410150,Oregon,2,2,0,0,0,3,3,69,WHEELER (69),0,NOT APPLICABLE,29,29,5,May,2021,7,Saturday,16,4:00pm-4:59pm,20,20,0,This section IS NOT on the NHS,1,Rural,7,Local,2,County Highway Agency,4,County Road,CR-HOOVER CREEK LN,,82,82,45.01586944,45.01586944,-120.087811110,-120.087811110,0,No Special Jurisdiction,12,Motor Vehicle In-Transport,2,Front-to-Front,0,No,1,Non-Junction,1,Not an Intersection,0,None,,,1,On Roadway,1,Daylight,,,,,1,Clear,0,No,0000000,Not Applicable,16,4:00pm-4:59pm,24,24,16,4:00pm-4:59pm,25,25,88,"Not Applicable (Not Transported) ",88,Not Applicable (Not Transported),,,,,,,1,
2021,41,410151,Oregon,1,1,0,0,0,1,1,35,KLAMATH (35),0,NOT APPLICABLE,29,29,5,May,2021,7,Saturday,20,8:00pm-8:59pm,22,22,1,This section IS ON the NHS,1,Rural,3,Principal Arterial - Other,1,State Highway Agency,2,U.S. Highway,US-97 ODOT 4,,1725,1725,43.60814722,43.60814722,-121.554727780,-121.554727780,0,No Special Jurisdiction,1,Rollover/Overturn,0,The First Harmful Event was Not a Collision with a Motor Vehicle in Transport,0,No,1,Non-Junction,1,Not an Intersection,0,None,,,4,On Roadside,5,Dusk,,,,,1,Clear,0,No,0000000,Not Applicable,20,8:00pm-8:59pm,22,22,20,8:00pm-8:59pm,32,32,88,"Not Applicable (Not Transported) ",88,Not Applicable (Not Transported),,,,,,,1,
2021,41,410152,Oregon,1,1,0,0,0,1,1,17,DESCHUTES (17),0,NOT APPLICABLE,30,30,5,May,2021,1,Sunday,21,9:00pm-9:59pm,23,23,0,This section IS NOT on the NHS,1,Rural,7,Local,2,County Highway Agency,4,County Road,CR-BRIDGE DR,,0,None,43.71451111,43.71451111,-121.496758330,-121.496758330,0,No Special Jurisdiction,38,Fence,0,The First Harmful Event was Not a Collision with a Motor Vehicle in Transport,0,No,1,Non-Junction,1,Not an Intersection,0,None,,,4,On Roadside,2,Dark - Not Lighted,,,,,1,Clear,0,No,0000000,Not Applicable,21,9:00pm-9:59pm,28,28,21,9:00pm-9:59pm,49,49,88,"Not Applicable (Not Transported) ",88,Not Applicable (Not Transported),,,,,,,1,
2021,41,410153,Oregon,2,2,0,0,0,6,6,5,CLACKAMAS (5),0,NOT APPLICABLE,31,31,5,May,2021,2,Monday,21,9:00pm-9:59pm,21,21,0,This section IS NOT on the NHS,1,Rural,4,Minor Arterial,2,County Highway Agency,4,County Road,CR-S SPRINGWATER RD,,91,91,45.30027778,45.30027778,-122.384261110,-122.384261110,0,No Special Jurisdiction,12,Motor Vehicle In-Transport,1,Front-to-Rear,0,No,1,Non-Junction,1,Not an Intersection,0,None,,,1,On Roadway,2,Dark - Not Lighted,,,,,1,Clear,0,No,0000000,Not Applicable,21,9:00pm-9:59pm,21,21,21,9:00pm-9:59pm,27,27,99,Unknown,99,Unknown EMS Hospital Arrival Time,,,,,,,3,
2021,41,410154,Oregon,2,2,0,0,0,2,2,47,MARION (47),0,NOT APPLICABLE,31,31,5,May,2021,2,Monday,17,5:00pm-5:59pm,42,42,0,This section IS NOT on the NHS,1,Rural,6,Minor Collector,2,County Highway Agency,4,County Road,CR-ST PAUL HWY NE,CR-ARBOR GROVE RD NE,46,46,45.20267500,45.20267500,-122.890358330,-122.890358330,0,No Special Jurisdiction,12,Motor Vehicle In-Transport,6,Angle,0,No,2,Intersection,2,Four-Way Intersection,0,None,,,1,On Roadway,1,Daylight,,,,,1,Clear,0,No,0000000,Not Applicable,17,5:00pm-5:59pm,42,42,17,5:00pm-5:59pm,51,51,99,Unknown,99,Unknown EMS Hospital Arrival Time,,,,,,,1,
2021,41,410155,Oregon,1,1,0,0,0,1,1,67,WASHINGTON (67),0,NOT APPLICABLE,13,13,6,June,2021,1,Sunday,7,7:00am-7:59am,32,32,0,This section IS NOT on the NHS,1,Rural,4,Minor Arterial,1,State Highway Agency,3,State Highway,SR-47 ODOT 102,,702,702,45.76416944,45.76416944,-123.211808330,-123.211808330,0,No Special Jurisdiction,11,Live Animal,0,The First Harmful Event was Not a Collision with a Motor Vehicle in Transport,0,No,1,Non-Junction,1,Not an Intersection,0,None,,,1,On Roadway,1,Daylight,,,,,2,Rain,0,No,0000000,Not Applicable,7,7:00am-7:59am,32,32,7,7:00am-7:59am,45,45,88,"Not Applicable (Not Transported) ",88,Not Applicable (Not Transported),,,,,,,1,
2021,41,410156,Oregon,4,2,2,0,0,2,2,35,KLAMATH (35),0,NOT APPLICABLE,16,16,6,June,2021,4,Wednesday,8,8:00am-8:59am,10,10,1,This section IS ON the NHS,1,Rural,3,Principal Arterial - Other,1,State Highway Agency,3,State Highway,SR-39 ODOT 50,,153,153,42.02409444,42.02409444,-121.573513890,-121.573513890,0,No Special Jurisdiction,12,Motor Vehicle In-Transport,2,Front-to-Front,0,No,1,Non-Junction,1,Not an Intersection,0,None,,,1,On Roadway,1,Daylight,,,,,1,Clear,0,No,0000000,Not Applicable,8,8:00am-8:59am,9,9,8,8:00am-8:59am,17,17,99,Unknown,99,Unknown EMS Hospital Arrival Time,,,,,,,1,
2021,41,410157,Oregon,2,2,0,0,0,2,2,17,DESCHUTES (17),0,NOT APPLICABLE,16,16,6,June,2021,4,Wednesday,21,9:00pm-9:59pm,30,30,1,This section IS ON the NHS,1,Rural,3,Principal Arterial - Other,1,State Highway Agency,2,U.S. Highway,US-20 ODOT 7,,573,573,43.72109444,43.72109444,-120.339983330,-120.339983330,0,No Special Jurisdiction,12,Motor Vehicle In-Transport,2,Front-to-Front,0,No,1,Non-Junction,1,Not an Intersection,0,None,,,1,On Roadway,2,Dark - Not Lighted,,,,,1,Clear,0,No,0000000,Not Applicable,99,Unknown,99,Unknown,99,Unknown EMS Scene Arrival Hour,99,Unknown EMS Scene Arrival Minutes,88,"Not Applicable (Not Transported) ",88,Not Applicable (Not Transported),,,,,,,1,
2021,41,410158,Oregon,1,1,0,1,1,1,1,47,MARION (47),0,NOT APPLICABLE,17,17,6,June,2021,5,Thursday,1,1:00am-1:59am,6,6,1,This section IS ON the NHS,1,Rural,1,Interstate,1,State Highway Agency,1,Interstate,I-5,,2675,2675,45.10025000,45.10025000,-122.932125000,-122.932125000,0,No Special Jurisdiction,8,Pedestrian,0,The First Harmful Event was Not a Collision with a Motor Vehicle in Transport,0,No,1,Non-Junction,1,Not an Intersection,0,None,,,1,On Roadway,2,Dark - Not Lighted,,,,,1,Clear,0,No,0000000,Not Applicable,1,1:00am-1:59am,10,10,1,1:00am-1:59am,20,20,88,"Not Applicable (Not Transported) ",88,Not Applicable (Not Transported),,,,,,,1,
2021,41,410159,Oregon,2,2,0,0,0,2,2,47,MARION (47),2260,WOODBURN,17,17,6,June,2021,5,Thursday,6,6:00am-6:59am,0,0,0,This section IS NOT on the NHS,2,Urban,4,Minor Arterial,1,State Highway Agency,3,State Highway,SR-99E ODOT 81,,315,315,45.15265833,45.15265833,-122.830000000,-122.830000000,0,No Special Jurisdiction,12,Motor Vehicle In-Transport,98,Not Reported,0,No,8,Driveway Access Related,1,Not an Intersection,0,None,,,1,On Roadway,4,Dawn,,,,,1,Clear,0,No,0000000,Not Applicable,6,6:00am-6:59am,1,1,6,6:00am-6:59am,13,13,6,6:00am-6:59am,54,54,,,,,,,1,
2021,41,410160,Oregon,1,1,0,0,0,2,2,35,KLAMATH (35),0,NOT APPLICABLE,18,18,6,June,2021,6,Friday,11,11:00am-11:59am,0,0,1,This section IS ON the NHS,1,Rural,3,Principal Arterial - Other,1,State Highway Agency,3,State Highway,SR-140 W ODOT 270,,600,600,42.27936944,42.27936944,-121.912755560,-121.912755560,0,No Special Jurisdiction,35,Embankment,0,The First Harmful Event was Not a Collision with a Motor Vehicle in Transport,0,No,1,Non-Junction,1,Not an Intersection,0,None,,,4,On Roadside,1,Daylight,,,,,1,Clear,0,No,0000000,Not Applicable,11,11:00am-11:59am,0,0,11,11:00am-11:59am,13,13,99,Unknown,99,Unknown EMS Hospital Arrival Time,,,,,,,1,
2021,41,410161,Oregon,1,1,0,0,0,1,1,35,KLAMATH (35),0,NOT APPLICABLE,20,20,6,June,2021,1,Sunday,19,7:00pm-7:59pm,35,35,1,This section IS ON the NHS,1,Rural,3,Principal Arterial - Other,1,State Highway Agency,3,State Highway,SR-140W ODOT 270,,430,430,42.43732778,42.43732778,-122.119930560,-122.119930560,0,No Special Jurisdiction,35,Embankment,0,The First Harmful Event was Not a Collision with a Motor Vehicle in Transport,0,No,1,Non-Junction,1,Not an Intersection,0,None,,,4,On Roadside,1,Daylight,,,,,1,Clear,0,No,0000000,Not Applicable,19,7:00pm-7:59pm,37,37,19,7:00pm-7:59pm,50,50,99,Unknown,99,Unknown EMS Hospital Arrival Time,,,,,,,1,
2021,41,410162,Oregon,1,1,0,0,0,2,2,27,HOOD RIVER (27),0,NOT APPLICABLE,20,20,6,June,2021,1,Sunday,23,11:00pm-11:59pm,45,45,1,This section IS ON the NHS,1,Rural,1,Interstate,1,State Highway Agency,1,Interstate,"I-84 ",,672,672,45.69587778,45.69587778,-121.448738890,-121.448738890,0,No Special Jurisdiction,24,Guardrail Face,0,The First Harmful Event was Not a Collision with a Motor Vehicle in Transport,0,No,1,Non-Junction,1,Not an Intersection,0,None,,,4,On Roadside,2,Dark - Not Lighted,,,,,1,Clear,0,No,0000000,Not Applicable,23,11:00pm-11:59pm,45,45,23,11:00pm-11:59pm,59,59,88,"Not Applicable (Not Transported) ",88,Not Applicable (Not Transported),,,,,,,2,
2021,41,410163,Oregon,1,1,0,0,0,1,1,67,WASHINGTON (67),0,NOT APPLICABLE,19,19,6,June,2021,7,Saturday,17,5:00pm-5:59pm,55,55,0,This section IS NOT on the NHS,1,Rural,5,Major Collector,2,County Highway Agency,4,County Road,CR-SW ROOD BRIDGE RD,,0,None,45.46767500,45.46767500,-122.954933330,-122.954933330,0,No Special Jurisdiction,17,Boulder,0,The First Harmful Event was Not a Collision with a Motor Vehicle in Transport,0,No,1,Non-Junction,1,Not an Intersection,0,None,,,4,On Roadside,1,Daylight,,,,,1,Clear,0,No,0000000,Not Applicable,17,5:00pm-5:59pm,55,55,18,6:00pm-6:59pm,0,0,88,"Not Applicable (Not Transported) ",88,Not Applicable (Not Transported),,,,,,,1,
2021,41,410164,Oregon,1,1,0,0,0,2,2,13,CROOK (13),0,NOT APPLICABLE,9,9,6,June,2021,4,Wednesday,20,8:00pm-8:59pm,10,10,0,This section IS NOT on the NHS,1,Rural,5,Major Collector,1,State Highway Agency,3,State Highway,SR-27 ODOT 14,,47,47,44.24023611,44.24023611,-120.862494440,-120.862494440,0,No Special Jurisdiction,38,Fence,0,The First Harmful Event was Not a Collision with a Motor Vehicle in Transport,0,No,1,Non-Junction,1,Not an Intersection,0,None,,,4,On Roadside,5,Dusk,,,,,10,Cloudy,0,No,0000000,Not Applicable,20,8:00pm-8:59pm,13,13,20,8:00pm-8:59pm,22,22,99,Unknown,99,Unknown EMS Hospital Arrival Time,,,,,,,1,
2021,41,410165,Oregon,2,2,0,0,0,2,2,11,COOS (11),0,NOT APPLICABLE,18,18,6,June,2021,6,Friday,19,7:00pm-7:59pm,9,9,1,This section IS ON the NHS,1,Rural,3,Principal Arterial - Other,1,State Highway Agency,3,State Highway,SR-42 ODOT 35,,286,286,43.03673333,43.03673333,-124.042280560,-124.042280560,0,No Special Jurisdiction,12,Motor Vehicle In-Transport,2,Front-to-Front,0,No,1,Non-Junction,1,Not an Intersection,0,None,,,1,On Roadway,1,Daylight,,,,,1,Clear,0,No,0000000,Not Applicable,19,7:00pm-7:59pm,11,11,19,7:00pm-7:59pm,21,21,99,Unknown,99,Unknown EMS Hospital Arrival Time,,,,,,,1,
2021,41,410166,Oregon,2,1,1,0,0,1,1,47,MARION (47),0,NOT APPLICABLE,22,22,6,June,2021,3,Tuesday,1,1:00am-1:59am,13,13,0,This section IS NOT on the NHS,1,Rural,4,Minor Arterial,1,State Highway Agency,3,State Highway,SR-99E,,395,395,45.06782778,45.06782778,-122.937672220,-122.937672220,0,No Special Jurisdiction,34,Ditch,0,The First Harmful Event was Not a Collision with a Motor Vehicle in Transport,0,No,1,Non-Junction,1,Not an Intersection,0,None,,,4,On Roadside,2,Dark - Not Lighted,,,,,1,Clear,0,No,0000000,Not Applicable,1,1:00am-1:59am,25,25,1,1:00am-1:59am,36,36,88,"Not Applicable (Not Transported) ",88,Not Applicable (Not Transported),,,,,,,1,
2021,41,410167,Oregon,2,2,0,0,0,6,6,15,CURRY (15),0,NOT APPLICABLE,24,24,6,June,2021,5,Thursday,11,11:00am-11:59am,26,26,1,This section IS ON the NHS,1,Rural,3,Principal Arterial - Other,1,State Highway Agency,2,U.S. Highway,US-101 ODOT 9,,3392,3392,42.27510278,42.27510278,-124.403475000,-124.403475000,0,No Special Jurisdiction,12,Motor Vehicle In-Transport,6,Angle,0,No,8,Driveway Access Related,1,Not an Intersection,0,None,,,1,On Roadway,1,Daylight,,,,,5,"Fog, Smog, Smoke",0,No,0000000,Not Applicable,11,11:00am-11:59am,34,34,11,11:00am-11:59am,41,41,88,"Not Applicable (Not Transported) ",88,Not Applicable (Not Transported),,,,,,,1,
2021,41,410168,Oregon,1,1,0,1,1,1,1,5,CLACKAMAS (5),926,HAPPY VALLEY,24,24,6,June,2021,5,Thursday,8,8:00am-8:59am,42,42,0,This section IS NOT on the NHS,2,Urban,7,Local,4,City or Municipal Highway Agency,6,Local Street - Municipality,"SE YOSEMITE ST ",,0,None,45.43353889,45.43353889,-122.484180560,-122.484180560,0,No Special Jurisdiction,8,Pedestrian,0,The First Harmful Event was Not a Collision with a Motor Vehicle in Transport,0,No,8,Driveway Access Related,1,Not an Intersection,0,None,,,1,On Roadway,1,Daylight,,,,,1,Clear,0,No,0000000,Not Applicable,8,8:00am-8:59am,43,43,8,8:00am-8:59am,46,46,88,"Not Applicable (Not Transported) ",88,Not Applicable (Not Transported),,,,,,,1,
2021,41,410169,Oregon,2,2,0,0,0,3,3,29,JACKSON (29),0,NOT APPLICABLE,26,26,6,June,2021,7,Saturday,6,6:00am-6:59am,10,10,0,This section IS NOT on the NHS,1,Rural,4,Minor Arterial,1,State Highway Agency,3,State Highway,SR-234 ODOT 271,,87,87,42.47706667,42.47706667,-122.963883330,-122.963883330,0,No Special Jurisdiction,12,Motor Vehicle In-Transport,2,Front-to-Front,0,No,1,Non-Junction,1,Not an Intersection,0,None,,,1,On Roadway,4,Dawn,,,,,1,Clear,0,No,0000000,Not Applicable,6,6:00am-6:59am,11,11,6,6:00am-6:59am,21,21,99,Unknown,99,Unknown EMS Hospital Arrival Time,,,,,,,1,
2021,41,410170,Oregon,1,1,0,0,0,5,5,47,MARION (47),0,NOT APPLICABLE,26,26,6,June,2021,7,Saturday,18,6:00pm-6:59pm,57,57,0,This section IS NOT on the NHS,1,Rural,5,Major Collector,2,County Highway Agency,4,County Road,CR-WHEATLAND RD NE,,83,83,45.08324167,45.08324167,-123.033566670,-123.033566670,0,No Special Jurisdiction,1,Rollover/Overturn,0,The First Harmful Event was Not a Collision with a Motor Vehicle in Transport,0,No,1,Non-Junction,1,Not an Intersection,0,None,,,4,On Roadside,1,Daylight,,,,,1,Clear,0,No,0000000,Not Applicable,18,6:00pm-6:59pm,57,57,19,7:00pm-7:59pm,20,20,99,Unknown,99,Unknown EMS Hospital Arrival Time,,,,,,,1,