caseyear,state,st_case,statename,ve_total,ve_forms,pvh_invl,peds,pernotmvit,permvit,persons,county,countyname,city,cityname,day,dayname,month,monthname,year,day_week,day_weekname,hour,hourname,minute,minutename,nhs,nhsname,rur_urb,rur_urbname,func_sys,func_sysname,rd_owner,rd_ownername,route,routename,tway_id,tway_id2,milept,mileptname,latitude,latitudename,longitud,longitudname,sp_jur,sp_jurname,harm_ev,harm_evname,man_coll,man_collname,reljct1,reljct1name,reljct2,reljct2name,typ_int,typ_intname,wrk_zone,wrk_zonename,road_fnc,road_fncname,rel_road,rel_roadname,lgt_cond,lgt_condname,weather1,weather1name,weather2,weather2name,weather,weathername,sch_bus,sch_busname,rail,railname,not_hour,not_hourname,not_min,not_minname,arr_hour,arr_hourname,arr_min,arr_minname,hosp_hr,hosp_hrname,hosp_mn,hosp_mnname,cf1,cf1name,cf2,cf2name,cf3,cf3name,fatals,drunk_dr
2021,41,410171,Oregon,1,1,0,0,0,1,1,39,LANE (39),0,NOT APPLICABLE,27,27,6,June,2021,1,Sunday,12,12:00pm-12:59pm,28,28,1,This section IS ON the NHS,1,Rural,3,Principal Arterial - Other,1,State Highway Agency,3,State Highway,SR-58 ODOT 18,,551,551,43.62740556,43.62740556,-122.144122220,-122.144122220,0,No Special Jurisdiction,24,Guardrail Face,0,The First Harmful Event was Not a Collision with a Motor Vehicle in Transport,0,No,1,Non-Junction,1,Not an Intersection,0,None,,,4,On Roadside,1,Daylight,,,,,1,Clear,0,No,0000000,Not Applicable,12,12:00pm-12:59pm,30,30,12,12:00pm-12:59pm,50,50,88,"Not Applicable (Not Transported) ",88,Not Applicable (Not Transported),,,,,,,1,
2021,41,410172,Oregon,1,1,0,0,0,1,1,5,CLACKAMAS (5),926,HAPPY VALLEY,28,28,6,June,2021,2,Monday,18,6:00pm-6:59pm,32,32,1,This section IS ON the NHS,2,Urban,3,Principal Arterial - Other,1,State Highway Agency,3,State Highway,SR-224 ODOT 171,,68,68,45.40870278,45.40870278,-122.531563890,-122.531563890,0,No Special Jurisdiction,42,Tree (Standing Only),0,The First Harmful Event was Not a Collision with a Motor Vehicle in Transport,0,No,1,Non-Junction,1,Not an Intersection,0,None,,,4,On Roadside,1,Daylight,,,,,1,Clear,0,No,0000000,Not Applicable,18,6:00pm-6:59pm,32,32,18,6:00pm-6:59pm,37,37,88,"Not Applicable (Not Transported) ",88,Not Applicable (Not Transported),,,,,,,1,
2021,41,410174,Oregon,3,3,0,0,0,3,3,51,MULTNOMAH (51),1650,PORTLAND,30,30,6,June,2021,4,Wednesday,17,5:00pm-5:59pm,18,18,1,This section IS ON the NHS,2,Urban,3,Principal Arterial - Other,1,State Highway Agency,3,State Highway,SR-99E,,41,41,45.58260000,45.58260000,-122.661883330,-122.661883330,0,No Special Jurisdiction,12,Motor Vehicle In-Transport,7,Sideswipe - Same Direction,0,No,1,Non-Junction,1,Not an Intersection,0,None,,,1,On Roadway,1,Daylight,,,,,1,Clear,0,No,0000000,Not Applicable,17,5:00pm-5:59pm,18,18,17,5:00pm-5:59pm,22,22,17,5:00pm-5:59pm,48,48,,,,,,,1,
2021,41,410175,Oregon,2,2,0,0,0,4,4,5,CLACKAMAS (5),926,HAPPY VALLEY,30,30,6,June,2021,4,Wednesday,16,4:00pm-4:59pm,44,44,0,This section IS NOT on the NHS,2,Urban,4,Minor Arterial,4,City or Municipal Highway Agency,6,Local Street - Municipality,"SE 172ND AVE ",,0,None,45.45988889,45.45988889,-122.486550000,-122.486550000,0,No Special Jurisdiction,12,Motor Vehicle In-Transport,8,Sideswipe - Opposite Direction,0,No,1,Non-Junction,1,Not an Intersection,0,None,,,1,On Roadway,1,Daylight,,,,,1,Clear,0,No,0000000,Not Applicable,16,4:00pm-4:59pm,44,44,16,4:00pm-4:59pm,46,46,88,"Not Applicable (Not Transported) ",88,Not Applicable (Not Transported),,,,,,,1,
2021,41,410176,Oregon,2,2,0,0,0,3,3,45,MALHEUR (45),0,NOT APPLICABLE,30,30,6,June,2021,4,Wednesday,18,6:00pm-6:59pm,24,24,1,This section IS ON the NHS,1,Rural,3,Principal Arterial - Other,1,State Highway Agency,2,U.S. Highway,US-95 ODOT 456,,435,435,42.87957778,42.87957778,-117.455197220,-117.455197220,0,No Special Jurisdiction,12,Motor Vehicle In-Transport,2,Front-to-Front,0,No,1,Non-Junction,1,Not an Intersection,0,None,,,1,On Roadway,1,Daylight,,,,,1,Clear,0,No,0000000,Not Applicable,18,6:00pm-6:59pm,27,27,19,7:00pm-7:59pm,22,22,20,8:00pm-8:59pm,34,34,,,,,,,1,
2021,41,410177,Oregon,2,2,0,0,0,2,2,7,CLATSOP (7),0,NOT APPLICABLE,1,1,7,July,2021,5,Thursday,16,4:00pm-4:59pm,10,10,1,This section IS ON the NHS,1,Rural,3,Principal Arterial - Other,1,State Highway Agency,2,U.S. Highway,US-101 ODOT 9,,138,138,46.09518056,46.09518056,-123.916411110,-123.916411110,0,No Special Jurisdiction,12,Motor Vehicle In-Transport,6,Angle,0,No,1,Non-Junction,1,Not an Intersection,0,None,,,1,On Roadway,1,Daylight,,,,,10,Cloudy,0,No,0000000,Not Applicable,16,4:00pm-4:59pm,18,18,16,4:00pm-4:59pm,25,25,88,"Not Applicable (Not Transported) ",88,Not Applicable (Not Transported),,,,,,,1,
2021,41,410178,Oregon,2,2,0,0,0,2,2,33,JOSEPHINE (33),860,GRANTS PASS,2,2,7,July,2021,6,Friday,4,4:00am-4:59am,14,14,0,This section IS NOT on the NHS,2,Urban,7,Local,4,City or Municipal Highway Agency,6,Local Street - Municipality,"SW L ST ",,0,None,42.43665278,42.43665278,-123.333902780,-123.333902780,0,No Special Jurisdiction,38,Fence,0,The First Harmful Event was Not a Collision with a Motor Vehicle in Transport,0,No,1,Non-Junction,1,Not an Intersection,0,None,,,4,On Roadside,2,Dark - Not Lighted,,,,,1,Clear,0,No,0000000,Not Applicable,4,4:00am-4:59am,15,15,4,4:00am-4:59am,20,20,4,4:00am-4:59am,44,44,,,,,,,1,
2021,41,410179,Oregon,3,3,0,0,0,5,5,39,LANE (39),2145,VENETA,2,2,7,July,2021,6,Friday,7,7:00am-7:59am,50,50,1,This section IS ON the NHS,2,Urban,3,Principal Arterial - Other,1,State Highway Agency,3,State Highway,SR-126W ODOT 62,HUSTON RD,478,478,44.05271111,44.05271111,-123.330244440,-123.330244440,0,No Special Jurisdiction,12,Motor Vehicle In-Transport,6,Angle,0,No,2,Intersection,2,Four-Way Intersection,0,None,,,1,On Roadway,1,Daylight,,,,,1,Clear,0,No,0000000,Not Applicable,7,7:00am-7:59am,55,55,8,8:00am-8:59am,1,1,8,8:00am-8:59am,48,48,,,,,,,2,
2021,41,410180,Oregon,1,1,0,1,1,1,1,47,MARION (47),1810,SALEM,2,2,7,July,2021,6,Friday,16,4:00pm-4:59pm,42,42,1,This section IS ON the NHS,2,Urban,3,Principal Arterial - Other,4,City or Municipal Highway Agency,6,Local Street - Municipality,CENTER ST NE,HIGH ST NE,0,None,44.94288056,44.94288056,-123.035458330,-123.035458330,0,No Special Jurisdiction,8,Pedestrian,0,The First Harmful Event was Not a Collision with a Motor Vehicle in Transport,0,No,3,Intersection-Related,2,Four-Way Intersection,0,None,,,1,On Roadway,1,Daylight,,,,,1,Clear,0,No,0000000,Not Applicable,16,4:00pm-4:59pm,43,43,16,4:00pm-4:59pm,47,47,16,4:00pm-4:59pm,58,58,,,,,,,1,
2021,41,410181,Oregon,1,1,0,0,0,1,1,51,MULTNOMAH (51),1650,PORTLAND,2,2,7,July,2021,6,Friday,22,10:00pm-10:59pm,12,12,0,This section IS NOT on the NHS,2,Urban,4,Minor Arterial,4,City or Municipal Highway Agency,6,Local Street - Municipality,SE FOSTER RD,,0,None,45.47699167,45.47699167,-122.558455560,-122.558455560,0,No Special Jurisdiction,1,Rollover/Overturn,0,The First Harmful Event was Not a Collision with a Motor Vehicle in Transport,0,No,1,Non-Junction,1,Not an Intersection,0,None,,,1,On Roadway,3,Dark - Lighted,,,,,1,Clear,0,No,0000000,Not Applicable,22,10:00pm-10:59pm,11,11,22,10:00pm-10:59pm,18,18,22,10:00pm-10:59pm,30,30,,,,,,,1,
2021,41,410182,Oregon,2,2,0,0,0,2,2,47,MARION (47),0,NOT APPLICABLE,3,3,7,July,2021,7,Saturday,16,4:00pm-4:59pm,20,20,0,This section IS NOT on the NHS,1,Rural,4,Minor Arterial,2,County Highway Agency,4,County Road,CR-RIVER RD S,CR-RIVERSIDE DR S,4,4,44.84548611,44.84548611,-123.174616670,-123.174616670,0,No Special Jurisdiction,12,Motor Vehicle In-Transport,6,Angle,0,No,2,Intersection,2,Four-Way Intersection,0,None,,,1,On Roadway,1,Daylight,,,,,1,Clear,0,No,0000000,Not Applicable,16,4:00pm-4:59pm,20,20,16,4:00pm-4:59pm,28,28,88,"Not Applicable (Not Transported) ",88,Not Applicable (Not Transported),,,,,,,1,
2021,41,410183,Oregon,1,1,0,0,0,1,1,17,DESCHUTES (17),0,NOT APPLICABLE,3,3,7,July,2021,7,Saturday,23,11:00pm-11:59pm,30,30,0,This section IS NOT on the NHS,1,Rural,5,Major Collector,2,County Highway Agency,4,County Road,CR-ALFALFA MARKET RD,CR-WALKER RD,0,None,44.06579444,44.06579444,-121.162175000,-121.162175000,0,No Special Jurisdiction,59,"Traffic Sign Support ",0,The First Harmful Event was Not a Collision with a Motor Vehicle in Transport,0,No,3,Intersection-Related,3,T-Intersection,0,None,,,4,On Roadside,2,Dark - Not Lighted,,,,,1,Clear,0,No,0000000,Not Applicable,6,6:00am-6:59am,3,3,99,Unknown EMS Scene Arrival Hour,99,Unknown EMS Scene Arrival Minutes,88,"Not Applicable (Not Transported) ",88,Not Applicable (Not Transported),,,,,,,1,
2021,41,410184,Oregon,2,2,0,0,0,2,2,17,DESCHUTES (17),0,NOT APPLICABLE,4,4,7,July,2021,1,Sunday,11,11:00am-11:59am,22,22,1,This section IS ON the NHS,1,Rural,3,Principal Arterial - Other,1,State Highway Agency,2,U.S. Highway,US-97 ODOT 4,,1590,1590,43.79006111,43.79006111,-121.446347220,-121.446347220,0,No Special Jurisdiction,12,Motor Vehicle In-Transport,2,Front-to-Front,0,No,1,Non-Junction,1,Not an Intersection,0,None,,,1,On Roadway,1,Daylight,,,,,1,Clear,0,No,0000000,Not Applicable,11,11:00am-11:59am,22,22,11,11:00am-11:59am,26,26,99,Unknown,99,Unknown EMS Hospital Arrival Time,,,,,,,1,
2021,41,410185,Oregon,1,1,0,1,1,1,1,51,MULTNOMAH (51),1650,PORTLAND,5,5,7,July,2021,2,Monday,1,1:00am-1:59am,32,32,0,This section IS NOT on the NHS,2,Urban,4,Minor Arterial,4,City or Municipal Highway Agency,6,Local Street - Municipality,NE 33RD DR,,0,None,45.59501389,45.59501389,-122.635397220,-122.635397220,0,No Special Jurisdiction,8,Pedestrian,0,The First Harmful Event was Not a Collision with a Motor Vehicle in Transport,0,No,1,Non-Junction,1,Not an Intersection,0,None,,,1,On Roadway,3,Dark - Lighted,,,,,1,Clear,0,No,0000000,Not Applicable,1,1:00am-1:59am,32,32,1,1:00am-1:59am,42,42,88,"Not Applicable (Not Transported) ",88,Not Applicable (Not Transported),,,,,,,1,
2021,41,410186,Oregon,2,2,0,0,0,2,2,19,DOUGLAS (19),0,NOT APPLICABLE,5,5,7,July,2021,2,Monday,20,8:00pm-8:59pm,13,13,0,This section IS NOT on the NHS,1,Rural,5,Major Collector,2,County Highway Agency,4,County Road,CR-CANYONVILLE-RIDDLE RD,,39,39,42.93646667,42.93646667,-123.345397220,-123.345397220,0,No Special Jurisdiction,12,Motor Vehicle In-Transport,6,Angle,0,No,1,Non-Junction,1,Not an Intersection,0,None,,,1,On Roadway,1,Daylight,,,,,1,Clear,0,No,0000000,Not Applicable,20,8:00pm-8:59pm,13,13,20,8:00pm-8:59pm,16,16,20,8:00pm-8:59pm,40,40,,,,,,,1,
2021,41,410187,Oregon,2,2,0,0,0,3,3,51,MULTNOMAH (51),1650,PORTLAND,5,5,7,July,2021,2,Monday,21,9:00pm-9:59pm,25,25,1,This section IS ON the NHS,2,Urban,3,Principal Arterial - Other,1,State Highway Agency,2,U.S. Highway,US-26 ODOT 26,,82,82,45.49917500,45.49917500,-122.516033330,-122.516033330,0,No Special Jurisdiction,12,Motor Vehicle In-Transport,2,Front-to-Front,0,No,1,Non-Junction,1,Not an Intersection,0,None,,,1,On Roadway,3,Dark - Lighted,,,,,1,Clear,0,No,0000000,Not Applicable,21,9:00pm-9:59pm,25,25,21,9:00pm-9:59pm,30,30,21,9:00pm-9:59pm,55,55,,,,,,,1,
2021,41,410188,Oregon,2,1,1,0,4,2,6,59,UMATILLA (59),0,NOT APPLICABLE,9,9,7,July,2021,6,Friday,6,6:00am-6:59am,32,32,1,This section IS ON the NHS,1,Rural,1,Interstate,1,State Highway Agency,1,Interstate,I-84,,2170,2170,45.62825556,45.62825556,-118.668819440,-118.668819440,0,No Special Jurisdiction,14,Parked Motor Vehicle,0,The First Harmful Event was Not a Collision with a Motor Vehicle in Transport,0,No,1,Non-Junction,1,Not an Intersection,0,None,,,2,On Shoulder,1,Daylight,,,,,1,Clear,0,No,0000000,Not Applicable,6,6:00am-6:59am,34,34,6,6:00am-6:59am,42,42,99,Unknown,99,Unknown EMS Hospital Arrival Time,,,,,,,1,
2021,41,410189,Oregon,4,4,0,0,0,8,8,39,LANE (39),0,NOT APPLICABLE,30,30,5,May,2021,1,Sunday,10,10:00am-10:59am,14,14,1,This section IS ON the NHS,1,Rural,3,Principal Arterial - Other,1,State Highway Agency,3,State Highway,SR-58 ODOT 18,,271,271,43.80636944,43.80636944,-122.567141670,-122.567141670,0,No Special Jurisdiction,12,Motor Vehicle In-Transport,7,Sideswipe - Same Direction,0,No,1,Non-Junction,1,Not an Intersection,0,None,,,1,On Roadway,1,Daylight,,,,,1,Clear,0,No,0000000,Not Applicable,1,1:00am-1:59am,1,1,99,Unknown EMS Scene Arrival Hour,99,Unknown EMS Scene Arrival Minutes,99,Unknown,99,Unknown EMS Hospital Arrival Time,,,,,,,3,
2021,41,410190,Oregon,1,1,0,0,0,1,1,27,HOOD RIVER (27),0,NOT APPLICABLE,5,5,7,July,2021,2,Monday,3,3:00am-3:59am,7,7,0,This section IS NOT on the NHS,1,Rural,7,Local,2,County Highway Agency,4,County Road,CR-EHRCK HILL DR,,16,16,45.63526389,45.63526389,-121.542441670,-121.542441670,0,No Special Jurisdiction,34,Ditch,0,The First Harmful Event was Not a Collision with a Motor Vehicle in Transport,0,No,1,Non-Junction,1,Not an Intersection,0,None,,,4,On Roadside,2,Dark - Not Lighted,,,,,1,Clear,0,No,0000000,Not Applicable,3,3:00am-3:59am,34,34,3,3:00am-3:59am,42,42,88,"Not Applicable (Not Transported) ",88,Not Applicable (Not Transported),,,,,,,1,
2021,41,410191,Oregon,1,1,0,1,1,1,1,47,MARION (47),1810,SALEM,7,7,7,July,2021,4,Wednesday,22,10:00pm-10:59pm,8,8,1,This section IS ON the NHS,2,Urban,3,Principal Arterial - Other,1,State Highway Agency,3,State Highway,SR-99E ODOT 72,"DIVISION ST NE ",47,47,44.94685556,44.94685556,-123.037238890,-123.037238890,0,No Special Jurisdiction,8,Pedestrian,0,The First Harmful Event was Not a Collision with a Motor Vehicle in Transport,0,No,3,Intersection-Related,2,Four-Way Intersection,0,None,,,1,On Roadway,3,Dark - Lighted,,,,,1,Clear,0,No,0000000,Not Applicable,22,10:00pm-10:59pm,8,8,22,10:00pm-10:59pm,13,13,22,10:00pm-10:59pm,32,32,,,,,,,1,
2021,41,410192,Oregon,1,1,0,0,0,1,1,19,DOUGLAS (19),0,NOT APPLICABLE,8,8,7,July,2021,5,Thursday,19,7:00pm-7:59pm,48,48,1,This section IS ON the NHS,1,Rural,1,Interstate,1,State Highway Agency,1,Interstate,I-5,,1144,1144,43.08658056,43.08658056,-123.367205560,-123.367205560,0,No Special Jurisdiction,1,Rollover/Overturn,0,The First Harmful Event was Not a Collision with a Motor Vehicle in Transport,0,No,1,Non-Junction,1,Not an Intersection,1,Construction,,,3,On Median,1,Daylight,,,,,1,Clear,0,No,0000000,Not Applicable,99,Unknown,99,Unknown,99,Unknown EMS Scene Arrival Hour,99,Unknown EMS Scene Arrival Minutes,99,Unknown,99,Unknown EMS Hospital Arrival Time,,,,,,,1,
2021,41,410193,Oregon,1,1,0,0,0,2,2,61,UNION (61),0,NOT APPLICABLE,9,9,7,July,2021,6,Friday,16,4:00pm-4:59pm,55,55,0,This section IS NOT on the NHS,1,Rural,5,Major Collector,1,State Highway Agency,3,State Highway,SR-237 ODOT 66,,191,191,45.17303611,45.17303611,-117.870688890,-117.870688890,0,No Special Jurisdiction,93,Unknown Fixed Object,0,The First Harmful Event was Not a Collision with a Motor Vehicle in Transport,0,No,1,Non-Junction,1,Not an Intersection,0,None,,,4,On Roadside,1,Daylight,,,,,1,Clear,0,No,0000000,Not Applicable,16,4:00pm-4:59pm,56,56,17,5:00pm-5:59pm,15,15,17,5:00pm-5:59pm,44,44,,,,,,,1,
2021,41,410194,Oregon,2,2,0,0,0,2,2,39,LANE (39),660,EUGENE,9,9,7,July,2021,6,Friday,22,10:00pm-10:59pm,56,56,1,This section IS ON the NHS,2,Urban,2,Principal Arterial - Other Freeways and Expressways,1,State Highway Agency,3,State Highway,"SR-569 CONNECTION 1 ODOT 69 ",BARGER DR,56,56,44.08455833,44.08455833,-123.170638890,-123.170638890,0,No Special Jurisdiction,12,Motor Vehicle In-Transport,6,Angle,1,Yes,2,Intersection,2,Four-Way Intersection,0,None,,,1,On Roadway,3,Dark - Lighted,,,,,1,Clear,0,No,0000000,Not Applicable,22,10:00pm-10:59pm,56,56,11,11:00am-11:59am,0,0,88,"Not Applicable (Not Transported) ",88,Not Applicable (Not Transported),,,,,,,1,
2021,41,410195,Oregon,1,1,0,0,0,1,1,71,YAMHILL (71),0,NOT APPLICABLE,11,11,7,July,2021,1,Sunday,3,3:00am-3:59am,30,30,0,This section IS NOT on the NHS,1,Rural,4,Minor Arterial,1,State Highway Agency,3,State Highway,SR-47 ODOT 29,,360,360,45.31980000,45.31980000,-123.176288890,-123.176288890,0,No Special Jurisdiction,34,Ditch,0,The First Harmful Event was Not a Collision with a Motor Vehicle in Transport,0,No,1,Non-Junction,1,Not an Intersection,0,None,,,4,On Roadside,2,Dark - Not Lighted,,,,,1,Clear,0,No,0000000,Not Applicable,3,3:00am-3:59am,30,30,3,3:00am-3:59am,42,42,99,Unknown,99,Unknown EMS Hospital Arrival Time,,,,,,,1,
2021,41,410196,Oregon,1,1,0,0,0,1,1,43,LINN (43),0,NOT APPLICABLE,11,11,7,July,2021,1,Sunday,14,2:00pm-2:59pm,34,34,1,This section IS ON the NHS,1,Rural,3,Principal Arterial - Other,1,State Highway Agency,3,State Highway,SR-22 ODOT 162,,720,720,44.55135278,44.55135278,-121.994022220,-121.994022220,0,No Special Jurisdiction,35,Embankment,0,The First Harmful Event was Not a Collision with a Motor Vehicle in Transport,0,No,1,Non-Junction,1,Not an Intersection,0,None,,,4,On Roadside,1,Daylight,,,,,1,Clear,0,No,0000000,Not Applicable,14,2:00pm-2:59pm,34,34,14,2:00pm-2:59pm,50,50,88,"Not Applicable (Not Transported) ",88,Not Applicable (Not Transported),,,,,,,1,
2021,41,410197,Oregon,2,2,0,0,0,3,3,59,UMATILLA (59),0,NOT APPLICABLE,12,12,7,July,2021,2,Monday,19,7:00pm-7:59pm,31,31,1,This section IS ON the NHS,1,Rural,1,Interstate,1,State Highway Agency,1,Interstate,I-84,,1878,1878,45.76661111,45.76661111,-119.224377780,-119.224377780,0,No Special Jurisdiction,12,Motor Vehicle In-Transport,1,Front-to-Rear,0,No,1,Non-Junction,1,Not an Intersection,0,None,,,4,On Roadside,1,Daylight,,,,,1,Clear,0,No,0000000,Not Applicable,19,7:00pm-7:59pm,31,31,19,7:00pm-7:59pm,40,40,88,"Not Applicable (Not Transported) ",88,Not Applicable (Not Transported),,,,,,,1,
2021,41,410198,Oregon,2,2,0,0,0,4,4,13,CROOK (13),1700,PRINEVILLE,12,12,7,July,2021,2,Monday,14,2:00pm-2:59pm,38,38,0,This section IS NOT on the NHS,2,Urban,6,Minor Collector,4,City or Municipal Highway Agency,6,Local Street - Municipality,SW HIGH DESERT DR,,0,None,44.28721944,44.28721944,-120.880133330,-120.880133330,0,No Special Jurisdiction,12,Motor Vehicle In-Transport,6,Angle,0,No,8,Driveway Access Related,1,Not an Intersection,0,None,,,1,On Roadway,1,Daylight,,,,,1,Clear,0,No,0000000,Not Applicable,14,2:00pm-2:59pm,35,35,14,2:00pm-2:59pm,47,47,88,"Not Applicable (Not Transported) ",88,Not Applicable (Not Transported),,,,,,,1,
2021,41,410199,Oregon,1,1,0,1,1,1,1,11,COOS (11),1510,NORTH BEND,12,12,7,July,2021,2,Monday,21,9:00pm-9:59pm,51,51,1,This section IS ON the NHS,2,Urban,3,Principal Arterial - Other,1,State Highway Agency,2,U.S. Highway,US-101 ODOT 9,,2363,2363,43.39411389,43.39411389,-124.219519440,-124.219519440,0,No Special Jurisdiction,8,Pedestrian,0,The First Harmful Event was Not a Collision with a Motor Vehicle in Transport,0,No,1,Non-Junction,1,Not an Intersection,0,None,,,1,On Roadway,8,Not Reported,,,,,98,Not Reported,0,No,0000000,Not Applicable,21,9:00pm-9:59pm,55,55,22,10:00pm-10:59pm,8,8,22,10:00pm-10:59pm,39,39,,,,,,,1,
2021,41,410200,Oregon,1,1,0,0,0,2,2,47,MARION (47),0,NOT APPLICABLE,4,4,7,July,2021,1,Sunday,21,9:00pm-9:59pm,27,27,0,This section IS NOT on the NHS,1,Rural,4,Minor Arterial,2,County Highway Agency,4,County Road,CR-EHLEN RD NE,,64,64,45.23201667,45.23201667,-122.785894440,-122.785894440,0,No Special Jurisdiction,34,Ditch,0,The First Harmful Event was Not a Collision with a Motor Vehicle in Transport,0,No,1,Non-Junction,1,Not an Intersection,0,None,,,4,On Roadside,2,Dark - Not Lighted,,,,,1,Clear,0,No,0000000,Not Applicable,21,9:00pm-9:59pm,27,27,99,Unknown EMS Scene Arrival Hour,99,Unknown EMS Scene Arrival Minutes,99,Unknown,99,Unknown EMS Hospital Arrival Time,,,,,,,1,
2021,41,410201,Oregon,2,2,0,0,0,2,2,17,DESCHUTES (17),0,NOT APPLICABLE,13,13,7,July,2021,3,Tuesday,11,11:00am-11:59am,14,14,0,This section IS NOT on the NHS,1,Rural,5,Major Collector,2,County Highway Agency,4,County Road,CR-HUNTINGTON RD,,0,None,43.75487222,43.75487222,-121.465663890,-121.465663890,0,No Special Jurisdiction,12,Motor Vehicle In-Transport,2,Front-to-Front,0,No,1,Non-Junction,1,Not an Intersection,0,None,,,1,On Roadway,1,Daylight,,,,,1,Clear,0,No,0000000,Not Applicable,11,11:00am-11:59am,29,29,12,12:00pm-12:59pm,0,0,88,"Not Applicable (Not Transported) ",88,Not Applicable (Not Transported),,,,,,,1,
2021,41,410202,Oregon,1,1,0,0,0,2,2,43,LINN (43),0,NOT APPLICABLE,17,17,7,July,2021,7,Saturday,0,0:00am-0:59am,0,0,0,This section IS NOT on the NHS,1,Rural,7,Local,2,County Highway Agency,4,County Road,CR-CRESCENT HILL RD,,3,3,44.34681944,44.34681944,-122.799469440,-122.799469440,0,No Special Jurisdiction,35,Embankment,0,The First Harmful Event was Not a Collision with a Motor Vehicle in Transport,0,No,1,Non-Junction,1,Not an Intersection,0,None,,,4,On Roadside,2,Dark - Not Lighted,,,,,1,Clear,0,No,0000000,Not Applicable,0,0:00am-0:59am,24,24,0,0:00am-0:59am,28,28,88,"Not Applicable (Not Transported) ",88,Not Applicable (Not Transported),,,,,,,1,
2021,41,410203,Oregon,2,2,0,0,0,4,4,7,CLATSOP (7),0,NOT APPLICABLE,19,19,7,July,2021,2,Monday,0,0:00am-0:59am,50,50,1,This section IS ON the NHS,1,Rural,3,Principal Arterial - Other,1,State Highway Agency,2,U.S. Highway,US-30 ODOT 92,,868,868,46.16902222,46.16902222,-123.671077780,-123.671077780,0,No Special Jurisdiction,12,Motor Vehicle In-Transport,2,Front-to-Front,0,No,1,Non-Junction,1,Not an Intersection,0,None,,,1,On Roadway,2,Dark - Not Lighted,,,,,1,Clear,0,No,0000000,Not Applicable,0,0:00am-0:59am,50,50,1,1:00am-1:59am,5,5,1,1:00am-1:59am,48,48,,,,,,,1,
2021,41,410204,Oregon,1,1,0,0,0,1,1,43,LINN (43),0,NOT APPLICABLE,19,19,7,July,2021,2,Monday,21,9:00pm-9:59pm,48,48,0,This section IS NOT on the NHS,1,Rural,5,Major Collector,2,County Highway Agency,4,County Road,CR-LYONS MILL CITY DR,,58,58,44.74977500,44.74977500,-122.507933330,-122.507933330,0,No Special Jurisdiction,42,Tree (Standing Only),0,The First Harmful Event was Not a Collision with a Motor Vehicle in Transport,0,No,1,Non-Junction,1,Not an Intersection,0,None,,,4,On Roadside,2,Dark - Not Lighted,,,,,1,Clear,0,No,0000000,Not Applicable,21,9:00pm-9:59pm,48,48,21,9:00pm-9:59pm,59,59,99,Unknown,99,Unknown EMS Hospital Arrival Time,,,,,,,1,
2021,41,410205,Oregon,1,1,0,0,0,2,2,45,MALHEUR (45),0,NOT APPLICABLE,23,23,7,July,2021,6,Friday,10,10:00am-10:59am,0,0,0,This section IS NOT on the NHS,1,Rural,5,Major Collector,2,County Highway Agency,4,County Road,CR-OWYHEE LAKE RD,,14,14,43.77863889,43.77863889,-117.151988890,-117.151988890,0,No Special Jurisdiction,35,Embankment,0,The First Harmful Event was Not a Collision with a Motor Vehicle in Transport,0,No,1,Non-Junction,1,Not an Intersection,0,None,,,4,On Roadside,1,Daylight,,,,,1,Clear,0,No,0000000,Not Applicable,10,10:00am-10:59am,0,0,10,10:00am-10:59am,23,23,99,Unknown,99,Unknown EMS Hospital Arrival Time,,,,,,,1,
2021,41,410206,Oregon,1,1,0,0,0,1,1,29,JACKSON (29),0,NOT APPLICABLE,24,24,7,July,2021,7,Saturday,20,8:00pm-8:59pm,15,15,0,This section IS NOT on the NHS,1,Rural,4,Minor Arterial,1,State Highway Agency,3,State Highway,SR-238 ODOT 272,,180,180,42.25693889,42.25693889,-123.168005560,-123.168005560,0,No Special Jurisdiction,34,Ditch,0,The First Harmful Event was Not a Collision with a Motor Vehicle in Transport,0,No,1,Non-Junction,1,Not an Intersection,0,None,,,4,On Roadside,5,Dusk,,,,,1,Clear,0,No,0000000,Not Applicable,20,8:00pm-8:59pm,15,15,20,8:00pm-8:59pm,20,20,88,"Not Applicable (Not Transported) ",88,Not Applicable (Not Transported),,,,,,,1,
2021,41,410207,Oregon,2,2,0,0,0,5,5,67,WASHINGTON (67),0,NOT APPLICABLE,26,26,7,July,2021,2,Monday,6,6:00am-6:59am,45,45,0,This section IS NOT on the NHS,1,Rural,4,Minor Arterial,1,State Highway Agency,3,State Highway,SR-6 ODOT 37,,335,335,45.62717778,45.62717778,-123.369405560,-123.369405560,0,No Special Jurisdiction,12,Motor Vehicle In-Transport,2,Front-to-Front,0,No,1,Non-Junction,1,Not an Intersection,0,None,,,1,On Roadway,1,Daylight,,,,,1,Clear,0,No,0000000,Not Applicable,6,6:00am-6:59am,50,50,7,7:00am-7:59am,17,17,99,Unknown,99,Unknown EMS Hospital Arrival Time,,,,,,,1,
2021,41,410208,Oregon,2,2,0,0,0,2,2,71,YAMHILL (71),0,NOT APPLICABLE,27,27,7,July,2021,3,Tuesday,5,5:00am-5:59am,22,22,0,This section IS NOT on the NHS,1,Rural,4,Minor Arterial,1,State Highway Agency,3,State Highway,SR-240 ODOT 151,,90,90,45.31671111,45.31671111,-123.018925000,-123.018925000,0,No Special Jurisdiction,12,Motor Vehicle In-Transport,2,Front-to-Front,0,No,1,Non-Junction,1,Not an Intersection,0,None,,,1,On Roadway,4,Dawn,,,,,10,Cloudy,0,No,0000000,Not Applicable,5,5:00am-5:59am,24,24,5,5:00am-5:59am,34,34,99,Unknown,99,Unknown EMS Hospital Arrival Time,,,,,,,1,