caseyear,state,st_case,statename,ve_total,ve_forms,pvh_invl,peds,pernotmvit,permvit,persons,county,countyname,city,cityname,day,dayname,month,monthname,year,day_week,day_weekname,hour,hourname,minute,minutename,nhs,nhsname,rur_urb,rur_urbname,func_sys,func_sysname,rd_owner,rd_ownername,route,routename,tway_id,tway_id2,milept,mileptname,latitude,latitudename,longitud,longitudname,sp_jur,sp_jurname,harm_ev,harm_evname,man_coll,man_collname,reljct1,reljct1name,reljct2,reljct2name,typ_int,typ_intname,wrk_zone,wrk_zonename,road_fnc,road_fncname,rel_road,rel_roadname,lgt_cond,lgt_condname,weather1,weather1name,weather2,weather2name,weather,weathername,sch_bus,sch_busname,rail,railname,not_hour,not_hourname,not_min,not_minname,arr_hour,arr_hourname,arr_min,arr_minname,hosp_hr,hosp_hrname,hosp_mn,hosp_mnname,cf1,cf1name,cf2,cf2name,cf3,cf3name,fatals,drunk_dr
2021,41,410209,Oregon,2,2,0,0,0,4,4,39,LANE (39),0,NOT APPLICABLE,28,28,7,July,2021,4,Wednesday,7,7:00am-7:59am,15,15,1,This section IS ON the NHS,1,Rural,3,Principal Arterial - Other,1,State Highway Agency,2,U.S. Highway,US-101 ODOT 9,,1959,1959,43.89659444,43.89659444,-124.117544440,-124.117544440,0,No Special Jurisdiction,12,Motor Vehicle In-Transport,2,Front-to-Front,0,No,1,Non-Junction,1,Not an Intersection,0,None,,,1,On Roadway,1,Daylight,,,,,5,"Fog, Smog, Smoke",0,No,0000000,Not Applicable,7,7:00am-7:59am,31,31,7,7:00am-7:59am,38,38,99,Unknown,99,Unknown EMS Hospital Arrival Time,,,,,,,2,
2021,41,410210,Oregon,2,2,0,0,0,2,2,53,POLK (53),0,NOT APPLICABLE,28,28,7,July,2021,4,Wednesday,10,10:00am-10:59am,51,51,0,This section IS NOT on the NHS,1,Rural,5,Major Collector,2,County Highway Agency,4,County Road,CR-CORVALLIS RD,CR-PARKER RD,53,53,44.77212222,44.77212222,-123.187313890,-123.187313890,0,No Special Jurisdiction,12,Motor Vehicle In-Transport,6,Angle,0,No,2,Intersection,3,T-Intersection,0,None,,,1,On Roadway,1,Daylight,,,,,1,Clear,0,No,0000000,Not Applicable,11,11:00am-11:59am,3,3,11,11:00am-11:59am,40,40,12,12:00pm-12:59pm,17,17,,,,,,,1,
2021,41,410211,Oregon,2,2,0,0,0,4,4,31,JEFFERSON (31),0,NOT APPLICABLE,29,29,7,July,2021,5,Thursday,12,12:00pm-12:59pm,44,44,1,This section IS ON the NHS,1,Rural,3,Principal Arterial - Other,1,State Highway Agency,2,U.S. Highway,US-97 ODOT 4,,1043,1043,44.50996667,44.50996667,-121.186313890,-121.186313890,0,No Special Jurisdiction,12,Motor Vehicle In-Transport,2,Front-to-Front,0,No,1,Non-Junction,1,Not an Intersection,0,None,,,1,On Roadway,1,Daylight,,,,,1,Clear,0,No,0000000,Not Applicable,12,12:00pm-12:59pm,44,44,12,12:00pm-12:59pm,53,53,99,Unknown,99,Unknown EMS Hospital Arrival Time,,,,,,,1,
2021,41,410212,Oregon,2,2,0,0,0,4,4,47,MARION (47),0,NOT APPLICABLE,29,29,7,July,2021,5,Thursday,22,10:00pm-10:59pm,42,42,0,This section IS NOT on the NHS,1,Rural,4,Minor Arterial,1,State Highway Agency,3,State Highway,SR-99E ODOT 81,CR-BOONES FERRY RD NE,349,349,45.11436111,45.11436111,-122.871341670,-122.871341670,0,No Special Jurisdiction,12,Motor Vehicle In-Transport,6,Angle,0,No,2,Intersection,3,T-Intersection,0,None,,,1,On Roadway,2,Dark - Not Lighted,,,,,1,Clear,0,No,0000000,Not Applicable,22,10:00pm-10:59pm,37,37,22,10:00pm-10:59pm,45,45,23,11:00pm-11:59pm,55,55,,,,,,,1,
2021,41,410213,Oregon,3,3,0,0,0,7,7,51,MULTNOMAH (51),1650,PORTLAND,31,31,7,July,2021,7,Saturday,2,2:00am-2:59am,53,53,0,This section IS NOT on the NHS,2,Urban,4,Minor Arterial,4,City or Municipal Highway Agency,6,Local Street - Municipality,NW GLISAN ST,NW 14TH AVE,0,None,45.52648889,45.52648889,-122.685283330,-122.685283330,0,No Special Jurisdiction,12,Motor Vehicle In-Transport,6,Angle,0,No,2,Intersection,2,Four-Way Intersection,0,None,,,1,On Roadway,3,Dark - Lighted,,,,,1,Clear,0,No,0000000,Not Applicable,2,2:00am-2:59am,56,56,3,3:00am-3:59am,0,0,3,3:00am-3:59am,22,22,,,,,,,1,
2021,41,410214,Oregon,2,2,0,0,0,8,8,57,TILLAMOOK (57),0,NOT APPLICABLE,31,31,7,July,2021,7,Saturday,13,1:00pm-1:59pm,0,0,0,This section IS NOT on the NHS,1,Rural,4,Minor Arterial,1,State Highway Agency,3,State Highway,SR- 6 ODOT 37,,307,307,45.62037222,45.62037222,-123.417525000,-123.417525000,0,No Special Jurisdiction,12,Motor Vehicle In-Transport,6,Angle,0,No,1,Non-Junction,1,Not an Intersection,0,None,,,1,On Roadway,1,Daylight,,,,,1,Clear,0,No,0000000,Not Applicable,13,1:00pm-1:59pm,15,15,13,1:00pm-1:59pm,45,45,14,2:00pm-2:59pm,18,18,,,,,,,2,
2021,41,410215,Oregon,1,1,0,0,0,1,1,47,MARION (47),1810,SALEM,7,7,8,August,2021,7,Saturday,10,10:00am-10:59am,25,25,0,This section IS NOT on the NHS,2,Urban,6,Minor Collector,4,City or Municipal Highway Agency,6,Local Street - Municipality,HRUBETZ RD SE,,0,None,44.89051944,44.89051944,-123.058241670,-123.058241670,0,No Special Jurisdiction,42,Tree (Standing Only),0,The First Harmful Event was Not a Collision with a Motor Vehicle in Transport,0,No,1,Non-Junction,1,Not an Intersection,0,None,,,4,On Roadside,1,Daylight,,,,,1,Clear,0,No,0000000,Not Applicable,10,10:00am-10:59am,26,26,10,10:00am-10:59am,30,30,10,10:00am-10:59am,53,53,,,,,,,1,
2021,41,410216,Oregon,2,2,0,0,0,4,4,47,MARION (47),0,NOT APPLICABLE,7,7,8,August,2021,7,Saturday,8,8:00am-8:59am,13,13,0,This section IS NOT on the NHS,1,Rural,5,Major Collector,1,State Highway Agency,3,State Highway,SR-214 ODOT 163,CR-BROWNELL DRSE,132,132,44.86545278,44.86545278,-122.838675000,-122.838675000,0,No Special Jurisdiction,12,Motor Vehicle In-Transport,6,Angle,0,No,2,Intersection,3,T-Intersection,0,None,,,1,On Roadway,1,Daylight,,,,,1,Clear,0,No,0000000,Not Applicable,99,Unknown,99,Unknown,99,Unknown EMS Scene Arrival Hour,99,Unknown EMS Scene Arrival Minutes,99,Unknown,99,Unknown EMS Hospital Arrival Time,,,,,,,1,
2021,41,410217,Oregon,2,2,0,1,1,5,5,19,DOUGLAS (19),1780,ROSEBURG,1,1,8,August,2021,1,Sunday,1,1:00am-1:59am,7,7,1,This section IS ON the NHS,2,Urban,1,Interstate,1,State Highway Agency,1,Interstate,I-5,,1250,1250,43.22035278,43.22035278,-123.358458330,-123.358458330,0,No Special Jurisdiction,8,Pedestrian,0,The First Harmful Event was Not a Collision with a Motor Vehicle in Transport,0,No,1,Non-Junction,1,Not an Intersection,0,None,,,1,On Roadway,2,Dark - Not Lighted,,,,,1,Clear,0,No,0000000,Not Applicable,1,1:00am-1:59am,10,10,99,Unknown EMS Scene Arrival Hour,99,Unknown EMS Scene Arrival Minutes,88,"Not Applicable (Not Transported) ",88,Not Applicable (Not Transported),,,,,,,1,
2021,41,410218,Oregon,1,1,0,0,0,2,2,45,MALHEUR (45),0,NOT APPLICABLE,1,1,8,August,2021,1,Sunday,2,2:00am-2:59am,40,40,1,This section IS ON the NHS,1,Rural,3,Principal Arterial - Other,1,State Highway Agency,2,U.S. Highway,US-20 ODOT 7,,2447,2447,43.97282222,43.97282222,-117.264933330,-117.264933330,0,No Special Jurisdiction,34,Ditch,0,The First Harmful Event was Not a Collision with a Motor Vehicle in Transport,0,No,1,Non-Junction,1,Not an Intersection,0,None,,,4,On Roadside,6,Dark - Unknown Lighting,,,,,98,Not Reported,0,No,0000000,Not Applicable,2,2:00am-2:59am,41,41,2,2:00am-2:59am,48,48,3,3:00am-3:59am,22,22,,,,,,,1,
2021,41,410219,Oregon,1,1,0,1,1,2,2,47,MARION (47),0,NOT APPLICABLE,30,30,7,July,2021,6,Friday,13,1:00pm-1:59pm,47,47,1,This section IS ON the NHS,2,Urban,3,Principal Arterial - Other,2,County Highway Agency,4,County Road,CR-SILVERTON RD NE,,3,3,44.96908056,44.96908056,-122.984830560,-122.984830560,0,No Special Jurisdiction,8,Pedestrian,0,The First Harmful Event was Not a Collision with a Motor Vehicle in Transport,0,No,1,Non-Junction,1,Not an Intersection,0,None,,,1,On Roadway,1,Daylight,,,,,1,Clear,0,No,0000000,Not Applicable,13,1:00pm-1:59pm,48,48,13,1:00pm-1:59pm,50,50,99,Unknown,99,Unknown EMS Hospital Arrival Time,,,,,,,1,
2021,41,410220,Oregon,2,2,0,0,0,2,2,65,WASCO (65),0,NOT APPLICABLE,3,3,8,August,2021,3,Tuesday,8,8:00am-8:59am,45,45,1,This section IS ON the NHS,1,Rural,3,Principal Arterial - Other,1,State Highway Agency,2,U.S. Highway,US-97 ODOT 4,,738,738,44.82898056,44.82898056,-120.927994440,-120.927994440,0,No Special Jurisdiction,12,Motor Vehicle In-Transport,2,Front-to-Front,0,No,1,Non-Junction,1,Not an Intersection,0,None,,,1,On Roadway,1,Daylight,,,,,1,Clear,0,No,0000000,Not Applicable,8,8:00am-8:59am,51,51,9,9:00am-9:59am,18,18,88,"Not Applicable (Not Transported) ",88,Not Applicable (Not Transported),,,,,,,2,
2021,41,410221,Oregon,2,2,0,0,0,2,2,39,LANE (39),0,NOT APPLICABLE,3,3,8,August,2021,3,Tuesday,15,3:00pm-3:59pm,0,0,1,This section IS ON the NHS,1,Rural,3,Principal Arterial - Other,1,State Highway Agency,3,State Highway,SR-58 ODOT 18,,609,609,43.61154722,43.61154722,-122.060577780,-122.060577780,0,No Special Jurisdiction,24,Guardrail Face,0,The First Harmful Event was Not a Collision with a Motor Vehicle in Transport,0,No,1,Non-Junction,1,Not an Intersection,0,None,,,4,On Roadside,1,Daylight,,,,,1,Clear,0,No,0000000,Not Applicable,15,3:00pm-3:59pm,0,0,15,3:00pm-3:59pm,35,35,88,"Not Applicable (Not Transported) ",88,Not Applicable (Not Transported),,,,,,,1,
2021,41,410222,Oregon,2,2,0,0,0,2,2,51,MULTNOMAH (51),880,GRESHAM,3,3,8,August,2021,3,Tuesday,16,4:00pm-4:59pm,30,30,0,This section IS NOT on the NHS,2,Urban,4,Minor Arterial,4,City or Municipal Highway Agency,6,Local Street - Municipality,SE HOGAN RD,SE PALMQUIST RD,0,None,45.48681389,45.48681389,-122.413850000,-122.413850000,0,No Special Jurisdiction,12,Motor Vehicle In-Transport,1,Front-to-Rear,0,No,2,Intersection,2,Four-Way Intersection,0,None,,,1,On Roadway,1,Daylight,,,,,1,Clear,0,No,0000000,Not Applicable,99,Unknown,99,Unknown,99,Unknown EMS Scene Arrival Hour,99,Unknown EMS Scene Arrival Minutes,88,"Not Applicable (Not Transported) ",88,Not Applicable (Not Transported),,,,,,,1,
2021,41,410223,Oregon,2,2,0,0,0,6,6,27,HOOD RIVER (27),0,NOT APPLICABLE,4,4,8,August,2021,4,Wednesday,16,4:00pm-4:59pm,9,9,0,This section IS NOT on the NHS,1,Rural,5,Major Collector,1,State Highway Agency,3,State Highway,SR-281 ODOT 281,,176,176,45.52341389,45.52341389,-121.580327780,-121.580327780,0,No Special Jurisdiction,12,Motor Vehicle In-Transport,2,Front-to-Front,0,No,1,Non-Junction,1,Not an Intersection,0,None,,,1,On Roadway,1,Daylight,,,,,1,Clear,0,No,0000000,Not Applicable,16,4:00pm-4:59pm,13,13,16,4:00pm-4:59pm,54,54,17,5:00pm-5:59pm,32,32,,,,,,,1,
2021,41,410224,Oregon,7,1,6,0,0,1,1,47,MARION (47),1810,SALEM,7,7,8,August,2021,7,Saturday,1,1:00am-1:59am,54,54,0,This section IS NOT on the NHS,2,Urban,4,Minor Arterial,4,City or Municipal Highway Agency,6,Local Street - Municipality,25ST ST SE,,0,None,44.91064444,44.91064444,-123.009922220,-123.009922220,0,No Special Jurisdiction,42,Tree (Standing Only),0,The First Harmful Event was Not a Collision with a Motor Vehicle in Transport,0,No,1,Non-Junction,1,Not an Intersection,0,None,,,4,On Roadside,3,Dark - Lighted,,,,,1,Clear,0,No,0000000,Not Applicable,1,1:00am-1:59am,54,54,1,1:00am-1:59am,58,58,88,"Not Applicable (Not Transported) ",88,Not Applicable (Not Transported),,,,,,,1,
2021,41,410225,Oregon,3,3,0,0,0,5,5,51,MULTNOMAH (51),1650,PORTLAND,8,8,8,August,2021,1,Sunday,0,0:00am-0:59am,5,5,1,This section IS ON the NHS,2,Urban,3,Principal Arterial - Other,4,City or Municipal Highway Agency,6,Local Street - Municipality,NE 162ND AVE,NE GLISAN ST,0,None,45.52642778,45.52642778,-122.496419440,-122.496419440,0,No Special Jurisdiction,12,Motor Vehicle In-Transport,6,Angle,0,No,2,Intersection,2,Four-Way Intersection,0,None,,,1,On Roadway,3,Dark - Lighted,,,,,1,Clear,0,No,0000000,Not Applicable,99,Unknown,99,Unknown,99,Unknown EMS Scene Arrival Hour,99,Unknown EMS Scene Arrival Minutes,99,Unknown,99,Unknown EMS Hospital Arrival Time,,,,,,,1,
2021,41,410226,Oregon,1,1,0,0,0,1,1,37,LAKE (37),0,NOT APPLICABLE,21,21,1,January,2021,5,Thursday,9,9:00am-9:59am,26,26,1,This section IS ON the NHS,1,Rural,3,Principal Arterial - Other,1,State Highway Agency,2,U.S. Highway,US-395 ODOT 49,,344,344,43.18649722,43.18649722,-119.919983330,-119.919983330,0,No Special Jurisdiction,1,Rollover/Overturn,0,The First Harmful Event was Not a Collision with a Motor Vehicle in Transport,0,No,1,Non-Junction,1,Not an Intersection,0,None,,,1,On Roadway,1,Daylight,,,,,10,Cloudy,0,No,0000000,Not Applicable,9,9:00am-9:59am,30,30,10,10:00am-10:59am,27,27,88,"Not Applicable (Not Transported) ",88,Not Applicable (Not Transported),,,,,,,1,
2021,41,410227,Oregon,2,2,0,0,0,2,2,17,DESCHUTES (17),0,NOT APPLICABLE,22,22,1,January,2021,6,Friday,14,2:00pm-2:59pm,7,7,1,This section IS ON the NHS,1,Rural,3,Principal Arterial - Other,1,State Highway Agency,2,U.S. Highway,US-97 ODOT 4,,1258,1258,44.21571389,44.21571389,-121.217186110,-121.217186110,0,No Special Jurisdiction,12,Motor Vehicle In-Transport,6,Angle,0,No,1,Non-Junction,1,Not an Intersection,0,None,,,1,On Roadway,1,Daylight,,,,,4,Snow,0,No,0000000,Not Applicable,14,2:00pm-2:59pm,7,7,14,2:00pm-2:59pm,15,15,14,2:00pm-2:59pm,53,53,,,,,,,1,
2021,41,410228,Oregon,1,1,0,0,0,1,1,45,MALHEUR (45),0,NOT APPLICABLE,9,9,2,February,2021,3,Tuesday,13,1:00pm-1:59pm,14,14,0,This section IS NOT on the NHS,1,Rural,4,Minor Arterial,1,State Highway Agency,3,State Highway,SR-201S ODOT 450,,107,107,43.75772500,43.75772500,-117.065575000,-117.065575000,0,No Special Jurisdiction,34,Ditch,0,The First Harmful Event was Not a Collision with a Motor Vehicle in Transport,0,No,1,Non-Junction,1,Not an Intersection,0,None,,,4,On Roadside,1,Daylight,,,,,1,Clear,0,No,0000000,Not Applicable,13,1:00pm-1:59pm,14,14,13,1:00pm-1:59pm,25,25,88,"Not Applicable (Not Transported) ",88,Not Applicable (Not Transported),,,,,,,1,
2021,41,410229,Oregon,1,1,0,0,0,1,1,39,LANE (39),0,NOT APPLICABLE,19,19,3,March,2021,6,Friday,10,10:00am-10:59am,30,30,0,This section IS NOT on the NHS,1,Rural,5,Major Collector,2,County Highway Agency,4,County Road,CR-JASPER LOWELL RD,,19,19,43.97792778,43.97792778,-122.878961110,-122.878961110,0,No Special Jurisdiction,42,Tree (Standing Only),0,The First Harmful Event was Not a Collision with a Motor Vehicle in Transport,0,No,1,Non-Junction,1,Not an Intersection,0,None,,,4,On Roadside,1,Daylight,,,,,1,Clear,0,No,0000000,Not Applicable,10,10:00am-10:59am,38,38,10,10:00am-10:59am,51,51,11,11:00am-11:59am,21,21,,,,,,,1,
2021,41,410230,Oregon,1,1,0,0,0,1,1,67,WASHINGTON (67),1000,HILLSBORO,11,11,5,May,2021,3,Tuesday,10,10:00am-10:59am,7,7,0,This section IS NOT on the NHS,2,Urban,4,Minor Arterial,4,City or Municipal Highway Agency,6,Local Street - Municipality,S FIRST AVE,,0,None,45.52117222,45.52117222,-122.989788890,-122.989788890,0,No Special Jurisdiction,19,Building,0,The First Harmful Event was Not a Collision with a Motor Vehicle in Transport,0,No,1,Non-Junction,1,Not an Intersection,0,None,,,4,On Roadside,1,Daylight,,,,,1,Clear,0,No,0000000,Not Applicable,10,10:00am-10:59am,7,7,10,10:00am-10:59am,14,14,10,10:00am-10:59am,40,40,,,,,,,1,
2021,41,410231,Oregon,2,2,0,0,0,2,2,43,LINN (43),0,NOT APPLICABLE,16,16,5,May,2021,1,Sunday,16,4:00pm-4:59pm,49,49,0,This section IS NOT on the NHS,1,Rural,4,Minor Arterial,2,County Highway Agency,4,County Road,"CR-RIVERSIDE DR ",,5,5,44.61834167,44.61834167,-123.130636110,-123.130636110,0,No Special Jurisdiction,12,Motor Vehicle In-Transport,6,Angle,0,No,1,Non-Junction,1,Not an Intersection,0,None,,,1,On Roadway,1,Daylight,,,,,1,Clear,0,No,0000000,Not Applicable,16,4:00pm-4:59pm,50,50,16,4:00pm-4:59pm,56,56,88,"Not Applicable (Not Transported) ",88,Not Applicable (Not Transported),,,,,,,1,
2021,41,410232,Oregon,1,1,0,0,0,1,1,17,DESCHUTES (17),0,NOT APPLICABLE,8,8,8,August,2021,1,Sunday,5,5:00am-5:59am,45,45,1,This section IS ON the NHS,1,Rural,3,Principal Arterial - Other,1,State Highway Agency,3,State Highway,SR-126 ODOT 15,,981,981,44.29151944,44.29151944,-121.438422220,-121.438422220,0,No Special Jurisdiction,38,Fence,0,The First Harmful Event was Not a Collision with a Motor Vehicle in Transport,0,No,1,Non-Junction,1,Not an Intersection,0,None,,,4,On Roadside,4,Dawn,,,,,1,Clear,0,No,0000000,Not Applicable,5,5:00am-5:59am,50,50,5,5:00am-5:59am,55,55,88,"Not Applicable (Not Transported) ",88,Not Applicable (Not Transported),,,,,,,1,
2021,41,410233,Oregon,1,1,0,0,0,1,1,39,LANE (39),0,NOT APPLICABLE,8,8,8,August,2021,1,Sunday,11,11:00am-11:59am,55,55,0,This section IS NOT on the NHS,1,Rural,7,Local,2,County Highway Agency,4,County Road,CR-BATTLE CREEK RD,,7,7,43.95690833,43.95690833,-123.334377780,-123.334377780,0,No Special Jurisdiction,42,Tree (Standing Only),0,The First Harmful Event was Not a Collision with a Motor Vehicle in Transport,0,No,1,Non-Junction,1,Not an Intersection,0,None,,,4,On Roadside,1,Daylight,,,,,1,Clear,0,No,0000000,Not Applicable,11,11:00am-11:59am,55,55,12,12:00pm-12:59pm,7,7,88,"Not Applicable (Not Transported) ",88,Not Applicable (Not Transported),,,,,,,1,
2021,41,410234,Oregon,1,1,0,0,0,1,1,7,CLATSOP (7),80,ASTORIA,8,8,8,August,2021,1,Sunday,2,2:00am-2:59am,32,32,0,This section IS NOT on the NHS,2,Urban,6,Minor Collector,4,City or Municipal Highway Agency,6,Local Street - Municipality,W GRAND AVE,,0,None,46.18442500,46.18442500,-123.852630560,-123.852630560,0,No Special Jurisdiction,34,Ditch,0,The First Harmful Event was Not a Collision with a Motor Vehicle in Transport,0,No,1,Non-Junction,1,Not an Intersection,0,None,,,4,On Roadside,2,Dark - Not Lighted,,,,,1,Clear,0,No,0000000,Not Applicable,2,2:00am-2:59am,33,33,2,2:00am-2:59am,39,39,3,3:00am-3:59am,28,28,,,,,,,1,
2021,41,410235,Oregon,1,1,0,1,1,1,1,51,MULTNOMAH (51),1650,PORTLAND,10,10,8,August,2021,3,Tuesday,1,1:00am-1:59am,35,35,0,This section IS NOT on the NHS,2,Urban,4,Minor Arterial,4,City or Municipal Highway Agency,6,Local Street - Municipality,NE BROADWAY ST,,0,None,45.53514444,45.53514444,-122.631077780,-122.631077780,0,No Special Jurisdiction,8,Pedestrian,0,The First Harmful Event was Not a Collision with a Motor Vehicle in Transport,0,No,1,Non-Junction,1,Not an Intersection,0,None,,,1,On Roadway,3,Dark - Lighted,,,,,1,Clear,0,No,0000000,Not Applicable,99,Unknown,99,Unknown,99,Unknown EMS Scene Arrival Hour,99,Unknown EMS Scene Arrival Minutes,99,Unknown,99,Unknown EMS Hospital Arrival Time,,,,,,,1,
2021,41,410236,Oregon,1,1,0,1,1,1,1,17,DESCHUTES (17),0,NOT APPLICABLE,10,10,8,August,2021,3,Tuesday,18,6:00pm-6:59pm,18,18,0,This section IS NOT on the NHS,1,Rural,4,Minor Arterial,1,State Highway Agency,3,State Highway,SR-372 ODOT 372,,75,75,43.99690833,43.99690833,-121.401091670,-121.401091670,0,No Special Jurisdiction,9,Pedalcyclist,0,The First Harmful Event was Not a Collision with a Motor Vehicle in Transport,0,No,1,Non-Junction,1,Not an Intersection,0,None,,,2,On Shoulder,1,Daylight,,,,,1,Clear,0,No,0000000,Not Applicable,18,6:00pm-6:59pm,18,18,18,6:00pm-6:59pm,26,26,88,"Not Applicable (Not Transported) ",88,Not Applicable (Not Transported),,,,,,,1,
2021,41,410237,Oregon,2,2,0,0,0,2,2,41,LINCOLN (41),0,NOT APPLICABLE,13,13,8,August,2021,6,Friday,8,8:00am-8:59am,51,51,1,This section IS ON the NHS,2,Urban,3,Principal Arterial - Other,1,State Highway Agency,2,U.S. Highway,US-101 ODOT 9,,1208,1208,44.89396111,44.89396111,-124.015236110,-124.015236110,0,No Special Jurisdiction,12,Motor Vehicle In-Transport,2,Front-to-Front,0,No,1,Non-Junction,1,Not an Intersection,0,None,,,1,On Roadway,1,Daylight,,,,,1,Clear,0,No,0000000,Not Applicable,8,8:00am-8:59am,51,51,8,8:00am-8:59am,58,58,88,"Not Applicable (Not Transported) ",88,Not Applicable (Not Transported),,,,,,,2,
2021,41,410238,Oregon,2,2,0,0,0,3,3,45,MALHEUR (45),0,NOT APPLICABLE,13,13,8,August,2021,6,Friday,12,12:00pm-12:59pm,47,47,1,This section IS ON the NHS,1,Rural,3,Principal Arterial - Other,1,State Highway Agency,2,U.S. Highway,US-95 ODOT 456,,607,607,42.79182222,42.79182222,-117.755102780,-117.755102780,0,No Special Jurisdiction,12,Motor Vehicle In-Transport,2,Front-to-Front,0,No,1,Non-Junction,1,Not an Intersection,0,None,,,1,On Roadway,1,Daylight,,,,,1,Clear,0,No,0000000,Not Applicable,12,12:00pm-12:59pm,48,48,13,1:00pm-1:59pm,49,49,15,3:00pm-3:59pm,36,36,,,,,,,2,
2021,41,410239,Oregon,2,2,0,0,0,3,3,47,MARION (47),0,NOT APPLICABLE,1,1,8,August,2021,1,Sunday,13,1:00pm-1:59pm,1,1,0,This section IS NOT on the NHS,1,Rural,7,Local,2,County Highway Agency,4,County Road,CR-WAYPARK DR NE,,11,11,45.07328611,45.07328611,-122.841266670,-122.841266670,0,No Special Jurisdiction,12,Motor Vehicle In-Transport,2,Front-to-Front,0,No,1,Non-Junction,1,Not an Intersection,0,None,,,1,On Roadway,1,Daylight,,,,,1,Clear,0,No,0000000,Not Applicable,13,1:00pm-1:59pm,1,1,13,1:00pm-1:59pm,7,7,99,Unknown,99,Unknown EMS Hospital Arrival Time,,,,,,,1,
2021,41,410240,Oregon,1,1,0,0,0,1,1,39,LANE (39),0,NOT APPLICABLE,2,2,4,April,2021,6,Friday,99,Unknown Hours,99,Unknown Minutes,1,This section IS ON the NHS,2,Urban,3,Principal Arterial - Other,1,State Highway Agency,3,State Highway,SR-58 ODOT 18,,4,4,43.99593611,43.99593611,-123.003222220,-123.003222220,0,No Special Jurisdiction,30,Utility Pole/Light Support,0,The First Harmful Event was Not a Collision with a Motor Vehicle in Transport,0,No,1,Non-Junction,1,Not an Intersection,0,None,,,8,Gore,3,Dark - Lighted,,,,,10,Cloudy,0,No,0000000,Not Applicable,99,Unknown,99,Unknown,99,Unknown EMS Scene Arrival Hour,99,Unknown EMS Scene Arrival Minutes,88,"Not Applicable (Not Transported) ",88,Not Applicable (Not Transported),,,,,,,1,
2021,41,410241,Oregon,1,1,0,0,0,1,1,67,WASHINGTON (67),180,BEAVERTON,14,14,7,July,2021,4,Wednesday,16,4:00pm-4:59pm,23,23,0,This section IS NOT on the NHS,2,Urban,4,Minor Arterial,1,State Highway Agency,3,State Highway,SR-141 ODOT 141,SW OLESON RD,33,33,45.45348056,45.45348056,-122.774113890,-122.774113890,0,No Special Jurisdiction,30,Utility Pole/Light Support,0,The First Harmful Event was Not a Collision with a Motor Vehicle in Transport,0,No,3,Intersection-Related,2,Four-Way Intersection,0,None,,,4,On Roadside,1,Daylight,,,,,98,Not Reported,0,No,0000000,Not Applicable,99,Unknown,99,Unknown,99,Unknown EMS Scene Arrival Hour,99,Unknown EMS Scene Arrival Minutes,88,"Not Applicable (Not Transported) ",88,Not Applicable (Not Transported),,,,,,,1,
2021,41,410242,Oregon,2,2,0,0,0,4,4,5,CLACKAMAS (5),0,NOT APPLICABLE,1,1,4,April,2021,5,Thursday,12,12:00pm-12:59pm,37,37,0,This section IS NOT on the NHS,1,Rural,4,Minor Arterial,1,State Highway Agency,3,State Highway,SR-211 ODOT 161,"CR-S MERIDIAN RD ",37,37,45.14431111,45.14431111,-122.757338890,-122.757338890,0,No Special Jurisdiction,12,Motor Vehicle In-Transport,6,Angle,0,No,2,Intersection,2,Four-Way Intersection,0,None,,,1,On Roadway,1,Daylight,,,,,1,Clear,0,No,0000000,Not Applicable,12,12:00pm-12:59pm,58,58,14,2:00pm-2:59pm,4,4,14,2:00pm-2:59pm,48,48,,,,,,,1,
2021,41,410243,Oregon,1,1,0,0,0,1,1,51,MULTNOMAH (51),880,GRESHAM,15,15,4,April,2021,5,Thursday,6,6:00am-6:59am,34,34,1,This section IS ON the NHS,2,Urban,1,Interstate,1,State Highway Agency,1,Interstate,I-84 RAMP,,127,127,45.54230000,45.54230000,-122.476758330,-122.476758330,0,No Special Jurisdiction,93,Unknown Fixed Object,0,The First Harmful Event was Not a Collision with a Motor Vehicle in Transport,0,No,5,Entrance/Exit Ramp Related,1,Not an Intersection,0,None,,,10,Separator,1,Daylight,,,,,1,Clear,0,No,0000000,Not Applicable,6,6:00am-6:59am,35,35,6,6:00am-6:59am,42,42,88,"Not Applicable (Not Transported) ",88,Not Applicable (Not Transported),,,,,,,1,
2021,41,410246,Oregon,2,2,0,0,0,2,2,5,CLACKAMAS (5),0,NOT APPLICABLE,4,4,7,July,2021,1,Sunday,16,4:00pm-4:59pm,55,55,1,This section IS ON the NHS,1,Rural,3,Principal Arterial - Other,1,State Highway Agency,2,U.S. Highway,US-26 ODOT 26,CR-FIRWOOD FRONTAGE RD,268,268,45.37781111,45.37781111,-122.225200000,-122.225200000,0,No Special Jurisdiction,12,Motor Vehicle In-Transport,6,Angle,0,No,2,Intersection,3,T-Intersection,0,None,,,1,On Roadway,1,Daylight,,,,,1,Clear,0,No,0000000,Not Applicable,16,4:00pm-4:59pm,55,55,16,4:00pm-4:59pm,55,55,88,"Not Applicable (Not Transported) ",88,Not Applicable (Not Transported),,,,,,,1,
2021,41,410247,Oregon,2,2,0,0,0,2,2,29,JACKSON (29),1310,MEDFORD,5,5,7,July,2021,2,Monday,18,6:00pm-6:59pm,8,8,0,This section IS NOT on the NHS,2,Urban,5,Major Collector,4,City or Municipal Highway Agency,6,Local Street - Municipality,BULLOCK RD,,0,None,42.36331389,42.36331389,-122.871522220,-122.871522220,0,No Special Jurisdiction,12,Motor Vehicle In-Transport,2,Front-to-Front,0,No,1,Non-Junction,1,Not an Intersection,0,None,,,1,On Roadway,1,Daylight,,,,,1,Clear,0,No,0000000,Not Applicable,99,Unknown,99,Unknown,99,Unknown EMS Scene Arrival Hour,99,Unknown EMS Scene Arrival Minutes,88,"Not Applicable (Not Transported) ",88,Not Applicable (Not Transported),,,,,,,1,