caseyear,state,st_case,statename,ve_total,ve_forms,pvh_invl,peds,pernotmvit,permvit,persons,county,countyname,city,cityname,day,dayname,month,monthname,year,day_week,day_weekname,hour,hourname,minute,minutename,nhs,nhsname,rur_urb,rur_urbname,func_sys,func_sysname,rd_owner,rd_ownername,route,routename,tway_id,tway_id2,milept,mileptname,latitude,latitudename,longitud,longitudname,sp_jur,sp_jurname,harm_ev,harm_evname,man_coll,man_collname,reljct1,reljct1name,reljct2,reljct2name,typ_int,typ_intname,wrk_zone,wrk_zonename,road_fnc,road_fncname,rel_road,rel_roadname,lgt_cond,lgt_condname,weather1,weather1name,weather2,weather2name,weather,weathername,sch_bus,sch_busname,rail,railname,not_hour,not_hourname,not_min,not_minname,arr_hour,arr_hourname,arr_min,arr_minname,hosp_hr,hosp_hrname,hosp_mn,hosp_mnname,cf1,cf1name,cf2,cf2name,cf3,cf3name,fatals,drunk_dr
2021,41,410321,Oregon,2,2,0,0,0,2,2,29,JACKSON (29),0,NOT APPLICABLE,20,20,5,May,2021,5,Thursday,7,7:00am-7:59am,23,23,0,This section IS NOT on the NHS,1,Rural,5,Major Collector,2,County Highway Agency,4,County Road,CR-ROGUE RIVER DR,,40,40,42.57286111,42.57286111,-122.840211110,-122.840211110,0,No Special Jurisdiction,12,Motor Vehicle In-Transport,2,Front-to-Front,0,No,1,Non-Junction,1,Not an Intersection,0,None,,,1,On Roadway,1,Daylight,,,,,1,Clear,0,No,0000000,Not Applicable,99,Unknown,99,Unknown,99,Unknown EMS Scene Arrival Hour,99,Unknown EMS Scene Arrival Minutes,99,Unknown,99,Unknown EMS Hospital Arrival Time,,,,,,,1,
2021,41,410322,Oregon,2,2,0,0,0,3,3,29,JACKSON (29),0,NOT APPLICABLE,12,12,6,June,2021,7,Saturday,20,8:00pm-8:59pm,27,27,0,This section IS NOT on the NHS,2,Urban,5,Major Collector,2,County Highway Agency,4,County Road,CR-FALCON ST,CR-ATLANTIC AVE,11,11,42.43474167,42.43474167,-122.818452780,-122.818452780,0,No Special Jurisdiction,12,Motor Vehicle In-Transport,6,Angle,0,No,2,Intersection,3,T-Intersection,0,None,,,1,On Roadway,1,Daylight,,,,,1,Clear,0,No,0000000,Not Applicable,20,8:00pm-8:59pm,28,28,20,8:00pm-8:59pm,33,33,99,Unknown,99,Unknown EMS Hospital Arrival Time,,,,,,,2,
2021,41,410323,Oregon,2,2,0,0,0,2,2,19,DOUGLAS (19),0,NOT APPLICABLE,22,22,9,September,2021,4,Wednesday,18,6:00pm-6:59pm,29,29,1,This section IS ON the NHS,1,Rural,1,Interstate,1,State Highway Agency,1,Interstate,I-5,,1660,1660,43.74984444,43.74984444,-123.174900000,-123.174900000,0,No Special Jurisdiction,25,Concrete Traffic Barrier,0,The First Harmful Event was Not a Collision with a Motor Vehicle in Transport,0,No,1,Non-Junction,1,Not an Intersection,0,None,,,3,On Median,5,Dusk,,,,,1,Clear,0,No,0000000,Not Applicable,18,6:00pm-6:59pm,29,29,18,6:00pm-6:59pm,45,45,19,7:00pm-7:59pm,16,16,,,,,,,1,
2021,41,410324,Oregon,1,1,0,1,1,1,1,19,DOUGLAS (19),1780,ROSEBURG,23,23,2,February,2021,3,Tuesday,17,5:00pm-5:59pm,16,16,1,This section IS ON the NHS,2,Urban,3,Principal Arterial - Other,4,City or Municipal Highway Agency,6,Local Street - Municipality,NE STEPHENS ST,,0,None,43.23839444,43.23839444,-123.352822220,-123.352822220,0,No Special Jurisdiction,15,Non-Motorist on Personal Conveyance,0,The First Harmful Event was Not a Collision with a Motor Vehicle in Transport,0,No,8,Driveway Access Related,1,Not an Intersection,0,None,,,1,On Roadway,1,Daylight,,,,,1,Clear,0,No,0000000,Not Applicable,17,5:00pm-5:59pm,17,17,17,5:00pm-5:59pm,24,24,17,5:00pm-5:59pm,54,54,,,,,,,1,
2021,41,410325,Oregon,1,1,0,0,0,1,1,39,LANE (39),0,NOT APPLICABLE,18,18,7,July,2021,1,Sunday,23,11:00pm-11:59pm,30,30,0,This section IS NOT on the NHS,1,Rural,5,Major Collector,2,County Highway Agency,4,County Road,CR-PENGRA RD,,33,33,43.94584444,43.94584444,-122.831372220,-122.831372220,0,No Special Jurisdiction,42,Tree (Standing Only),0,The First Harmful Event was Not a Collision with a Motor Vehicle in Transport,0,No,1,Non-Junction,1,Not an Intersection,0,None,,,4,On Roadside,2,Dark - Not Lighted,,,,,1,Clear,0,No,0000000,Not Applicable,99,Unknown,99,Unknown,99,Unknown EMS Scene Arrival Hour,99,Unknown EMS Scene Arrival Minutes,88,"Not Applicable (Not Transported) ",88,Not Applicable (Not Transported),,,,,,,1,
2021,41,410326,Oregon,1,1,0,0,0,1,1,31,JEFFERSON (31),0,NOT APPLICABLE,31,31,8,August,2021,3,Tuesday,99,Unknown Hours,99,Unknown Minutes,0,This section IS NOT on the NHS,1,Rural,5,Major Collector,2,County Highway Agency,4,County Road,CR-SW JORDAN RD,,197,197,44.54865556,44.54865556,-121.261947220,-121.261947220,0,No Special Jurisdiction,35,Embankment,0,The First Harmful Event was Not a Collision with a Motor Vehicle in Transport,0,No,1,Non-Junction,1,Not an Intersection,0,None,,,4,On Roadside,8,Not Reported,,,,,98,Not Reported,0,No,0000000,Not Applicable,99,Unknown,99,Unknown,99,Unknown EMS Scene Arrival Hour,99,Unknown EMS Scene Arrival Minutes,88,"Not Applicable (Not Transported) ",88,Not Applicable (Not Transported),,,,,,,1,
2021,41,410327,Oregon,2,2,0,0,0,2,2,5,CLACKAMAS (5),0,NOT APPLICABLE,8,8,9,September,2021,4,Wednesday,6,6:00am-6:59am,42,42,1,This section IS ON the NHS,2,Urban,1,Interstate,1,State Highway Agency,1,Interstate,I-205,,162,162,45.45656667,45.45656667,-122.572652780,-122.572652780,0,No Special Jurisdiction,12,Motor Vehicle In-Transport,7,Sideswipe - Same Direction,0,No,1,Non-Junction,1,Not an Intersection,0,None,,,1,On Roadway,1,Daylight,,,,,10,Cloudy,0,No,0000000,Not Applicable,6,6:00am-6:59am,42,42,6,6:00am-6:59am,45,45,7,7:00am-7:59am,12,12,,,,,,,1,
2021,41,410328,Oregon,1,1,0,0,0,1,1,49,MORROW (49),0,NOT APPLICABLE,12,12,9,September,2021,1,Sunday,11,11:00am-11:59am,40,40,0,This section IS NOT on the NHS,1,Rural,4,Minor Arterial,1,State Highway Agency,3,State Highway,SR-207 ODOT 321,,200,200,45.62112778,45.62112778,-119.434894440,-119.434894440,0,No Special Jurisdiction,34,Ditch,0,The First Harmful Event was Not a Collision with a Motor Vehicle in Transport,0,No,1,Non-Junction,1,Not an Intersection,0,None,,,4,On Roadside,1,Daylight,,,,,1,Clear,0,No,0000000,Not Applicable,11,11:00am-11:59am,51,51,12,12:00pm-12:59pm,30,30,88,"Not Applicable (Not Transported) ",88,Not Applicable (Not Transported),,,,,,,1,
2021,41,410329,Oregon,1,1,0,0,0,1,1,45,MALHEUR (45),0,NOT APPLICABLE,23,23,9,September,2021,5,Thursday,10,10:00am-10:59am,45,45,1,This section IS ON the NHS,1,Rural,3,Principal Arterial - Other,1,State Highway Agency,2,U.S. Highway,US-20 ODOT 7,,1815,1815,43.76746944,43.76746944,-118.214927780,-118.214927780,0,No Special Jurisdiction,42,Tree (Standing Only),0,The First Harmful Event was Not a Collision with a Motor Vehicle in Transport,0,No,1,Non-Junction,1,Not an Intersection,0,None,,,4,On Roadside,1,Daylight,,,,,1,Clear,0,No,0000000,Not Applicable,99,Unknown,99,Unknown,99,Unknown EMS Scene Arrival Hour,99,Unknown EMS Scene Arrival Minutes,88,"Not Applicable (Not Transported) ",88,Not Applicable (Not Transported),,,,,,,1,
2021,41,410330,Oregon,1,1,0,0,0,1,1,47,MARION (47),0,NOT APPLICABLE,23,23,9,September,2021,5,Thursday,17,5:00pm-5:59pm,22,22,0,This section IS NOT on the NHS,1,Rural,5,Major Collector,2,County Highway Agency,4,County Road,CR-MERIDIAN RD NE,,30,30,45.05358611,45.05358611,-122.743550000,-122.743550000,0,No Special Jurisdiction,34,Ditch,0,The First Harmful Event was Not a Collision with a Motor Vehicle in Transport,0,No,1,Non-Junction,1,Not an Intersection,0,None,,,4,On Roadside,1,Daylight,,,,,1,Clear,0,No,0000000,Not Applicable,17,5:00pm-5:59pm,22,22,17,5:00pm-5:59pm,30,30,88,"Not Applicable (Not Transported) ",88,Not Applicable (Not Transported),,,,,,,1,
2021,41,410331,Oregon,2,2,0,0,0,4,4,47,MARION (47),1810,SALEM,23,23,9,September,2021,5,Thursday,14,2:00pm-2:59pm,53,53,1,This section IS ON the NHS,2,Urban,3,Principal Arterial - Other,4,City or Municipal Highway Agency,6,Local Street - Municipality,COMMERCIAL ST SE,BROWNING AVE SE,0,None,44.89879722,44.89879722,-123.038458330,-123.038458330,0,No Special Jurisdiction,12,Motor Vehicle In-Transport,6,Angle,0,No,2,Intersection,3,T-Intersection,0,None,,,1,On Roadway,1,Daylight,,,,,1,Clear,0,No,0000000,Not Applicable,14,2:00pm-2:59pm,53,53,14,2:00pm-2:59pm,57,57,14,2:00pm-2:59pm,58,58,,,,,,,1,
2021,41,410332,Oregon,1,1,0,0,0,2,2,13,CROOK (13),0,NOT APPLICABLE,25,25,9,September,2021,7,Saturday,10,10:00am-10:59am,59,59,1,This section IS ON the NHS,1,Rural,3,Principal Arterial - Other,1,State Highway Agency,3,State Highway,SR-126 ODOT 41,,96,96,44.24758333,44.24758333,-120.991191670,-120.991191670,0,No Special Jurisdiction,38,Fence,0,The First Harmful Event was Not a Collision with a Motor Vehicle in Transport,0,No,1,Non-Junction,1,Not an Intersection,0,None,,,4,On Roadside,1,Daylight,,,,,1,Clear,0,No,0000000,Not Applicable,11,11:00am-11:59am,3,3,11,11:00am-11:59am,5,5,11,11:00am-11:59am,57,57,,,,,,,1,
2021,41,410333,Oregon,2,2,0,0,0,2,2,39,LANE (39),0,NOT APPLICABLE,25,25,9,September,2021,7,Saturday,14,2:00pm-2:59pm,10,10,1,This section IS ON the NHS,1,Rural,3,Principal Arterial - Other,1,State Highway Agency,3,State Highway,SR-126E ODOT 215,,136,136,44.24288611,44.24288611,-122.048463890,-122.048463890,0,No Special Jurisdiction,12,Motor Vehicle In-Transport,98,Not Reported,0,No,8,Driveway Access Related,1,Not an Intersection,0,None,,,1,On Roadway,1,Daylight,,,,,1,Clear,0,No,0000000,Not Applicable,14,2:00pm-2:59pm,16,16,14,2:00pm-2:59pm,35,35,99,Unknown,99,Unknown EMS Hospital Arrival Time,,,,,,,1,
2021,41,410334,Oregon,1,1,0,0,0,2,2,51,MULTNOMAH (51),880,GRESHAM,27,27,9,September,2021,2,Monday,9,9:00am-9:59am,0,0,1,This section IS ON the NHS,2,Urban,3,Principal Arterial - Other,4,City or Municipal Highway Agency,6,Local Street - Municipality,W POWELL BLVD,SW BIRDSDALE DR,0,None,45.49706944,45.49706944,-122.454763890,-122.454763890,0,No Special Jurisdiction,33,Curb,0,The First Harmful Event was Not a Collision with a Motor Vehicle in Transport,0,No,3,Intersection-Related,2,Four-Way Intersection,0,None,,,4,On Roadside,1,Daylight,,,,,2,Rain,0,No,0000000,Not Applicable,9,9:00am-9:59am,10,10,9,9:00am-9:59am,17,17,10,10:00am-10:59am,6,6,,,,,,,1,
2021,41,410335,Oregon,3,3,0,0,0,4,4,25,HARNEY (25),0,NOT APPLICABLE,9,9,6,June,2021,4,Wednesday,15,3:00pm-3:59pm,50,50,1,This section IS ON the NHS,1,Rural,3,Principal Arterial - Other,1,State Highway Agency,2,U.S. Highway,US-20 ODOT 7,,1523,1523,43.61570278,43.61570278,-118.658202780,-118.658202780,0,No Special Jurisdiction,12,Motor Vehicle In-Transport,98,Not Reported,0,No,1,Non-Junction,1,Not an Intersection,0,None,,,1,On Roadway,1,Daylight,,,,,10,Cloudy,0,No,0000000,Not Applicable,15,3:00pm-3:59pm,51,51,16,4:00pm-4:59pm,16,16,17,5:00pm-5:59pm,24,24,,,,,,,1,
2021,41,410336,Oregon,2,2,0,0,0,3,3,1,BAKER (1),0,NOT APPLICABLE,6,6,9,September,2021,2,Monday,18,6:00pm-6:59pm,40,40,1,This section IS ON the NHS,1,Rural,1,Interstate,1,State Highway Agency,1,Interstate,I-84,,3382,3382,44.47459722,44.47459722,-117.341719440,-117.341719440,0,No Special Jurisdiction,54,"Motor Vehicle In-Transport Strikes or is Struck by Cargo, Persons or Objects Set-in-Motion from/by Another Motor Vehicle In Transport",11,"Other ",0,No,1,Non-Junction,1,Not an Intersection,0,None,,,1,On Roadway,1,Daylight,,,,,1,Clear,0,No,0000000,Not Applicable,99,Unknown,99,Unknown,99,Unknown EMS Scene Arrival Hour,99,Unknown EMS Scene Arrival Minutes,88,"Not Applicable (Not Transported) ",88,Not Applicable (Not Transported),,,,,,,1,
2021,41,410337,Oregon,1,1,0,1,1,1,1,47,MARION (47),1810,SALEM,16,16,4,April,2021,6,Friday,20,8:00pm-8:59pm,33,33,1,This section IS ON the NHS,2,Urban,3,Principal Arterial - Other,4,City or Municipal Highway Agency,6,Local Street - Municipality,COMMERCIAL ST SE,,0,None,44.88866389,44.88866389,-123.033788890,-123.033788890,0,No Special Jurisdiction,8,Pedestrian,0,The First Harmful Event was Not a Collision with a Motor Vehicle in Transport,0,No,1,Non-Junction,1,Not an Intersection,0,None,,,1,On Roadway,3,Dark - Lighted,,,,,1,Clear,0,No,0000000,Not Applicable,20,8:00pm-8:59pm,33,33,20,8:00pm-8:59pm,35,35,20,8:00pm-8:59pm,48,48,,,,,,,1,
2021,41,410339,Oregon,1,1,0,0,0,5,5,39,LANE (39),660,EUGENE,19,19,4,April,2021,2,Monday,18,6:00pm-6:59pm,8,8,0,This section IS NOT on the NHS,2,Urban,4,Minor Arterial,4,City or Municipal Highway Agency,6,Local Street - Municipality,E 23RD AVE,,0,None,44.03454444,44.03454444,-123.083280560,-123.083280560,0,No Special Jurisdiction,42,Tree (Standing Only),0,The First Harmful Event was Not a Collision with a Motor Vehicle in Transport,0,No,1,Non-Junction,1,Not an Intersection,0,None,,,4,On Roadside,1,Daylight,,,,,1,Clear,0,No,0000000,Not Applicable,18,6:00pm-6:59pm,8,8,18,6:00pm-6:59pm,15,15,18,6:00pm-6:59pm,43,43,,,,,,,1,
2021,41,410341,Oregon,1,1,0,1,1,1,1,19,DOUGLAS (19),0,NOT APPLICABLE,5,5,9,September,2021,1,Sunday,18,6:00pm-6:59pm,19,19,0,This section IS NOT on the NHS,1,Rural,4,Minor Arterial,2,County Highway Agency,4,County Road,"CR-GARDEN VALLEY RD ",,46,46,43.26236667,43.26236667,-123.403972220,-123.403972220,0,No Special Jurisdiction,8,Pedestrian,0,The First Harmful Event was Not a Collision with a Motor Vehicle in Transport,0,No,1,Non-Junction,1,Not an Intersection,0,None,,,1,On Roadway,8,Not Reported,,,,,98,Not Reported,0,No,0000000,Not Applicable,18,6:00pm-6:59pm,19,19,18,6:00pm-6:59pm,25,25,18,6:00pm-6:59pm,37,37,,,,,,,1,
2021,41,410342,Oregon,1,1,0,0,0,1,1,1,BAKER (1),0,NOT APPLICABLE,23,23,9,September,2021,5,Thursday,2,2:00am-2:59am,9,9,1,This section IS ON the NHS,1,Rural,1,Interstate,1,State Highway Agency,1,Interstate,I-84,,3181,3181,44.66175556,44.66175556,-117.610208330,-117.610208330,0,No Special Jurisdiction,35,Embankment,0,The First Harmful Event was Not a Collision with a Motor Vehicle in Transport,0,No,1,Non-Junction,1,Not an Intersection,0,None,,,4,On Roadside,2,Dark - Not Lighted,,,,,1,Clear,0,No,0000000,Not Applicable,2,2:00am-2:59am,19,19,2,2:00am-2:59am,36,36,88,"Not Applicable (Not Transported) ",88,Not Applicable (Not Transported),,,,,,,1,
2021,41,410343,Oregon,1,1,0,0,0,2,2,39,LANE (39),660,EUGENE,1,1,1,January,2021,6,Friday,7,7:00am-7:59am,19,19,1,This section IS ON the NHS,2,Urban,3,Principal Arterial - Other,4,City or Municipal Highway Agency,6,Local Street - Municipality,HWY 99 N,FAIRFIELD AVE,0,None,44.07458889,44.07458889,-123.146952780,-123.146952780,0,No Special Jurisdiction,30,Utility Pole/Light Support,0,The First Harmful Event was Not a Collision with a Motor Vehicle in Transport,0,No,3,Intersection-Related,3,T-Intersection,0,None,,,4,On Roadside,6,Dark - Unknown Lighting,,,,,98,Not Reported,0,No,0000000,Not Applicable,7,7:00am-7:59am,20,20,7,7:00am-7:59am,31,31,8,8:00am-8:59am,1,1,,,,,,,1,
2021,41,410344,Oregon,1,1,0,0,0,1,1,51,MULTNOMAH (51),0,NOT APPLICABLE,2,2,6,June,2021,4,Wednesday,5,5:00am-5:59am,51,51,0,This section IS NOT on the NHS,1,Rural,7,Local,2,County Highway Agency,4,County Road,CR-SE LOUDEN RD,,0,None,45.50653611,45.50653611,-122.228186110,-122.228186110,0,No Special Jurisdiction,34,Ditch,0,The First Harmful Event was Not a Collision with a Motor Vehicle in Transport,0,No,1,Non-Junction,1,Not an Intersection,0,None,,,4,On Roadside,4,Dawn,,,,,1,Clear,0,No,0000000,Not Applicable,99,Unknown,99,Unknown,99,Unknown EMS Scene Arrival Hour,99,Unknown EMS Scene Arrival Minutes,88,"Not Applicable (Not Transported) ",88,Not Applicable (Not Transported),,,,,,,1,
2021,41,410345,Oregon,1,1,0,0,0,1,1,19,DOUGLAS (19),0,NOT APPLICABLE,28,28,6,June,2021,2,Monday,19,7:00pm-7:59pm,30,30,0,This section IS NOT on the NHS,1,Rural,7,Local,2,County Highway Agency,4,County Road,CR-WINSTON SECTION RD,,19,19,43.11327222,43.11327222,-123.399288890,-123.399288890,0,No Special Jurisdiction,53,Mail Box,0,The First Harmful Event was Not a Collision with a Motor Vehicle in Transport,0,No,1,Non-Junction,1,Not an Intersection,0,None,,,4,On Roadside,8,Not Reported,,,,,98,Not Reported,0,No,0000000,Not Applicable,19,7:00pm-7:59pm,30,30,19,7:00pm-7:59pm,34,34,20,8:00pm-8:59pm,8,8,,,,,,,1,
2021,41,410346,Oregon,1,1,0,0,0,1,1,17,DESCHUTES (17),0,NOT APPLICABLE,17,17,7,July,2021,7,Saturday,18,6:00pm-6:59pm,1,1,0,This section IS NOT on the NHS,2,Urban,7,Local,2,County Highway Agency,4,County Road,CR-CHEYENNE RD,,0,None,43.97526944,43.97526944,-121.348561110,-121.348561110,0,No Special Jurisdiction,11,Live Animal,0,The First Harmful Event was Not a Collision with a Motor Vehicle in Transport,0,No,1,Non-Junction,1,Not an Intersection,0,None,,,1,On Roadway,1,Daylight,,,,,1,Clear,0,No,0000000,Not Applicable,18,6:00pm-6:59pm,1,1,18,6:00pm-6:59pm,11,11,99,Unknown,99,Unknown EMS Hospital Arrival Time,,,,,,,1,
2021,41,410347,Oregon,2,2,0,0,0,2,2,51,MULTNOMAH (51),880,GRESHAM,3,3,8,August,2021,3,Tuesday,13,1:00pm-1:59pm,57,57,0,This section IS NOT on the NHS,2,Urban,4,Minor Arterial,4,City or Municipal Highway Agency,6,Local Street - Municipality,NE 181ST AVE,"NE HALSEY ST ",0,None,45.53475556,45.53475556,-122.477066670,-122.477066670,0,No Special Jurisdiction,12,Motor Vehicle In-Transport,1,Front-to-Rear,0,No,3,Intersection-Related,2,Four-Way Intersection,0,None,,,1,On Roadway,1,Daylight,,,,,1,Clear,0,No,0000000,Not Applicable,13,1:00pm-1:59pm,57,57,14,2:00pm-2:59pm,2,2,99,Unknown,99,Unknown EMS Hospital Arrival Time,,,,,,,1,
2021,41,410348,Oregon,1,1,0,1,1,1,1,67,WASHINGTON (67),1900,SHERWOOD,23,23,8,August,2021,2,Monday,21,9:00pm-9:59pm,53,53,0,This section IS NOT on the NHS,2,Urban,5,Major Collector,4,City or Municipal Highway Agency,6,Local Street - Municipality,SW LANGER FARMS PKWY,SW OREGON ST,0,None,45.35898889,45.35898889,-122.836280560,-122.836280560,0,No Special Jurisdiction,8,Pedestrian,0,The First Harmful Event was Not a Collision with a Motor Vehicle in Transport,0,No,3,Intersection-Related,3,T-Intersection,0,None,,,1,On Roadway,3,Dark - Lighted,,,,,1,Clear,0,No,0000000,Not Applicable,21,9:00pm-9:59pm,53,53,21,9:00pm-9:59pm,59,59,22,10:00pm-10:59pm,28,28,,,,,,,1,
2021,41,410349,Oregon,4,4,0,0,0,8,8,65,WASCO (65),0,NOT APPLICABLE,3,3,9,September,2021,6,Friday,21,9:00pm-9:59pm,35,35,1,This section IS ON the NHS,1,Rural,3,Principal Arterial - Other,1,State Highway Agency,2,U.S. Highway,US-26 ODOT 53,,830,830,44.99622500,44.99622500,-121.488236110,-121.488236110,0,No Special Jurisdiction,12,Motor Vehicle In-Transport,2,Front-to-Front,0,No,1,Non-Junction,1,Not an Intersection,0,None,,,1,On Roadway,2,Dark - Not Lighted,,,,,1,Clear,0,No,0000000,Not Applicable,21,9:00pm-9:59pm,35,35,21,9:00pm-9:59pm,35,35,99,Unknown,99,Unknown EMS Hospital Arrival Time,,,,,,,1,
2021,41,410350,Oregon,1,1,0,0,0,1,1,9,COLUMBIA (9),0,NOT APPLICABLE,4,4,9,September,2021,7,Saturday,11,11:00am-11:59am,0,0,0,This section IS NOT on the NHS,1,Rural,5,Major Collector,2,County Highway Agency,4,County Road,CR-CATER RD,,38,38,45.85119722,45.85119722,-122.900291670,-122.900291670,0,No Special Jurisdiction,35,Embankment,0,The First Harmful Event was Not a Collision with a Motor Vehicle in Transport,0,No,1,Non-Junction,1,Not an Intersection,0,None,,,4,On Roadside,1,Daylight,,,,,1,Clear,0,No,0000000,Not Applicable,15,3:00pm-3:59pm,15,15,15,3:00pm-3:59pm,21,21,88,"Not Applicable (Not Transported) ",88,Not Applicable (Not Transported),,,,,,,1,
2021,41,410351,Oregon,2,2,0,0,0,2,2,51,MULTNOMAH (51),0,NOT APPLICABLE,22,22,5,May,2021,7,Saturday,17,5:00pm-5:59pm,37,37,0,This section IS NOT on the NHS,1,Rural,5,Major Collector,2,County Highway Agency,4,County Road,CR-SE OXBOW DR,,0,None,45.48319167,45.48319167,-122.321494440,-122.321494440,0,No Special Jurisdiction,12,Motor Vehicle In-Transport,6,Angle,0,No,8,Driveway Access Related,1,Not an Intersection,0,None,,,1,On Roadway,1,Daylight,,,,,1,Clear,0,No,0000000,Not Applicable,17,5:00pm-5:59pm,33,33,17,5:00pm-5:59pm,42,42,18,6:00pm-6:59pm,18,18,,,,,,,1,
2021,41,410352,Oregon,2,2,0,0,0,3,3,35,KLAMATH (35),0,NOT APPLICABLE,27,27,7,July,2021,3,Tuesday,15,3:00pm-3:59pm,24,24,1,This section IS ON the NHS,2,Urban,3,Principal Arterial - Other,1,State Highway Agency,3,State Highway,SR-39 ODOT 50,,29,29,42.21489722,42.21489722,-121.744569440,-121.744569440,0,No Special Jurisdiction,12,Motor Vehicle In-Transport,6,Angle,0,No,8,Driveway Access Related,1,Not an Intersection,0,None,,,1,On Roadway,1,Daylight,,,,,2,Rain,0,No,0000000,Not Applicable,15,3:00pm-3:59pm,24,24,15,3:00pm-3:59pm,29,29,99,Unknown,99,Unknown EMS Hospital Arrival Time,,,,,,,1,
2021,41,410353,Oregon,1,1,0,1,1,1,1,51,MULTNOMAH (51),880,GRESHAM,23,23,8,August,2021,2,Monday,16,4:00pm-4:59pm,19,19,1,This section IS ON the NHS,2,Urban,3,Principal Arterial - Other,4,City or Municipal Highway Agency,6,Local Street - Municipality,W POWELL BLVD,,0,None,45.49710833,45.49710833,-122.442872220,-122.442872220,0,No Special Jurisdiction,8,Pedestrian,0,The First Harmful Event was Not a Collision with a Motor Vehicle in Transport,0,No,1,Non-Junction,1,Not an Intersection,0,None,,,1,On Roadway,1,Daylight,,,,,1,Clear,0,No,0000000,Not Applicable,16,4:00pm-4:59pm,19,19,16,4:00pm-4:59pm,23,23,16,4:00pm-4:59pm,57,57,,,,,,,1,
2021,41,410354,Oregon,1,1,0,0,0,1,1,29,JACKSON (29),0,NOT APPLICABLE,5,5,9,September,2021,1,Sunday,13,1:00pm-1:59pm,32,32,0,This section IS NOT on the NHS,1,Rural,7,Local,2,County Highway Agency,4,County Road,CR-NF 32,,0,None,42.56038611,42.56038611,-122.426641670,-122.426641670,0,No Special Jurisdiction,42,Tree (Standing Only),0,The First Harmful Event was Not a Collision with a Motor Vehicle in Transport,0,No,1,Non-Junction,1,Not an Intersection,0,None,,,4,On Roadside,1,Daylight,,,,,1,Clear,0,No,0000000,Not Applicable,13,1:00pm-1:59pm,34,34,14,2:00pm-2:59pm,21,21,15,3:00pm-3:59pm,43,43,,,,,,,1,
2021,41,410355,Oregon,1,1,0,1,1,1,1,39,LANE (39),660,EUGENE,6,6,9,September,2021,2,Monday,21,9:00pm-9:59pm,21,21,1,This section IS ON the NHS,2,Urban,3,Principal Arterial - Other,4,City or Municipal Highway Agency,6,Local Street - Municipality,HWY 99N,,0,None,44.05503611,44.05503611,-123.128077780,-123.128077780,0,No Special Jurisdiction,8,Pedestrian,0,The First Harmful Event was Not a Collision with a Motor Vehicle in Transport,0,No,1,Non-Junction,1,Not an Intersection,0,None,,,1,On Roadway,8,Not Reported,,,,,98,Not Reported,0,No,0000000,Not Applicable,21,9:00pm-9:59pm,24,24,21,9:00pm-9:59pm,30,30,21,9:00pm-9:59pm,56,56,,,,,,,1,
2021,41,410356,Oregon,1,1,0,1,1,1,1,29,JACKSON (29),0,NOT APPLICABLE,19,19,9,September,2021,1,Sunday,21,9:00pm-9:59pm,51,51,1,This section IS ON the NHS,2,Urban,3,Principal Arterial - Other,1,State Highway Agency,3,State Highway,SR-99 ODOT 63,,146,146,42.24126944,42.24126944,-122.776638890,-122.776638890,0,No Special Jurisdiction,9,Pedalcyclist,0,The First Harmful Event was Not a Collision with a Motor Vehicle in Transport,0,No,1,Non-Junction,1,Not an Intersection,0,None,,,98,Not Reported,8,Not Reported,,,,,98,Not Reported,0,No,0000000,Not Applicable,99,Unknown,99,Unknown,99,Unknown EMS Scene Arrival Hour,99,Unknown EMS Scene Arrival Minutes,88,"Not Applicable (Not Transported) ",88,Not Applicable (Not Transported),,,,,,,1,
2021,41,410357,Oregon,2,2,0,0,0,2,2,39,LANE (39),1960,SPRINGFIELD,11,11,9,September,2021,7,Saturday,13,1:00pm-1:59pm,18,18,0,This section IS NOT on the NHS,2,Urban,4,Minor Arterial,4,City or Municipal Highway Agency,6,Local Street - Municipality,GLENWOOD BLVD,,0,None,44.04454167,44.04454167,-123.042344440,-123.042344440,0,No Special Jurisdiction,12,Motor Vehicle In-Transport,6,Angle,0,No,8,Driveway Access Related,1,Not an Intersection,0,None,,,1,On Roadway,1,Daylight,,,,,1,Clear,0,No,0000000,Not Applicable,13,1:00pm-1:59pm,18,18,13,1:00pm-1:59pm,23,23,13,1:00pm-1:59pm,35,35,,,,,,,1,
2021,41,410358,Oregon,1,1,0,0,0,1,1,29,JACKSON (29),0,NOT APPLICABLE,10,10,9,September,2021,6,Friday,15,3:00pm-3:59pm,53,53,0,This section IS NOT on the NHS,2,Urban,4,Minor Arterial,2,County Highway Agency,4,County Road,"CR-N PHOENIX RD ",,30,30,42.28799167,42.28799167,-122.815455560,-122.815455560,0,No Special Jurisdiction,34,Ditch,0,The First Harmful Event was Not a Collision with a Motor Vehicle in Transport,0,No,1,Non-Junction,1,Not an Intersection,0,None,,,4,On Roadside,1,Daylight,,,,,1,Clear,0,No,0000000,Not Applicable,15,3:00pm-3:59pm,54,54,16,4:00pm-4:59pm,0,0,16,4:00pm-4:59pm,15,15,,,,,,,1,
2021,41,410359,Oregon,3,3,0,0,0,8,8,5,CLACKAMAS (5),0,NOT APPLICABLE,17,17,7,July,2021,7,Saturday,15,3:00pm-3:59pm,48,48,1,This section IS ON the NHS,2,Urban,3,Principal Arterial - Other,1,State Highway Agency,3,State Highway,SR-212 ODOT 171,,50,50,45.40742500,45.40742500,-122.566230560,-122.566230560,0,No Special Jurisdiction,12,Motor Vehicle In-Transport,1,Front-to-Rear,0,No,1,Non-Junction,1,Not an Intersection,0,None,,,1,On Roadway,1,Daylight,,,,,98,Not Reported,0,No,0000000,Not Applicable,15,3:00pm-3:59pm,51,51,16,4:00pm-4:59pm,0,0,16,4:00pm-4:59pm,8,8,,,,,,,1,