caseyear,state,st_case,statename,ve_total,ve_forms,pvh_invl,peds,pernotmvit,permvit,persons,county,countyname,city,cityname,day,dayname,month,monthname,year,day_week,day_weekname,hour,hourname,minute,minutename,nhs,nhsname,rur_urb,rur_urbname,func_sys,func_sysname,rd_owner,rd_ownername,route,routename,tway_id,tway_id2,milept,mileptname,latitude,latitudename,longitud,longitudname,sp_jur,sp_jurname,harm_ev,harm_evname,man_coll,man_collname,reljct1,reljct1name,reljct2,reljct2name,typ_int,typ_intname,wrk_zone,wrk_zonename,road_fnc,road_fncname,rel_road,rel_roadname,lgt_cond,lgt_condname,weather1,weather1name,weather2,weather2name,weather,weathername,sch_bus,sch_busname,rail,railname,not_hour,not_hourname,not_min,not_minname,arr_hour,arr_hourname,arr_min,arr_minname,hosp_hr,hosp_hrname,hosp_mn,hosp_mnname,cf1,cf1name,cf2,cf2name,cf3,cf3name,fatals,drunk_dr
2021,41,410360,Oregon,1,1,0,0,0,2,2,29,JACKSON (29),0,NOT APPLICABLE,28,28,8,August,2021,7,Saturday,19,7:00pm-7:59pm,3,3,0,This section IS NOT on the NHS,1,Rural,7,Local,2,County Highway Agency,4,County Road,"CR-GRAVES CREEK RD ",,0,None,42.69194722,42.69194722,-123.171713890,-123.171713890,0,No Special Jurisdiction,35,Embankment,0,The First Harmful Event was Not a Collision with a Motor Vehicle in Transport,0,No,1,Non-Junction,1,Not an Intersection,0,None,,,4,On Roadside,1,Daylight,,,,,1,Clear,0,No,0000000,Not Applicable,88,Not Applicable (Not Notified),88,Not Applicable (Not Notified),88,Not Applicable,88,Not Applicable,88,"Not Applicable (Not Transported) ",88,Not Applicable (Not Transported),,,,,,,1,
2021,41,410361,Oregon,1,1,0,0,0,2,2,29,JACKSON (29),0,NOT APPLICABLE,11,11,9,September,2021,7,Saturday,19,7:00pm-7:59pm,39,39,0,This section IS NOT on the NHS,1,Rural,5,Major Collector,2,County Highway Agency,4,County Road,CR-IRONWOOD DR,,1,1,42.54141944,42.54141944,-122.850647220,-122.850647220,0,No Special Jurisdiction,99,Reported as Unknown,98,Not Reported,0,No,1,Non-Junction,1,Not an Intersection,0,None,,,4,On Roadside,5,Dusk,,,,,1,Clear,0,No,0000000,Not Applicable,19,7:00pm-7:59pm,43,43,19,7:00pm-7:59pm,58,58,20,8:00pm-8:59pm,41,41,,,,,,,2,
2021,41,410362,Oregon,1,1,0,1,1,1,1,43,LINN (43),20,ALBANY,13,13,11,November,2021,7,Saturday,19,7:00pm-7:59pm,12,12,1,This section IS ON the NHS,2,Urban,1,Interstate,1,State Highway Agency,1,Interstate,I-5,,2333,2333,44.63175000,44.63175000,-123.062341670,-123.062341670,0,No Special Jurisdiction,8,Pedestrian,0,The First Harmful Event was Not a Collision with a Motor Vehicle in Transport,0,No,1,Non-Junction,1,Not an Intersection,0,None,,,1,On Roadway,2,Dark - Not Lighted,,,,,10,Cloudy,0,No,0000000,Not Applicable,99,Unknown,99,Unknown,99,Unknown EMS Scene Arrival Hour,99,Unknown EMS Scene Arrival Minutes,88,"Not Applicable (Not Transported) ",88,Not Applicable (Not Transported),,,,,,,1,
2021,41,410363,Oregon,1,1,0,0,0,2,2,63,WALLOWA (63),0,NOT APPLICABLE,18,18,4,April,2021,1,Sunday,16,4:00pm-4:59pm,30,30,0,This section IS NOT on the NHS,1,Rural,7,Local,2,County Highway Agency,4,County Road,CR-DUG BAR RD,,99999,Unknown,45.64465278,45.64465278,-116.840505560,-116.840505560,0,No Special Jurisdiction,1,Rollover/Overturn,0,The First Harmful Event was Not a Collision with a Motor Vehicle in Transport,0,No,1,Non-Junction,1,Not an Intersection,0,None,,,4,On Roadside,1,Daylight,,,,,1,Clear,0,No,0000000,Not Applicable,16,4:00pm-4:59pm,36,36,17,5:00pm-5:59pm,7,7,99,Unknown,99,Unknown EMS Hospital Arrival Time,,,,,,,1,
2021,41,410364,Oregon,1,1,0,0,0,1,1,47,MARION (47),1810,SALEM,3,3,9,September,2021,6,Friday,18,6:00pm-6:59pm,49,49,0,This section IS NOT on the NHS,2,Urban,5,Major Collector,4,City or Municipal Highway Agency,6,Local Street - Municipality,FAIRWAY AVE SE,,0,None,44.86042778,44.86042778,-123.019544440,-123.019544440,0,No Special Jurisdiction,33,Curb,0,The First Harmful Event was Not a Collision with a Motor Vehicle in Transport,0,No,1,Non-Junction,1,Not an Intersection,0,None,,,4,On Roadside,1,Daylight,,,,,1,Clear,0,No,0000000,Not Applicable,18,6:00pm-6:59pm,49,49,18,6:00pm-6:59pm,51,51,88,"Not Applicable (Not Transported) ",88,Not Applicable (Not Transported),,,,,,,1,
2021,41,410365,Oregon,1,1,0,0,0,1,1,25,HARNEY (25),0,NOT APPLICABLE,19,19,9,September,2021,1,Sunday,20,8:00pm-8:59pm,0,0,0,This section IS NOT on the NHS,1,Rural,4,Minor Arterial,2,County Highway Agency,4,County Road,CR-FIELDS DENIO RD,,809,809,42.05162500,42.05162500,-118.610794440,-118.610794440,0,No Special Jurisdiction,35,Embankment,0,The First Harmful Event was Not a Collision with a Motor Vehicle in Transport,0,No,1,Non-Junction,1,Not an Intersection,0,None,,,4,On Roadside,2,Dark - Not Lighted,,,,,1,Clear,0,No,0000000,Not Applicable,22,10:00pm-10:59pm,22,22,99,Unknown EMS Scene Arrival Hour,98,Unknown if Arrived,88,"Not Applicable (Not Transported) ",88,Not Applicable (Not Transported),,,,,,,1,
2021,41,410366,Oregon,1,1,0,0,0,3,3,41,LINCOLN (41),0,NOT APPLICABLE,21,21,9,September,2021,3,Tuesday,16,4:00pm-4:59pm,35,35,0,This section IS NOT on the NHS,1,Rural,6,Minor Collector,2,County Highway Agency,4,County Road,CR-PANTHER CREEK RD,,2,2,45.00985000,45.00985000,-123.911247220,-123.911247220,0,No Special Jurisdiction,34,Ditch,0,The First Harmful Event was Not a Collision with a Motor Vehicle in Transport,0,No,1,Non-Junction,1,Not an Intersection,0,None,,,4,On Roadside,1,Daylight,,,,,1,Clear,0,No,0000000,Not Applicable,99,Unknown,99,Unknown,99,Unknown EMS Scene Arrival Hour,99,Unknown EMS Scene Arrival Minutes,99,Unknown,99,Unknown EMS Hospital Arrival Time,,,,,,,1,
2021,41,410367,Oregon,1,1,0,1,1,2,2,35,KLAMATH (35),330,CHILOQUIN,27,27,9,September,2021,2,Monday,19,7:00pm-7:59pm,20,20,0,This section IS NOT on the NHS,1,Rural,5,Major Collector,1,State Highway Agency,3,State Highway,SR-422 ODOT 422,S APPLEGATE AVE,45,45,42.57708056,42.57708056,-121.871922220,-121.871922220,0,No Special Jurisdiction,8,Pedestrian,0,The First Harmful Event was Not a Collision with a Motor Vehicle in Transport,0,No,2,Intersection,3,T-Intersection,0,None,,,1,On Roadway,2,Dark - Not Lighted,,,,,2,Rain,0,No,0000000,Not Applicable,19,7:00pm-7:59pm,22,22,19,7:00pm-7:59pm,30,30,20,8:00pm-8:59pm,24,24,,,,,,,1,
2021,41,410368,Oregon,1,1,0,1,1,1,1,51,MULTNOMAH (51),1650,PORTLAND,29,29,9,September,2021,4,Wednesday,22,10:00pm-10:59pm,31,31,1,This section IS ON the NHS,2,Urban,4,Minor Arterial,4,City or Municipal Highway Agency,6,Local Street - Municipality,N MARINE DR,,0,None,45.61025000,45.61025000,-122.695005560,-122.695005560,0,No Special Jurisdiction,8,Pedestrian,0,The First Harmful Event was Not a Collision with a Motor Vehicle in Transport,0,No,1,Non-Junction,1,Not an Intersection,0,None,,,1,On Roadway,3,Dark - Lighted,,,,,10,Cloudy,0,No,0000000,Not Applicable,99,Unknown,99,Unknown,99,Unknown EMS Scene Arrival Hour,99,Unknown EMS Scene Arrival Minutes,88,"Not Applicable (Not Transported) ",88,Not Applicable (Not Transported),,,,,,,1,
2021,41,410369,Oregon,2,2,0,0,0,2,2,59,UMATILLA (59),0,NOT APPLICABLE,30,30,9,September,2021,5,Thursday,6,6:00am-6:59am,20,20,1,This section IS ON the NHS,2,Urban,3,Principal Arterial - Other,1,State Highway Agency,3,State Highway,SR-11 ODOT 8,,344,344,45.98810833,45.98810833,-118.387302780,-118.387302780,0,No Special Jurisdiction,12,Motor Vehicle In-Transport,2,Front-to-Front,0,No,1,Non-Junction,1,Not an Intersection,0,None,,,1,On Roadway,4,Dawn,,,,,1,Clear,0,No,0000000,Not Applicable,6,6:00am-6:59am,24,24,6,6:00am-6:59am,31,31,6,6:00am-6:59am,53,53,,,,,,,1,
2021,41,410370,Oregon,1,1,0,1,1,1,1,51,MULTNOMAH (51),1650,PORTLAND,1,1,10,October,2021,6,Friday,20,8:00pm-8:59pm,33,33,1,This section IS ON the NHS,2,Urban,3,Principal Arterial - Other,1,State Highway Agency,2,U.S. Highway,US-26 ODOT 26,,23,23,45.49741667,45.49741667,-122.635966670,-122.635966670,0,No Special Jurisdiction,8,Pedestrian,0,The First Harmful Event was Not a Collision with a Motor Vehicle in Transport,0,No,1,Non-Junction,1,Not an Intersection,0,None,,,1,On Roadway,3,Dark - Lighted,,,,,10,Cloudy,0,No,0000000,Not Applicable,20,8:00pm-8:59pm,35,35,20,8:00pm-8:59pm,36,36,20,8:00pm-8:59pm,42,42,,,,,,,1,
2021,41,410371,Oregon,1,1,0,0,0,1,1,45,MALHEUR (45),0,NOT APPLICABLE,2,2,10,October,2021,7,Saturday,4,4:00am-4:59am,17,17,1,This section IS ON the NHS,1,Rural,3,Principal Arterial - Other,1,State Highway Agency,2,U.S. Highway,US-20 ODOT 7,,2512,2512,43.98156944,43.98156944,-117.134463890,-117.134463890,0,No Special Jurisdiction,34,Ditch,0,The First Harmful Event was Not a Collision with a Motor Vehicle in Transport,0,No,1,Non-Junction,1,Not an Intersection,0,None,,,4,On Roadside,3,Dark - Lighted,,,,,1,Clear,0,No,0000000,Not Applicable,4,4:00am-4:59am,17,17,4,4:00am-4:59am,32,32,88,"Not Applicable (Not Transported) ",88,Not Applicable (Not Transported),,,,,,,1,
2021,41,410372,Oregon,1,1,0,0,0,4,4,25,HARNEY (25),0,NOT APPLICABLE,3,3,10,October,2021,1,Sunday,13,1:00pm-1:59pm,40,40,0,This section IS NOT on the NHS,1,Rural,4,Minor Arterial,1,State Highway Agency,3,State Highway,SR-78 ODOT 442,,378,378,43.28052222,43.28052222,-118.582155560,-118.582155560,0,No Special Jurisdiction,1,Rollover/Overturn,0,The First Harmful Event was Not a Collision with a Motor Vehicle in Transport,0,No,1,Non-Junction,1,Not an Intersection,0,None,,,4,On Roadside,1,Daylight,,,,,1,Clear,0,No,0000000,Not Applicable,13,1:00pm-1:59pm,37,37,14,2:00pm-2:59pm,23,23,15,3:00pm-3:59pm,25,25,,,,,,,1,
2021,41,410373,Oregon,1,1,0,0,0,1,1,19,DOUGLAS (19),0,NOT APPLICABLE,4,4,10,October,2021,2,Monday,9,9:00am-9:59am,48,48,1,This section IS ON the NHS,2,Urban,1,Interstate,1,State Highway Agency,1,Interstate,I-5,,1221,1221,43.18888611,43.18888611,-123.369486110,-123.369486110,0,No Special Jurisdiction,39,Wall,0,The First Harmful Event was Not a Collision with a Motor Vehicle in Transport,0,No,1,Non-Junction,1,Not an Intersection,0,None,,,4,On Roadside,1,Daylight,,,,,1,Clear,0,No,0000000,Not Applicable,9,9:00am-9:59am,48,48,9,9:00am-9:59am,55,55,88,"Not Applicable (Not Transported) ",88,Not Applicable (Not Transported),,,,,,,1,
2021,41,410374,Oregon,2,2,0,0,0,2,2,39,LANE (39),0,NOT APPLICABLE,6,6,10,October,2021,4,Wednesday,1,1:00am-1:59am,0,0,1,This section IS ON the NHS,1,Rural,3,Principal Arterial - Other,1,State Highway Agency,3,State Highway,SR-59 ODOT 18,,263,263,43.81202222,43.81202222,-122.578933330,-122.578933330,0,No Special Jurisdiction,12,Motor Vehicle In-Transport,2,Front-to-Front,0,No,1,Non-Junction,1,Not an Intersection,0,None,,,1,On Roadway,2,Dark - Not Lighted,,,,,5,"Fog, Smog, Smoke",0,No,0000000,Not Applicable,1,1:00am-1:59am,5,5,1,1:00am-1:59am,20,20,88,"Not Applicable (Not Transported) ",88,Not Applicable (Not Transported),,,,,,,1,
2021,41,410375,Oregon,1,1,0,0,0,1,1,37,LAKE (37),0,NOT APPLICABLE,7,7,10,October,2021,5,Thursday,22,10:00pm-10:59pm,36,36,0,This section IS NOT on the NHS,1,Rural,5,Major Collector,1,State Highway Agency,3,State Highway,SR-140 ODOT 431,,100,100,42.21924167,42.21924167,-120.202583330,-120.202583330,0,No Special Jurisdiction,35,Embankment,0,The First Harmful Event was Not a Collision with a Motor Vehicle in Transport,0,No,1,Non-Junction,1,Not an Intersection,0,None,,,4,On Roadside,2,Dark - Not Lighted,,,,,5,"Fog, Smog, Smoke",0,No,0000000,Not Applicable,99,Unknown,99,Unknown,99,Unknown EMS Scene Arrival Hour,99,Unknown EMS Scene Arrival Minutes,88,"Not Applicable (Not Transported) ",88,Not Applicable (Not Transported),,,,,,,1,
2021,41,410376,Oregon,3,3,0,0,0,3,3,43,LINN (43),0,NOT APPLICABLE,10,10,10,October,2021,1,Sunday,19,7:00pm-7:59pm,19,19,1,This section IS ON the NHS,1,Rural,3,Principal Arterial - Other,1,State Highway Agency,3,State Highway,SR-34 ODOT 210,,145,145,44.54553611,44.54553611,-122.986816670,-122.986816670,0,No Special Jurisdiction,12,Motor Vehicle In-Transport,2,Front-to-Front,0,No,1,Non-Junction,1,Not an Intersection,0,None,,,1,On Roadway,2,Dark - Not Lighted,,,,,10,Cloudy,0,No,0000000,Not Applicable,19,7:00pm-7:59pm,19,19,19,7:00pm-7:59pm,22,22,88,"Not Applicable (Not Transported) ",88,Not Applicable (Not Transported),,,,,,,1,
2021,41,410377,Oregon,2,2,0,0,0,3,3,39,LANE (39),0,NOT APPLICABLE,29,29,7,July,2021,5,Thursday,13,1:00pm-1:59pm,14,14,0,This section IS NOT on the NHS,1,Rural,5,Major Collector,2,County Highway Agency,4,County Road,CR-MARCOLA RD,,68,68,44.13037500,44.13037500,-122.914669440,-122.914669440,0,No Special Jurisdiction,12,Motor Vehicle In-Transport,2,Front-to-Front,0,No,1,Non-Junction,1,Not an Intersection,0,None,,,1,On Roadway,1,Daylight,,,,,1,Clear,0,No,0000000,Not Applicable,13,1:00pm-1:59pm,14,14,13,1:00pm-1:59pm,18,18,99,Unknown,99,Unknown EMS Hospital Arrival Time,,,,,,,1,
2021,41,410378,Oregon,2,2,0,0,0,2,2,39,LANE (39),0,NOT APPLICABLE,11,11,10,October,2021,2,Monday,20,8:00pm-8:59pm,46,46,1,This section IS ON the NHS,1,Rural,3,Principal Arterial - Other,1,State Highway Agency,3,State Highway,SR-126E ODOT 15,,191,191,44.10130000,44.10130000,-122.689719440,-122.689719440,0,No Special Jurisdiction,12,Motor Vehicle In-Transport,2,Front-to-Front,0,No,1,Non-Junction,1,Not an Intersection,0,None,,,1,On Roadway,2,Dark - Not Lighted,,,,,10,Cloudy,0,No,0000000,Not Applicable,20,8:00pm-8:59pm,46,46,20,8:00pm-8:59pm,50,50,88,"Not Applicable (Not Transported) ",88,Not Applicable (Not Transported),,,,,,,1,
2021,41,410379,Oregon,1,1,0,0,0,1,1,57,TILLAMOOK (57),0,NOT APPLICABLE,11,11,10,October,2021,2,Monday,12,12:00pm-12:59pm,3,3,0,This section IS NOT on the NHS,1,Rural,7,Local,2,County Highway Agency,4,County Road,CR-KILCHIS FOREST RD,,0,None,45.55231944,45.55231944,-123.783736110,-123.783736110,0,No Special Jurisdiction,42,Tree (Standing Only),0,The First Harmful Event was Not a Collision with a Motor Vehicle in Transport,0,No,1,Non-Junction,1,Not an Intersection,0,None,,,4,On Roadside,1,Daylight,,,,,1,Clear,0,No,0000000,Not Applicable,12,12:00pm-12:59pm,3,3,99,Unknown EMS Scene Arrival Hour,99,Unknown EMS Scene Arrival Minutes,88,"Not Applicable (Not Transported) ",88,Not Applicable (Not Transported),,,,,,,1,
2021,41,410380,Oregon,1,1,0,0,0,1,1,59,UMATILLA (59),0,NOT APPLICABLE,12,12,10,October,2021,3,Tuesday,14,2:00pm-2:59pm,58,58,0,This section IS NOT on the NHS,1,Rural,5,Major Collector,2,County Highway Agency,4,County Road,CR-CUNNINGHAM RD,,30,30,45.67725278,45.67725278,-119.088036110,-119.088036110,0,No Special Jurisdiction,10,Railway Vehicle,0,The First Harmful Event was Not a Collision with a Motor Vehicle in Transport,0,No,6,"Railway Grade Crossing ",1,Not an Intersection,0,None,,,1,On Roadway,1,Daylight,,,,,1,Clear,0,No,809083F,809083F,14,2:00pm-2:59pm,59,59,15,3:00pm-3:59pm,22,22,88,"Not Applicable (Not Transported) ",88,Not Applicable (Not Transported),,,,,,,1,
2021,41,410381,Oregon,1,1,0,0,0,1,1,47,MARION (47),0,NOT APPLICABLE,20,20,9,September,2021,2,Monday,11,11:00am-11:59am,28,28,0,This section IS NOT on the NHS,1,Rural,4,Minor Arterial,1,State Highway Agency,3,State Highway,SR-164 ODOT 164,,2,2,44.78610000,44.78610000,-123.031091670,-123.031091670,0,No Special Jurisdiction,24,Guardrail Face,0,The First Harmful Event was Not a Collision with a Motor Vehicle in Transport,0,No,1,Non-Junction,1,Not an Intersection,0,None,,,4,On Roadside,1,Daylight,,,,,1,Clear,0,No,0000000,Not Applicable,99,Unknown,99,Unknown,99,Unknown EMS Scene Arrival Hour,99,Unknown EMS Scene Arrival Minutes,88,"Not Applicable (Not Transported) ",88,Not Applicable (Not Transported),,,,,,,1,
2021,41,410382,Oregon,1,1,0,0,0,1,1,1,BAKER (1),0,NOT APPLICABLE,1,1,10,October,2021,6,Friday,16,4:00pm-4:59pm,0,0,0,This section IS NOT on the NHS,1,Rural,4,Minor Arterial,1,State Highway Agency,3,State Highway,SR-7 ODOT 71,,348,348,44.67413056,44.67413056,-117.997425000,-117.997425000,0,No Special Jurisdiction,35,Embankment,0,The First Harmful Event was Not a Collision with a Motor Vehicle in Transport,0,No,1,Non-Junction,1,Not an Intersection,0,None,,,4,On Roadside,1,Daylight,,,,,1,Clear,0,No,0000000,Not Applicable,16,4:00pm-4:59pm,2,2,99,Unknown EMS Scene Arrival Hour,99,Unknown EMS Scene Arrival Minutes,88,"Not Applicable (Not Transported) ",88,Not Applicable (Not Transported),,,,,,,1,
2021,41,410383,Oregon,1,1,0,0,0,1,1,33,JOSEPHINE (33),0,NOT APPLICABLE,14,14,10,October,2021,5,Thursday,0,0:00am-0:59am,50,50,1,This section IS ON the NHS,1,Rural,3,Principal Arterial - Other,1,State Highway Agency,2,U.S. Highway,US-199 ODOT 25,,151,151,42.34262778,42.34262778,-123.571652780,-123.571652780,0,No Special Jurisdiction,34,Ditch,0,The First Harmful Event was Not a Collision with a Motor Vehicle in Transport,0,No,1,Non-Junction,1,Not an Intersection,0,None,,,4,On Roadside,2,Dark - Not Lighted,,,,,1,Clear,0,No,0000000,Not Applicable,0,0:00am-0:59am,55,55,1,1:00am-1:59am,3,3,88,"Not Applicable (Not Transported) ",88,Not Applicable (Not Transported),,,,,,,1,
2021,41,410384,Oregon,1,1,0,0,0,1,1,23,GRANT (23),0,NOT APPLICABLE,14,14,10,October,2021,5,Thursday,7,7:00am-7:59am,53,53,1,This section IS ON the NHS,1,Rural,3,Principal Arterial - Other,1,State Highway Agency,2,U.S. Highway,US-26 ODOT 5,,1523,1523,44.41573056,44.41573056,-119.147391670,-119.147391670,0,No Special Jurisdiction,23,Bridge Rail (Includes parapet),0,The First Harmful Event was Not a Collision with a Motor Vehicle in Transport,0,No,1,Non-Junction,1,Not an Intersection,0,None,,,4,On Roadside,1,Daylight,,,,,10,Cloudy,0,No,0000000,Not Applicable,7,7:00am-7:59am,58,58,8,8:00am-8:59am,15,15,88,"Not Applicable (Not Transported) ",88,Not Applicable (Not Transported),,,,,,,1,
2021,41,410385,Oregon,1,1,0,1,1,1,1,47,MARION (47),1810,SALEM,15,15,10,October,2021,6,Friday,19,7:00pm-7:59pm,49,49,1,This section IS ON the NHS,2,Urban,2,Principal Arterial - Other Freeways and Expressways,1,State Highway Agency,3,State Highway,"SR-99 ODOT 72 ",CHERRY AVE NE,26,26,44.97287500,44.97287500,-123.020961110,-123.020961110,0,No Special Jurisdiction,9,Pedalcyclist,0,The First Harmful Event was Not a Collision with a Motor Vehicle in Transport,0,No,3,Intersection-Related,2,Four-Way Intersection,0,None,,,1,On Roadway,3,Dark - Lighted,,,,,1,Clear,0,No,0000000,Not Applicable,19,7:00pm-7:59pm,49,49,19,7:00pm-7:59pm,52,52,88,"Not Applicable (Not Transported) ",88,Not Applicable (Not Transported),,,,,,,1,
2021,41,410386,Oregon,3,3,0,0,0,5,5,5,CLACKAMAS (5),0,NOT APPLICABLE,16,16,10,October,2021,7,Saturday,18,6:00pm-6:59pm,40,40,1,This section IS ON the NHS,2,Urban,3,Principal Arterial - Other,1,State Highway Agency,3,State Highway,SR-99E ODOT 81,"CR-SE OAK GOVE BLVD ",78,78,45.41572222,45.41572222,-122.631597220,-122.631597220,0,No Special Jurisdiction,12,Motor Vehicle In-Transport,1,Front-to-Rear,0,No,3,Intersection-Related,2,Four-Way Intersection,0,None,,,1,On Roadway,2,Dark - Not Lighted,,,,,1,Clear,0,No,0000000,Not Applicable,18,6:00pm-6:59pm,47,47,18,6:00pm-6:59pm,50,50,99,Unknown,99,Unknown EMS Hospital Arrival Time,,,,,,,1,
2021,41,410387,Oregon,2,2,0,0,0,6,6,67,WASHINGTON (67),0,NOT APPLICABLE,17,17,10,October,2021,1,Sunday,15,3:00pm-3:59pm,3,3,1,This section IS ON the NHS,1,Rural,3,Principal Arterial - Other,1,State Highway Agency,2,U.S. Highway,US-26 ODOT 47,,485,485,45.65235278,45.65235278,-123.146236110,-123.146236110,0,No Special Jurisdiction,12,Motor Vehicle In-Transport,2,Front-to-Front,0,No,1,Non-Junction,1,Not an Intersection,0,None,,,1,On Roadway,1,Daylight,,,,,2,Rain,0,No,0000000,Not Applicable,15,3:00pm-3:59pm,12,12,15,3:00pm-3:59pm,29,29,16,4:00pm-4:59pm,8,8,,,,,,,1,
2021,41,410388,Oregon,2,2,0,0,0,2,2,11,COOS (11),0,NOT APPLICABLE,18,18,10,October,2021,2,Monday,12,12:00pm-12:59pm,43,43,1,This section IS ON the NHS,1,Rural,3,Principal Arterial - Other,1,State Highway Agency,3,State Highway,SR-42 ODOT 35,,63,63,43.21987778,43.21987778,-124.247169440,-124.247169440,0,No Special Jurisdiction,12,Motor Vehicle In-Transport,2,Front-to-Front,0,No,1,Non-Junction,1,Not an Intersection,0,None,,,1,On Roadway,1,Daylight,,,,,10,Cloudy,0,No,0000000,Not Applicable,12,12:00pm-12:59pm,45,45,12,12:00pm-12:59pm,49,49,88,"Not Applicable (Not Transported) ",88,Not Applicable (Not Transported),,,,,,,1,
2021,41,410389,Oregon,2,2,0,0,0,2,2,19,DOUGLAS (19),0,NOT APPLICABLE,20,20,10,October,2021,4,Wednesday,14,2:00pm-2:59pm,4,4,0,This section IS NOT on the NHS,2,Urban,5,Major Collector,2,County Highway Agency,4,County Road,CR-OLD MELROSE RD,,41,41,43.21835556,43.21835556,-123.414944440,-123.414944440,0,No Special Jurisdiction,12,Motor Vehicle In-Transport,2,Front-to-Front,0,No,1,Non-Junction,1,Not an Intersection,0,None,,,1,On Roadway,1,Daylight,,,,,10,Cloudy,0,No,0000000,Not Applicable,14,2:00pm-2:59pm,4,4,14,2:00pm-2:59pm,9,9,14,2:00pm-2:59pm,40,40,,,,,,,1,
2021,41,410390,Oregon,1,1,0,0,0,2,2,43,LINN (43),0,NOT APPLICABLE,22,22,10,October,2021,6,Friday,20,8:00pm-8:59pm,14,14,0,This section IS NOT on the NHS,1,Rural,5,Major Collector,2,County Highway Agency,4,County Road,CR-KNOX BUTTE RD,,37,37,44.64671111,44.64671111,-122.989697220,-122.989697220,0,No Special Jurisdiction,34,Ditch,0,The First Harmful Event was Not a Collision with a Motor Vehicle in Transport,0,No,1,Non-Junction,1,Not an Intersection,0,None,,,4,On Roadside,2,Dark - Not Lighted,,,,,2,Rain,0,No,0000000,Not Applicable,20,8:00pm-8:59pm,14,14,20,8:00pm-8:59pm,14,14,99,Unknown,99,Unknown EMS Hospital Arrival Time,,,,,,,1,
2021,41,410391,Oregon,1,1,0,0,0,3,3,5,CLACKAMAS (5),0,NOT APPLICABLE,25,25,10,October,2021,2,Monday,4,4:00am-4:59am,15,15,0,This section IS NOT on the NHS,1,Rural,7,Local,2,County Highway Agency,4,County Road,CR-EADEN RD,,4,4,45.37371111,45.37371111,-122.409763890,-122.409763890,0,No Special Jurisdiction,42,Tree (Standing Only),0,The First Harmful Event was Not a Collision with a Motor Vehicle in Transport,0,No,1,Non-Junction,1,Not an Intersection,0,None,,,4,On Roadside,2,Dark - Not Lighted,,,,,1,Clear,0,No,0000000,Not Applicable,5,5:00am-5:59am,5,5,5,5:00am-5:59am,32,32,6,6:00am-6:59am,34,34,,,,,,,1,
2021,41,410392,Oregon,2,2,0,0,0,2,2,47,MARION (47),2260,WOODBURN,30,30,10,October,2021,7,Saturday,2,2:00am-2:59am,7,7,1,This section IS ON the NHS,2,Urban,3,Principal Arterial - Other,1,State Highway Agency,3,State Highway,SR-99E  ODOT 81,,327,327,45.13893333,45.13893333,-122.842208330,-122.842208330,0,No Special Jurisdiction,12,Motor Vehicle In-Transport,1,Front-to-Rear,0,No,1,Non-Junction,1,Not an Intersection,0,None,,,1,On Roadway,3,Dark - Lighted,,,,,1,Clear,0,No,0000000,Not Applicable,2,2:00am-2:59am,8,8,2,2:00am-2:59am,14,14,3,3:00am-3:59am,2,2,,,,,,,1,
2021,41,410393,Oregon,1,1,0,1,1,1,1,51,MULTNOMAH (51),1650,PORTLAND,30,30,10,October,2021,7,Saturday,21,9:00pm-9:59pm,48,48,1,This section IS ON the NHS,2,Urban,3,Principal Arterial - Other,1,State Highway Agency,2,U.S. Highway,US-26 ODOT 26,,22,22,45.49735556,45.49735556,-122.635761110,-122.635761110,0,No Special Jurisdiction,8,Pedestrian,0,The First Harmful Event was Not a Collision with a Motor Vehicle in Transport,0,No,1,Non-Junction,1,Not an Intersection,0,None,,,1,On Roadway,3,Dark - Lighted,,,,,1,Clear,0,No,0000000,Not Applicable,21,9:00pm-9:59pm,48,48,21,9:00pm-9:59pm,50,50,22,10:00pm-10:59pm,9,9,,,,,,,1,
2021,41,410394,Oregon,1,1,0,0,0,1,1,53,POLK (53),0,NOT APPLICABLE,31,31,10,October,2021,1,Sunday,2,2:00am-2:59am,16,16,0,This section IS NOT on the NHS,1,Rural,4,Minor Arterial,1,State Highway Agency,3,State Highway,SR-51 ODOT 193,,23,23,44.90231389,44.90231389,-123.163136110,-123.163136110,0,No Special Jurisdiction,34,Ditch,0,The First Harmful Event was Not a Collision with a Motor Vehicle in Transport,0,No,1,Non-Junction,1,Not an Intersection,0,None,,,4,On Roadside,2,Dark - Not Lighted,,,,,10,Cloudy,0,No,0000000,Not Applicable,2,2:00am-2:59am,16,16,2,2:00am-2:59am,25,25,88,"Not Applicable (Not Transported) ",88,Not Applicable (Not Transported),,,,,,,1,