caseyear,state,st_case,statename,ve_total,ve_forms,pvh_invl,peds,pernotmvit,permvit,persons,county,countyname,city,cityname,day,dayname,month,monthname,year,day_week,day_weekname,hour,hourname,minute,minutename,nhs,nhsname,rur_urb,rur_urbname,func_sys,func_sysname,rd_owner,rd_ownername,route,routename,tway_id,tway_id2,milept,mileptname,latitude,latitudename,longitud,longitudname,sp_jur,sp_jurname,harm_ev,harm_evname,man_coll,man_collname,reljct1,reljct1name,reljct2,reljct2name,typ_int,typ_intname,wrk_zone,wrk_zonename,road_fnc,road_fncname,rel_road,rel_roadname,lgt_cond,lgt_condname,weather1,weather1name,weather2,weather2name,weather,weathername,sch_bus,sch_busname,rail,railname,not_hour,not_hourname,not_min,not_minname,arr_hour,arr_hourname,arr_min,arr_minname,hosp_hr,hosp_hrname,hosp_mn,hosp_mnname,cf1,cf1name,cf2,cf2name,cf3,cf3name,fatals,drunk_dr
2021,41,410466,Oregon,1,1,0,0,0,1,1,29,JACKSON (29),0,NOT APPLICABLE,10,10,12,December,2021,6,Friday,13,1:00pm-1:59pm,59,59,0,This section IS NOT on the NHS,1,Rural,4,Minor Arterial,1,State Highway Agency,3,State Highway,SR-234 ODOT 271,,67,67,42.47538056,42.47538056,-123.001711110,-123.001711110,0,No Special Jurisdiction,42,Tree (Standing Only),0,The First Harmful Event was Not a Collision with a Motor Vehicle in Transport,0,No,1,Non-Junction,1,Not an Intersection,0,None,,,4,On Roadside,9,Reported as Unknown,,,,,99,Reported as Unknown,0,No,0000000,Not Applicable,99,Unknown,99,Unknown,99,Unknown EMS Scene Arrival Hour,99,Unknown EMS Scene Arrival Minutes,88,"Not Applicable (Not Transported) ",88,Not Applicable (Not Transported),,,,,,,1,
2021,41,410467,Oregon,1,1,0,0,0,1,1,51,MULTNOMAH (51),880,GRESHAM,11,11,12,December,2021,7,Saturday,19,7:00pm-7:59pm,24,24,1,This section IS ON the NHS,2,Urban,3,Principal Arterial - Other,4,City or Municipal Highway Agency,6,Local Street - Municipality,SE BURNSIDE RD,,0,None,45.49403889,45.49403889,-122.405975000,-122.405975000,0,No Special Jurisdiction,30,Utility Pole/Light Support,0,The First Harmful Event was Not a Collision with a Motor Vehicle in Transport,0,No,1,Non-Junction,1,Not an Intersection,0,None,,,4,On Roadside,3,Dark - Lighted,,,,,2,Rain,0,No,0000000,Not Applicable,19,7:00pm-7:59pm,24,24,19,7:00pm-7:59pm,30,30,88,"Not Applicable (Not Transported) ",88,Not Applicable (Not Transported),,,,,,,1,
2021,41,410468,Oregon,2,2,0,0,0,3,3,39,LANE (39),0,NOT APPLICABLE,14,14,12,December,2021,3,Tuesday,7,7:00am-7:59am,30,30,1,This section IS ON the NHS,1,Rural,3,Principal Arterial - Other,1,State Highway Agency,3,State Highway,SR-126 W ODOT 62,,285,285,43.99448611,43.99448611,-123.621566670,-123.621566670,0,No Special Jurisdiction,12,Motor Vehicle In-Transport,2,Front-to-Front,0,No,1,Non-Junction,1,Not an Intersection,0,None,,,1,On Roadway,1,Daylight,,,,,4,Snow,0,No,0000000,Not Applicable,7,7:00am-7:59am,40,40,8,8:00am-8:59am,14,14,9,9:00am-9:59am,18,18,,,,,,,1,
2021,41,410469,Oregon,1,1,0,0,0,1,1,61,UNION (61),0,NOT APPLICABLE,15,15,12,December,2021,4,Wednesday,6,6:00am-6:59am,29,29,1,This section IS ON the NHS,1,Rural,1,Interstate,1,State Highway Agency,1,Interstate,I-84,,2859,2859,45.02309167,45.02309167,-117.924577780,-117.924577780,0,No Special Jurisdiction,35,Embankment,0,The First Harmful Event was Not a Collision with a Motor Vehicle in Transport,0,No,1,Non-Junction,1,Not an Intersection,0,None,,,3,On Median,2,Dark - Not Lighted,,,,,1,Clear,0,No,0000000,Not Applicable,6,6:00am-6:59am,38,38,7,7:00am-7:59am,0,0,88,"Not Applicable (Not Transported) ",88,Not Applicable (Not Transported),,,,,,,1,
2021,41,410470,Oregon,1,1,0,0,0,1,1,11,COOS (11),0,NOT APPLICABLE,24,24,11,November,2021,4,Wednesday,11,11:00am-11:59am,30,30,1,This section IS ON the NHS,1,Rural,3,Principal Arterial - Other,1,State Highway Agency,2,U.S. Highway,US-101 ODOT 9,,2450,2450,43.29115833,43.29115833,-124.232211110,-124.232211110,0,No Special Jurisdiction,24,Guardrail Face,0,The First Harmful Event was Not a Collision with a Motor Vehicle in Transport,0,No,1,Non-Junction,1,Not an Intersection,0,None,,,4,On Roadside,1,Daylight,,,,,10,Cloudy,0,No,0000000,Not Applicable,11,11:00am-11:59am,31,31,11,11:00am-11:59am,42,42,12,12:00pm-12:59pm,24,24,,,,,,,1,
2021,41,410471,Oregon,1,1,0,0,0,1,1,1,BAKER (1),0,NOT APPLICABLE,10,10,12,December,2021,6,Friday,6,6:00am-6:59am,30,30,0,This section IS NOT on the NHS,1,Rural,5,Major Collector,1,State Highway Agency,3,State Highway,SR-203 ODOT 340,,310,310,44.90533333,44.90533333,-117.703136110,-117.703136110,0,No Special Jurisdiction,17,Boulder,0,The First Harmful Event was Not a Collision with a Motor Vehicle in Transport,0,No,1,Non-Junction,1,Not an Intersection,0,None,,,4,On Roadside,2,Dark - Not Lighted,,,,,4,Snow,0,No,0000000,Not Applicable,99,Unknown,99,Unknown,99,Unknown EMS Scene Arrival Hour,99,Unknown EMS Scene Arrival Minutes,88,"Not Applicable (Not Transported) ",88,Not Applicable (Not Transported),,,,,,,1,
2021,41,410472,Oregon,1,1,0,0,0,1,1,1,BAKER (1),0,NOT APPLICABLE,11,11,12,December,2021,7,Saturday,11,11:00am-11:59am,30,30,1,This section IS ON the NHS,1,Rural,3,Principal Arterial - Other,1,State Highway Agency,2,U.S. Highway,US-26 ODOT 5,,2011,2011,44.54114444,44.54114444,-118.327033330,-118.327033330,0,No Special Jurisdiction,42,Tree (Standing Only),0,The First Harmful Event was Not a Collision with a Motor Vehicle in Transport,0,No,1,Non-Junction,1,Not an Intersection,0,None,,,4,On Roadside,1,Daylight,,,,,4,Snow,0,No,0000000,Not Applicable,11,11:00am-11:59am,41,41,12,12:00pm-12:59pm,20,20,88,"Not Applicable (Not Transported) ",88,Not Applicable (Not Transported),,,,,,,1,
2021,41,410473,Oregon,2,2,0,0,0,3,3,67,WASHINGTON (67),0,NOT APPLICABLE,18,18,12,December,2021,7,Saturday,18,6:00pm-6:59pm,25,25,1,This section IS ON the NHS,1,Rural,3,Principal Arterial - Other,1,State Highway Agency,2,U.S. Highway,US-26 ODOT 47,,440,440,45.69800278,45.69800278,-123.216066670,-123.216066670,0,No Special Jurisdiction,12,Motor Vehicle In-Transport,2,Front-to-Front,0,No,1,Non-Junction,1,Not an Intersection,0,None,,,1,On Roadway,2,Dark - Not Lighted,,,,,2,Rain,0,No,0000000,Not Applicable,18,6:00pm-6:59pm,25,25,18,6:00pm-6:59pm,50,50,19,7:00pm-7:59pm,53,53,,,,,,,1,
2021,41,410474,Oregon,1,1,0,1,1,1,1,7,CLATSOP (7),0,NOT APPLICABLE,18,18,12,December,2021,7,Saturday,18,6:00pm-6:59pm,11,11,1,This section IS ON the NHS,2,Urban,3,Principal Arterial - Other,1,State Highway Agency,2,U.S. Highway,US-101 ODOT 9,,228,228,45.97001389,45.97001389,-123.925483330,-123.925483330,0,No Special Jurisdiction,9,Pedalcyclist,0,The First Harmful Event was Not a Collision with a Motor Vehicle in Transport,0,No,1,Non-Junction,1,Not an Intersection,0,None,,,2,On Shoulder,2,Dark - Not Lighted,,,,,2,Rain,0,No,0000000,Not Applicable,18,6:00pm-6:59pm,11,11,18,6:00pm-6:59pm,11,11,88,"Not Applicable (Not Transported) ",88,Not Applicable (Not Transported),,,,,,,1,
2021,41,410475,Oregon,1,1,0,0,0,2,2,47,MARION (47),0,NOT APPLICABLE,20,20,12,December,2021,2,Monday,19,7:00pm-7:59pm,50,50,0,This section IS NOT on the NHS,2,Urban,6,Minor Collector,2,County Highway Agency,4,County Road,CR-71ST AVE SE,"CR-BLOSSOM LAKE WAY SE ",30,30,44.88610278,44.88610278,-122.915491670,-122.915491670,0,No Special Jurisdiction,38,Fence,0,The First Harmful Event was Not a Collision with a Motor Vehicle in Transport,0,No,3,Intersection-Related,2,Four-Way Intersection,0,None,,,4,On Roadside,2,Dark - Not Lighted,,,,,5,"Fog, Smog, Smoke",0,No,0000000,Not Applicable,19,7:00pm-7:59pm,50,50,20,8:00pm-8:59pm,0,0,99,Unknown,99,Unknown EMS Hospital Arrival Time,,,,,,,1,
2021,41,410476,Oregon,2,2,0,1,1,2,2,39,LANE (39),0,NOT APPLICABLE,22,22,12,December,2021,4,Wednesday,23,11:00pm-11:59pm,37,37,1,This section IS ON the NHS,2,Urban,3,Principal Arterial - Other,1,State Highway Agency,3,State Highway,SR-58 ODOT 18,,2,2,44.00029444,44.00029444,-123.014033330,-123.014033330,0,No Special Jurisdiction,8,Pedestrian,0,The First Harmful Event was Not a Collision with a Motor Vehicle in Transport,0,No,1,Non-Junction,1,Not an Intersection,0,None,,,1,On Roadway,3,Dark - Lighted,,,,,2,Rain,0,No,0000000,Not Applicable,23,11:00pm-11:59pm,37,37,23,11:00pm-11:59pm,39,39,88,"Not Applicable (Not Transported) ",88,Not Applicable (Not Transported),,,,,,,1,
2021,41,410477,Oregon,1,1,0,0,0,1,1,51,MULTNOMAH (51),880,GRESHAM,19,19,5,May,2021,4,Wednesday,17,5:00pm-5:59pm,6,6,1,This section IS ON the NHS,2,Urban,3,Principal Arterial - Other,4,City or Municipal Highway Agency,6,Local Street - Municipality,NW BURNSIDE RD,,0,None,45.51040000,45.51040000,-122.436730560,-122.436730560,0,No Special Jurisdiction,33,Curb,0,The First Harmful Event was Not a Collision with a Motor Vehicle in Transport,0,No,1,Non-Junction,1,Not an Intersection,0,None,,,4,On Roadside,1,Daylight,,,,,1,Clear,0,No,0000000,Not Applicable,99,Unknown,99,Unknown,99,Unknown EMS Scene Arrival Hour,99,Unknown EMS Scene Arrival Minutes,88,"Not Applicable (Not Transported) ",88,Not Applicable (Not Transported),,,,,,,1,
2021,41,410478,Oregon,5,5,0,0,0,9,9,57,TILLAMOOK (57),0,NOT APPLICABLE,4,4,12,December,2021,7,Saturday,15,3:00pm-3:59pm,39,39,0,This section IS NOT on the NHS,1,Rural,4,Minor Arterial,1,State Highway Agency,3,State Highway,SR-6 ODOT 37,,260,260,45.60481667,45.60481667,-123.493608330,-123.493608330,0,No Special Jurisdiction,12,Motor Vehicle In-Transport,2,Front-to-Front,0,No,1,Non-Junction,1,Not an Intersection,0,None,,,1,On Roadway,1,Daylight,,,,,2,Rain,0,No,0000000,Not Applicable,15,3:00pm-3:59pm,41,41,16,4:00pm-4:59pm,12,12,17,5:00pm-5:59pm,54,54,,,,,,,1,
2021,41,410479,Oregon,2,1,1,0,0,1,1,57,TILLAMOOK (57),2070,TILLAMOOK,21,21,10,October,2021,5,Thursday,15,3:00pm-3:59pm,39,39,0,This section IS NOT on the NHS,2,Urban,6,Minor Collector,4,City or Municipal Highway Agency,6,Local Street - Municipality,BIRCH AVE,FIRST ST,0,None,45.45775833,45.45775833,-123.852288890,-123.852288890,0,No Special Jurisdiction,14,Parked Motor Vehicle,0,The First Harmful Event was Not a Collision with a Motor Vehicle in Transport,0,No,3,Intersection-Related,10,L-Intersection,0,None,,,2,On Shoulder,1,Daylight,,,,,2,Rain,0,No,0000000,Not Applicable,15,3:00pm-3:59pm,40,40,15,3:00pm-3:59pm,42,42,15,3:00pm-3:59pm,55,55,,,,,,,1,
2021,41,410480,Oregon,1,1,0,0,0,3,3,5,CLACKAMAS (5),0,NOT APPLICABLE,4,4,12,December,2021,7,Saturday,0,0:00am-0:59am,23,23,0,This section IS NOT on the NHS,1,Rural,4,Minor Arterial,2,County Highway Agency,4,County Road,CR-S HWY 170,,62,62,45.23879722,45.23879722,-122.685366670,-122.685366670,0,No Special Jurisdiction,30,Utility Pole/Light Support,0,The First Harmful Event was Not a Collision with a Motor Vehicle in Transport,0,No,1,Non-Junction,1,Not an Intersection,0,None,,,4,On Roadside,2,Dark - Not Lighted,,,,,5,"Fog, Smog, Smoke",0,No,0000000,Not Applicable,0,0:00am-0:59am,23,23,0,0:00am-0:59am,29,29,1,1:00am-1:59am,23,23,,,,,,,1,
2021,41,410481,Oregon,1,1,0,1,1,1,1,51,MULTNOMAH (51),1650,PORTLAND,9,9,1,January,2021,7,Saturday,6,6:00am-6:59am,37,37,0,This section IS NOT on the NHS,2,Urban,4,Minor Arterial,1,State Highway Agency,3,State Highway,SR-99 ODOT 91,,48,48,45.58610000,45.58610000,-122.686908330,-122.686908330,0,No Special Jurisdiction,8,Pedestrian,0,The First Harmful Event was Not a Collision with a Motor Vehicle in Transport,0,No,1,Non-Junction,1,Not an Intersection,0,None,,,1,On Roadway,3,Dark - Lighted,,,,,1,Clear,0,No,0000000,Not Applicable,6,6:00am-6:59am,39,39,6,6:00am-6:59am,42,42,88,"Not Applicable (Not Transported) ",88,Not Applicable (Not Transported),,,,,,,1,
2021,41,410483,Oregon,1,1,0,1,1,1,1,3,BENTON (3),420,CORVALLIS,4,4,2,February,2021,5,Thursday,19,7:00pm-7:59pm,8,8,1,This section IS ON the NHS,2,Urban,3,Principal Arterial - Other,1,State Highway Agency,2,U.S. Highway,US-20 ODOT 91,SW WESTERN BLVD,839,839,44.55948889,44.55948889,-123.263552780,-123.263552780,0,No Special Jurisdiction,8,Pedestrian,0,The First Harmful Event was Not a Collision with a Motor Vehicle in Transport,0,No,3,Intersection-Related,2,Four-Way Intersection,0,None,,,1,On Roadway,3,Dark - Lighted,,,,,2,Rain,0,No,0000000,Not Applicable,99,Unknown,99,Unknown,99,Unknown EMS Scene Arrival Hour,99,Unknown EMS Scene Arrival Minutes,88,"Not Applicable (Not Transported) ",88,Not Applicable (Not Transported),,,,,,,1,
2021,41,410484,Oregon,1,1,0,1,1,1,1,51,MULTNOMAH (51),1650,PORTLAND,6,6,2,February,2021,7,Saturday,18,6:00pm-6:59pm,52,52,0,This section IS NOT on the NHS,2,Urban,4,Minor Arterial,4,City or Municipal Highway Agency,6,Local Street - Municipality,SE STARK ST,SE 136TH AVE,0,None,45.51912222,45.51912222,-122.523575000,-122.523575000,0,No Special Jurisdiction,8,Pedestrian,0,The First Harmful Event was Not a Collision with a Motor Vehicle in Transport,0,No,3,Intersection-Related,3,T-Intersection,0,None,,,1,On Roadway,3,Dark - Lighted,,,,,10,Cloudy,0,No,0000000,Not Applicable,99,Unknown,99,Unknown,99,Unknown EMS Scene Arrival Hour,99,Unknown EMS Scene Arrival Minutes,88,"Not Applicable (Not Transported) ",88,Not Applicable (Not Transported),,,,,,,1,
2021,41,410485,Oregon,1,1,0,0,0,1,1,51,MULTNOMAH (51),1650,PORTLAND,7,7,2,February,2021,1,Sunday,12,12:00pm-12:59pm,59,59,1,This section IS ON the NHS,2,Urban,3,Principal Arterial - Other,4,City or Municipal Highway Agency,6,Local Street - Municipality,N COLUMBIA BLVD,,0,None,45.59402778,45.59402778,-122.717147220,-122.717147220,0,No Special Jurisdiction,33,Curb,0,The First Harmful Event was Not a Collision with a Motor Vehicle in Transport,0,No,1,Non-Junction,1,Not an Intersection,0,None,,,4,On Roadside,1,Daylight,,,,,1,Clear,0,No,0000000,Not Applicable,99,Unknown,99,Unknown,99,Unknown EMS Scene Arrival Hour,99,Unknown EMS Scene Arrival Minutes,88,"Not Applicable (Not Transported) ",88,Not Applicable (Not Transported),,,,,,,1,
2021,41,410486,Oregon,1,1,0,0,0,1,1,51,MULTNOMAH (51),1650,PORTLAND,14,14,2,February,2021,1,Sunday,17,5:00pm-5:59pm,34,34,1,This section IS ON the NHS,2,Urban,1,Interstate,1,State Highway Agency,1,Interstate,I-205,,258,258,45.58681667,45.58681667,-122.545027780,-122.545027780,0,No Special Jurisdiction,24,Guardrail Face,0,The First Harmful Event was Not a Collision with a Motor Vehicle in Transport,0,No,1,Non-Junction,1,Not an Intersection,0,None,,,4,On Roadside,2,Dark - Not Lighted,,,,,4,Snow,0,No,0000000,Not Applicable,99,Unknown,99,Unknown,99,Unknown EMS Scene Arrival Hour,99,Unknown EMS Scene Arrival Minutes,88,"Not Applicable (Not Transported) ",88,Not Applicable (Not Transported),,,,,,,1,
2021,41,410487,Oregon,1,1,0,0,0,1,1,51,MULTNOMAH (51),1650,PORTLAND,28,28,2,February,2021,1,Sunday,0,0:00am-0:59am,21,21,0,This section IS NOT on the NHS,2,Urban,4,Minor Arterial,4,City or Municipal Highway Agency,6,Local Street - Municipality,SW BARBUR BLVD,,0,None,45.50319167,45.50319167,-122.682011110,-122.682011110,0,No Special Jurisdiction,42,Tree (Standing Only),0,The First Harmful Event was Not a Collision with a Motor Vehicle in Transport,0,No,1,Non-Junction,1,Not an Intersection,0,None,,,4,On Roadside,3,Dark - Lighted,,,,,10,Cloudy,0,No,0000000,Not Applicable,99,Unknown,99,Unknown,99,Unknown EMS Scene Arrival Hour,99,Unknown EMS Scene Arrival Minutes,88,"Not Applicable (Not Transported) ",88,Not Applicable (Not Transported),,,,,,,1,
2021,41,410488,Oregon,1,1,0,3,3,1,1,51,MULTNOMAH (51),880,GRESHAM,6,6,3,March,2021,7,Saturday,17,5:00pm-5:59pm,46,46,1,This section IS ON the NHS,2,Urban,3,Principal Arterial - Other,4,City or Municipal Highway Agency,6,Local Street - Municipality,NW EASTMAN PKWY,,0,None,45.50038333,45.50038333,-122.436236110,-122.436236110,0,No Special Jurisdiction,8,Pedestrian,0,The First Harmful Event was Not a Collision with a Motor Vehicle in Transport,0,No,1,Non-Junction,1,Not an Intersection,0,None,,,4,On Roadside,1,Daylight,,,,,1,Clear,0,No,0000000,Not Applicable,17,5:00pm-5:59pm,50,50,17,5:00pm-5:59pm,58,58,18,6:00pm-6:59pm,29,29,,,,,,,1,
2021,41,410489,Oregon,1,1,0,0,0,1,1,51,MULTNOMAH (51),1650,PORTLAND,31,31,3,March,2021,4,Wednesday,13,1:00pm-1:59pm,0,0,0,This section IS NOT on the NHS,2,Urban,7,Local,4,City or Municipal Highway Agency,6,Local Street - Municipality,SE BARBARA WELCH RD,,0,None,45.47247500,45.47247500,-122.513513890,-122.513513890,0,No Special Jurisdiction,34,Ditch,0,The First Harmful Event was Not a Collision with a Motor Vehicle in Transport,0,No,1,Non-Junction,1,Not an Intersection,0,None,,,4,On Roadside,1,Daylight,,,,,1,Clear,0,No,0000000,Not Applicable,99,Unknown,99,Unknown,99,Unknown EMS Scene Arrival Hour,99,Unknown EMS Scene Arrival Minutes,88,"Not Applicable (Not Transported) ",88,Not Applicable (Not Transported),,,,,,,1,
2021,41,410490,Oregon,1,1,0,1,1,1,1,51,MULTNOMAH (51),1650,PORTLAND,11,11,4,April,2021,1,Sunday,17,5:00pm-5:59pm,13,13,1,This section IS ON the NHS,2,Urban,3,Principal Arterial - Other,4,City or Municipal Highway Agency,6,Local Street - Municipality,NE HALSEY ST,NE 122ND AVE,0,None,45.53360278,45.53360278,-122.537491670,-122.537491670,0,No Special Jurisdiction,15,Non-Motorist on Personal Conveyance,0,The First Harmful Event was Not a Collision with a Motor Vehicle in Transport,0,No,3,Intersection-Related,2,Four-Way Intersection,0,None,,,1,On Roadway,1,Daylight,,,,,1,Clear,0,No,0000000,Not Applicable,99,Unknown,99,Unknown,99,Unknown EMS Scene Arrival Hour,99,Unknown EMS Scene Arrival Minutes,99,Unknown,99,Unknown EMS Hospital Arrival Time,,,,,,,1,
2021,41,410491,Oregon,1,1,0,1,1,1,1,51,MULTNOMAH (51),1650,PORTLAND,24,24,4,April,2021,7,Saturday,23,11:00pm-11:59pm,12,12,1,This section IS ON the NHS,2,Urban,3,Principal Arterial - Other,1,State Highway Agency,3,State Highway,SR-213 ODOT 68,,4,4,45.55933889,45.55933889,-122.578627780,-122.578627780,0,No Special Jurisdiction,8,Pedestrian,0,The First Harmful Event was Not a Collision with a Motor Vehicle in Transport,0,No,1,Non-Junction,1,Not an Intersection,0,None,,,1,On Roadway,3,Dark - Lighted,,,,,10,Cloudy,0,No,0000000,Not Applicable,99,Unknown,99,Unknown,99,Unknown EMS Scene Arrival Hour,99,Unknown EMS Scene Arrival Minutes,88,"Not Applicable (Not Transported) ",88,Not Applicable (Not Transported),,,,,,,1,
2021,41,410492,Oregon,1,1,0,2,2,1,1,31,JEFFERSON (31),0,NOT APPLICABLE,2,2,5,May,2021,1,Sunday,1,1:00am-1:59am,34,34,0,This section IS NOT on the NHS,1,Rural,7,Local,2,County Highway Agency,4,County Road,CR-TOMMIE ST,,0,None,44.78174167,44.78174167,-121.254802780,-121.254802780,0,No Special Jurisdiction,8,Pedestrian,0,The First Harmful Event was Not a Collision with a Motor Vehicle in Transport,0,No,1,Non-Junction,1,Not an Intersection,0,None,,,98,Not Reported,6,Dark - Unknown Lighting,,,,,98,Not Reported,0,No,0000000,Not Applicable,99,Unknown,99,Unknown,99,Unknown EMS Scene Arrival Hour,99,Unknown EMS Scene Arrival Minutes,88,"Not Applicable (Not Transported) ",88,Not Applicable (Not Transported),,,,,,,1,
2021,41,410493,Oregon,1,1,0,0,0,2,2,51,MULTNOMAH (51),1650,PORTLAND,6,6,5,May,2021,5,Thursday,23,11:00pm-11:59pm,42,42,1,This section IS ON the NHS,2,Urban,3,Principal Arterial - Other,1,State Highway Agency,3,State Highway,SR-30 ODOT 123,,113,113,45.55933333,45.55933333,-122.560397220,-122.560397220,0,No Special Jurisdiction,30,Utility Pole/Light Support,0,The First Harmful Event was Not a Collision with a Motor Vehicle in Transport,0,No,1,Non-Junction,1,Not an Intersection,0,None,,,4,On Roadside,3,Dark - Lighted,,,,,1,Clear,0,No,0000000,Not Applicable,23,11:00pm-11:59pm,42,42,23,11:00pm-11:59pm,48,48,99,Unknown,99,Unknown EMS Hospital Arrival Time,,,,,,,1,
2021,41,410494,Oregon,1,1,0,1,1,1,1,51,MULTNOMAH (51),1650,PORTLAND,8,8,5,May,2021,7,Saturday,0,0:00am-0:59am,33,33,1,This section IS ON the NHS,2,Urban,3,Principal Arterial - Other,1,State Highway Agency,3,State Highway,SR-30 ODOT 123,NE 149TH AVE,139,139,45.55206389,45.55206389,-122.508336110,-122.508336110,0,No Special Jurisdiction,15,Non-Motorist on Personal Conveyance,0,The First Harmful Event was Not a Collision with a Motor Vehicle in Transport,0,No,2,Intersection,3,T-Intersection,0,None,,,1,On Roadway,3,Dark - Lighted,,,,,10,Cloudy,0,No,0000000,Not Applicable,0,0:00am-0:59am,34,34,0,0:00am-0:59am,39,39,88,"Not Applicable (Not Transported) ",88,Not Applicable (Not Transported),,,,,,,1,
2021,41,410496,Oregon,2,2,0,0,0,2,2,51,MULTNOMAH (51),880,GRESHAM,14,14,6,June,2021,2,Monday,20,8:00pm-8:59pm,55,55,0,This section IS NOT on the NHS,2,Urban,4,Minor Arterial,4,City or Municipal Highway Agency,6,Local Street - Municipality,SE STARK ST,SE 194TH AVE,0,None,45.51917222,45.51917222,-122.463236110,-122.463236110,0,No Special Jurisdiction,12,Motor Vehicle In-Transport,6,Angle,0,No,2,Intersection,3,T-Intersection,0,None,,,1,On Roadway,1,Daylight,,,,,1,Clear,0,No,0000000,Not Applicable,20,8:00pm-8:59pm,55,55,20,8:00pm-8:59pm,59,59,99,Unknown,99,Unknown EMS Hospital Arrival Time,,,,,,,1,
2021,41,410497,Oregon,1,1,0,1,1,1,1,51,MULTNOMAH (51),1650,PORTLAND,14,14,6,June,2021,2,Monday,23,11:00pm-11:59pm,30,30,0,This section IS NOT on the NHS,2,Urban,5,Major Collector,4,City or Municipal Highway Agency,6,Local Street - Municipality,NE MARINE DR,,0,None,45.60066944,45.60066944,-122.653400000,-122.653400000,0,No Special Jurisdiction,8,Pedestrian,0,The First Harmful Event was Not a Collision with a Motor Vehicle in Transport,0,No,1,Non-Junction,1,Not an Intersection,0,None,,,1,On Roadway,8,Not Reported,,,,,10,Cloudy,0,No,0000000,Not Applicable,23,11:00pm-11:59pm,37,37,23,11:00pm-11:59pm,43,43,88,"Not Applicable (Not Transported) ",88,Not Applicable (Not Transported),,,,,,,1,
2021,41,410498,Oregon,1,1,0,1,1,2,2,17,DESCHUTES (17),190,BEND,20,20,6,June,2021,1,Sunday,19,7:00pm-7:59pm,2,2,0,This section IS NOT on the NHS,2,Urban,7,Local,4,City or Municipal Highway Agency,6,Local Street - Municipality,NE WELLS ACRES RD,,0,None,44.07943333,44.07943333,-121.259166670,-121.259166670,0,No Special Jurisdiction,8,Pedestrian,0,The First Harmful Event was Not a Collision with a Motor Vehicle in Transport,0,No,1,Non-Junction,1,Not an Intersection,0,None,,,1,On Roadway,1,Daylight,,,,,1,Clear,0,No,0000000,Not Applicable,19,7:00pm-7:59pm,4,4,19,7:00pm-7:59pm,9,9,99,Unknown,99,Unknown EMS Hospital Arrival Time,,,,,,,1,
2021,41,410499,Oregon,2,2,0,0,0,2,2,51,MULTNOMAH (51),1650,PORTLAND,27,27,6,June,2021,1,Sunday,0,0:00am-0:59am,37,37,1,This section IS ON the NHS,2,Urban,3,Principal Arterial - Other,4,City or Municipal Highway Agency,6,Local Street - Municipality,NE HALSEY ST,NE 148TH AVE,0,None,45.53364167,45.53364167,-122.509100000,-122.509100000,0,No Special Jurisdiction,12,Motor Vehicle In-Transport,6,Angle,0,No,2,Intersection,2,Four-Way Intersection,0,None,,,1,On Roadway,6,Dark - Unknown Lighting,,,,,98,Not Reported,0,No,0000000,Not Applicable,0,0:00am-0:59am,39,39,0,0:00am-0:59am,45,45,1,1:00am-1:59am,9,9,,,,,,,1,
2021,41,410500,Oregon,2,2,0,0,0,3,3,51,MULTNOMAH (51),1650,PORTLAND,1,1,7,July,2021,5,Thursday,12,12:00pm-12:59pm,28,28,1,This section IS ON the NHS,2,Urban,3,Principal Arterial - Other,1,State Highway Agency,3,State Highway,SR-30 ODOT 123,NE 162ND AVE,145,145,45.54951667,45.54951667,-122.495922220,-122.495922220,0,No Special Jurisdiction,12,Motor Vehicle In-Transport,6,Angle,0,No,2,Intersection,3,T-Intersection,0,None,,,1,On Roadway,1,Daylight,,,,,98,Not Reported,0,No,0000000,Not Applicable,99,Unknown,99,Unknown,99,Unknown EMS Scene Arrival Hour,99,Unknown EMS Scene Arrival Minutes,88,"Not Applicable (Not Transported) ",88,Not Applicable (Not Transported),,,,,,,1,
2021,41,410501,Oregon,2,2,0,0,0,5,5,67,WASHINGTON (67),1000,HILLSBORO,4,4,7,July,2021,1,Sunday,22,10:00pm-10:59pm,26,26,1,This section IS ON the NHS,2,Urban,3,Principal Arterial - Other,4,City or Municipal Highway Agency,6,Local Street - Municipality,SW 185TH AVE,SE EDGEWAY DR,0,None,45.51776111,45.51776111,-122.867555560,-122.867555560,0,No Special Jurisdiction,12,Motor Vehicle In-Transport,2,Front-to-Front,0,No,2,Intersection,2,Four-Way Intersection,0,None,,,1,On Roadway,3,Dark - Lighted,,,,,1,Clear,0,No,0000000,Not Applicable,22,10:00pm-10:59pm,27,27,22,10:00pm-10:59pm,51,51,23,11:00pm-11:59pm,13,13,,,,,,,1,