caseyear,state,st_case,statename,ve_total,ve_forms,pvh_invl,peds,pernotmvit,permvit,persons,county,countyname,city,cityname,day,dayname,month,monthname,year,day_week,day_weekname,hour,hourname,minute,minutename,nhs,nhsname,rur_urb,rur_urbname,func_sys,func_sysname,rd_owner,rd_ownername,route,routename,tway_id,tway_id2,milept,mileptname,latitude,latitudename,longitud,longitudname,sp_jur,sp_jurname,harm_ev,harm_evname,man_coll,man_collname,reljct1,reljct1name,reljct2,reljct2name,typ_int,typ_intname,wrk_zone,wrk_zonename,road_fnc,road_fncname,rel_road,rel_roadname,lgt_cond,lgt_condname,weather1,weather1name,weather2,weather2name,weather,weathername,sch_bus,sch_busname,rail,railname,not_hour,not_hourname,not_min,not_minname,arr_hour,arr_hourname,arr_min,arr_minname,hosp_hr,hosp_hrname,hosp_mn,hosp_mnname,cf1,cf1name,cf2,cf2name,cf3,cf3name,fatals,drunk_dr
2022,41,410014,Oregon,1,1,0,1,1,1,1,39,LANE (39),1550,OAKRIDGE,15,15,1,January,2022,7,Saturday,18,6:00pm-6:59pm,37,37,1,This section IS ON the NHS,1,Rural,3,Principal Arterial - Other,1,State Highway Agency,3,State Highway,SR-58 ODOT 18,,347,347,43.74637222,43.74637222,-122.481177780,-122.48117778,0,No Special Jurisdiction,8,Pedestrian,0,The First Harmful Event was Not a Collision with a Motor Vehicle in Transport,0,No,1,Non-Junction,1,Not an Intersection,0,None,,,1,On Roadway,3,Dark - Lighted,,,,,5,"Fog, Smog, Smoke",0,No,0000000,Not Applicable,99,Unknown,99,Unknown,18,6:00pm-6:59pm,45,45,99,Unknown,99,Unknown EMS Hospital Arrival Time,,,,,,,1,
2022,41,410015,Oregon,1,1,0,1,1,2,2,1,BAKER (1),0,NOT APPLICABLE,16,16,1,January,2022,1,Sunday,0,0:00am-0:59am,10,10,1,This section IS ON the NHS,1,Rural,1,Interstate,1,State Highway Agency,1,Interstate,I-84,,2953,2953,44.90998333,44.90998333,-117.819336110,-117.81933611,0,No Special Jurisdiction,8,Pedestrian,0,The First Harmful Event was Not a Collision with a Motor Vehicle in Transport,0,No,1,Non-Junction,1,Not an Intersection,0,None,,,1,On Roadway,2,Dark - Not Lighted,,,,,1,Clear,0,No,0000000,Not Applicable,0,0:00am-0:59am,13,13,0,0:00am-0:59am,26,26,0,0:00am-0:59am,53,53,,,,,,,1,
2022,41,410016,Oregon,1,1,0,1,1,1,1,5,CLACKAMAS (5),1580,OREGON CITY,16,16,1,January,2022,1,Sunday,7,7:00am-7:59am,38,38,0,This section IS NOT on the NHS,2,Urban,4,Minor Arterial,1,State Highway Agency,3,State Highway,SR-99E ODOT 81,,140,140,45.34307500,45.34307500,-122.632833330,-122.63283333,0,No Special Jurisdiction,8,Pedestrian,0,The First Harmful Event was Not a Collision with a Motor Vehicle in Transport,0,No,1,Non-Junction,1,Not an Intersection,0,None,,,98,Not Reported,8,Not Reported,,,,,5,"Fog, Smog, Smoke",0,No,0000000,Not Applicable,99,Unknown,99,Unknown,99,Unknown EMS Scene Arrival Hour,99,Unknown EMS Scene Arrival Minutes,88,"Not Applicable (Not Transported) ",88,Not Applicable (Not Transported),,,,,,,1,
2022,41,410017,Oregon,2,2,0,0,0,3,3,31,JEFFERSON (31),0,NOT APPLICABLE,17,17,1,January,2022,2,Monday,10,10:00am-10:59am,34,34,0,This section IS NOT on the NHS,2,Urban,5,Major Collector,1,State Highway Agency,3,State Highway,SR-361 ODOT 361,,25,25,44.60482778,44.60482778,-121.153658330,-121.15365833,0,No Special Jurisdiction,12,Motor Vehicle In-Transport,2,Front-to-Front,0,No,1,Non-Junction,1,Not an Intersection,0,None,,,1,On Roadway,1,Daylight,,,,,10,Cloudy,0,No,0000000,Not Applicable,10,10:00am-10:59am,34,34,10,10:00am-10:59am,37,37,11,11:00am-11:59am,1,1,,,,,,,1,
2022,41,410018,Oregon,3,3,0,1,1,4,4,17,DESCHUTES (17),0,NOT APPLICABLE,19,19,1,January,2022,4,Wednesday,21,9:00pm-9:59pm,22,22,1,This section IS ON the NHS,1,Rural,3,Principal Arterial - Other,1,State Highway Agency,2,U.S. Highway,US-97 ODOT 4,,1282,1282,44.18781667,44.18781667,-121.238783330,-121.23878333,0,No Special Jurisdiction,8,Pedestrian,0,The First Harmful Event was Not a Collision with a Motor Vehicle in Transport,0,No,1,Non-Junction,1,Not an Intersection,0,None,,,1,On Roadway,2,Dark - Not Lighted,,,,,1,Clear,0,No,0000000,Not Applicable,99,Unknown,99,Unknown,99,Unknown EMS Scene Arrival Hour,99,Unknown EMS Scene Arrival Minutes,88,"Not Applicable (Not Transported) ",88,Not Applicable (Not Transported),,,,,,,1,
2022,41,410019,Oregon,1,1,0,0,0,1,1,43,LINN (43),0,NOT APPLICABLE,19,19,1,January,2022,4,Wednesday,16,4:00pm-4:59pm,18,18,1,This section IS ON the NHS,1,Rural,3,Principal Arterial - Other,1,State Highway Agency,2,U.S. Highway,US-20 ODOT 16,,342,342,44.40752500,44.40752500,-122.605602780,-122.60560278,0,No Special Jurisdiction,34,Ditch,0,The First Harmful Event was Not a Collision with a Motor Vehicle in Transport,0,No,1,Non-Junction,1,Not an Intersection,0,None,,,4,On Roadside,5,Dusk,,,,,2,Rain,0,No,0000000,Not Applicable,16,4:00pm-4:59pm,20,20,16,4:00pm-4:59pm,31,31,88,"Not Applicable (Not Transported) ",88,Not Applicable (Not Transported),,,,,,,1,
2022,41,410020,Oregon,2,2,0,0,0,5,5,51,MULTNOMAH (51),1650,PORTLAND,20,20,1,January,2022,5,Thursday,23,11:00pm-11:59pm,30,30,1,This section IS ON the NHS,2,Urban,3,Principal Arterial - Other,1,State Highway Agency,3,State Highway,SR-99E ODOT 81,SE HOLGATE BLVD,23,23,45.49033333,45.49033333,-122.653961110,-122.65396111,0,No Special Jurisdiction,12,Motor Vehicle In-Transport,6,Angle,0,No,2,Intersection,2,Four-Way Intersection,0,None,,,1,On Roadway,3,Dark - Lighted,,,,,1,Clear,0,No,0000000,Not Applicable,23,11:00pm-11:59pm,33,33,23,11:00pm-11:59pm,38,38,0,0:00am-0:59am,0,0,,,,,,,1,
2022,41,410021,Oregon,1,1,0,1,1,1,1,51,MULTNOMAH (51),1650,PORTLAND,22,22,1,January,2022,7,Saturday,19,7:00pm-7:59pm,4,4,1,This section IS ON the NHS,2,Urban,3,Principal Arterial - Other,1,State Highway Agency,2,U.S. Highway,US-26 ODOT 26,,91,91,45.49513056,45.49513056,-122.498383330,-122.49838333,0,No Special Jurisdiction,8,Pedestrian,0,The First Harmful Event was Not a Collision with a Motor Vehicle in Transport,0,No,1,Non-Junction,1,Not an Intersection,0,None,,,1,On Roadway,3,Dark - Lighted,,,,,1,Clear,0,No,0000000,Not Applicable,19,7:00pm-7:59pm,4,4,19,7:00pm-7:59pm,4,4,88,"Not Applicable (Not Transported) ",88,Not Applicable (Not Transported),,,,,,,1,
2022,41,410022,Oregon,4,4,0,0,0,8,8,53,POLK (53),0,NOT APPLICABLE,22,22,1,January,2022,7,Saturday,17,5:00pm-5:59pm,40,40,1,This section IS ON the NHS,1,Rural,3,Principal Arterial - Other,1,State Highway Agency,3,State Highway,SR-18 ODOT 39,,167,167,45.06084722,45.06084722,-123.694691670,-123.69469167,0,No Special Jurisdiction,12,Motor Vehicle In-Transport,2,Front-to-Front,0,No,1,Non-Junction,1,Not an Intersection,0,None,,,1,On Roadway,5,Dusk,,,,,1,Clear,0,No,0000000,Not Applicable,17,5:00pm-5:59pm,41,41,17,5:00pm-5:59pm,48,48,99,Unknown,99,Unknown EMS Hospital Arrival Time,,,,,,,1,
2022,41,410023,Oregon,1,1,0,0,0,1,1,29,JACKSON (29),0,NOT APPLICABLE,23,23,1,January,2022,1,Sunday,17,5:00pm-5:59pm,45,45,0,This section IS NOT on the NHS,1,Rural,7,Local,2,County Highway Agency,4,County Road,CR-SAVAGE CREEK RD,,6,6,42.41081667,42.41081667,-123.219702780,-123.21970278,0,No Special Jurisdiction,34,Ditch,0,The First Harmful Event was Not a Collision with a Motor Vehicle in Transport,0,No,1,Non-Junction,1,Not an Intersection,0,None,,,4,On Roadside,2,Dark - Not Lighted,,,,,1,Clear,0,No,0000000,Not Applicable,17,5:00pm-5:59pm,47,47,17,5:00pm-5:59pm,58,58,88,"Not Applicable (Not Transported) ",88,Not Applicable (Not Transported),,,,,,,1,
2022,41,410024,Oregon,2,2,0,0,0,2,2,33,JOSEPHINE (33),0,NOT APPLICABLE,24,24,1,January,2022,2,Monday,12,12:00pm-12:59pm,45,45,1,This section IS ON the NHS,1,Rural,3,Principal Arterial - Other,1,State Highway Agency,2,U.S. Highway,US-99 ODOT 25,,103,103,42.37500000,42.37500000,-123.499522220,-123.49952222,0,No Special Jurisdiction,12,Motor Vehicle In-Transport,2,Front-to-Front,0,No,1,Non-Junction,1,Not an Intersection,0,None,,,1,On Roadway,1,Daylight,,,,,1,Clear,0,No,0000000,Not Applicable,12,12:00pm-12:59pm,47,47,12,12:00pm-12:59pm,58,58,14,2:00pm-2:59pm,20,20,,,,,,,1,
2022,41,410025,Oregon,2,2,0,0,0,2,2,3,BENTON (3),0,NOT APPLICABLE,24,24,1,January,2022,2,Monday,7,7:00am-7:59am,41,41,0,This section IS NOT on the NHS,2,Urban,4,Minor Arterial,2,County Highway Agency,4,County Road,CR-WEST HILLS RD,,21,21,44.55557500,44.55557500,-123.354011110,-123.35401111,0,No Special Jurisdiction,12,Motor Vehicle In-Transport,2,Front-to-Front,0,No,1,Non-Junction,1,Not an Intersection,0,None,,,1,On Roadway,1,Daylight,,,,,5,"Fog, Smog, Smoke",0,No,0000000,Not Applicable,7,7:00am-7:59am,41,41,7,7:00am-7:59am,50,50,8,8:00am-8:59am,18,18,,,,,,,1,
2022,41,410026,Oregon,1,1,0,0,0,1,1,29,JACKSON (29),1630,PHOENIX,24,24,1,January,2022,2,Monday,0,0:00am-0:59am,25,25,1,This section IS ON the NHS,2,Urban,1,Interstate,1,State Highway Agency,1,Interstate,I-5,,236,236,42.27251111,42.27251111,-122.805802780,-122.80580278,0,No Special Jurisdiction,1,Rollover/Overturn,0,The First Harmful Event was Not a Collision with a Motor Vehicle in Transport,0,No,1,Non-Junction,1,Not an Intersection,0,None,,,4,On Roadside,2,Dark - Not Lighted,,,,,1,Clear,0,No,0000000,Not Applicable,99,Unknown,99,Unknown,99,Unknown EMS Scene Arrival Hour,99,Unknown EMS Scene Arrival Minutes,99,Unknown,99,Unknown EMS Hospital Arrival Time,,,,,,,1,
2022,41,410027,Oregon,2,2,0,0,0,3,3,53,POLK (53),0,NOT APPLICABLE,24,24,1,January,2022,2,Monday,19,7:00pm-7:59pm,38,38,1,This section IS ON the NHS,1,Rural,3,Principal Arterial - Other,1,State Highway Agency,3,State Highway,SR-18 ODOT 39,,155,155,45.07039167,45.07039167,-123.712266670,-123.71226667,0,No Special Jurisdiction,12,Motor Vehicle In-Transport,2,Front-to-Front,0,No,1,Non-Junction,1,Not an Intersection,0,None,,,1,On Roadway,2,Dark - Not Lighted,,,,,5,"Fog, Smog, Smoke",0,No,0000000,Not Applicable,19,7:00pm-7:59pm,41,41,19,7:00pm-7:59pm,51,51,99,Unknown,99,Unknown EMS Hospital Arrival Time,,,,,,,1,
2022,41,410029,Oregon,2,2,0,0,0,2,2,5,CLACKAMAS (5),0,NOT APPLICABLE,28,28,1,January,2022,6,Friday,0,0:00am-0:59am,29,29,1,This section IS ON the NHS,2,Urban,3,Principal Arterial - Other,1,State Highway Agency,3,State Highway,SR-99E ODOT 81,,94,94,45.39561389,45.39561389,-122.616197220,-122.61619722,0,No Special Jurisdiction,12,Motor Vehicle In-Transport,1,Front-to-Rear,0,No,1,Non-Junction,1,Not an Intersection,0,None,,,1,On Roadway,3,Dark - Lighted,,,,,1,Clear,0,No,0000000,Not Applicable,0,0:00am-0:59am,29,29,0,0:00am-0:59am,34,34,88,"Not Applicable (Not Transported) ",88,Not Applicable (Not Transported),,,,,,,1,
2022,41,410030,Oregon,1,1,0,0,0,1,1,47,MARION (47),0,NOT APPLICABLE,28,28,1,January,2022,6,Friday,13,1:00pm-1:59pm,20,20,0,This section IS NOT on the NHS,1,Rural,4,Minor Arterial,1,State Highway Agency,3,State Highway,SR-99E ODOT 81,,342,342,45.12044444,45.12044444,-122.859047220,-122.85904722,0,No Special Jurisdiction,43,Other Fixed Object,0,The First Harmful Event was Not a Collision with a Motor Vehicle in Transport,0,No,1,Non-Junction,1,Not an Intersection,0,None,,,4,On Roadside,1,Daylight,,,,,1,Clear,0,No,0000000,Not Applicable,13,1:00pm-1:59pm,23,23,13,1:00pm-1:59pm,35,35,88,"Not Applicable (Not Transported) ",88,Not Applicable (Not Transported),,,,,,,1,
2022,41,410031,Oregon,2,2,0,0,0,3,3,43,LINN (43),0,NOT APPLICABLE,29,29,1,January,2022,7,Saturday,10,10:00am-10:59am,5,5,1,This section IS ON the NHS,1,Rural,3,Principal Arterial - Other,1,State Highway Agency,3,State Highway,SR-34 ODOT 210,CR-SEVEN MILE LN,107,107,44.55570556,44.55570556,-123.049119440,-123.04911944,0,No Special Jurisdiction,12,Motor Vehicle In-Transport,6,Angle,0,No,2,Intersection,2,Four-Way Intersection,0,None,,,1,On Roadway,1,Daylight,,,,,5,"Fog, Smog, Smoke",0,No,0000000,Not Applicable,10,10:00am-10:59am,5,5,10,10:00am-10:59am,14,14,10,10:00am-10:59am,40,40,,,,,,,1,
2022,41,410033,Oregon,1,1,0,1,1,1,1,51,MULTNOMAH (51),1650,PORTLAND,29,29,1,January,2022,7,Saturday,21,9:00pm-9:59pm,13,13,1,This section IS ON the NHS,2,Urban,3,Principal Arterial - Other,4,City or Municipal Highway Agency,6,Local Street - Municipality,SE DIVISION ST,,0,None,45.50427500,45.50427500,-122.558394440,-122.55839444,0,No Special Jurisdiction,8,Pedestrian,0,The First Harmful Event was Not a Collision with a Motor Vehicle in Transport,0,No,1,Non-Junction,1,Not an Intersection,0,None,,,1,On Roadway,3,Dark - Lighted,,,,,1,Clear,0,No,0000000,Not Applicable,21,9:00pm-9:59pm,13,13,21,9:00pm-9:59pm,16,16,88,"Not Applicable (Not Transported) ",88,Not Applicable (Not Transported),,,,,,,1,
2022,41,410035,Oregon,1,1,0,1,1,1,1,43,LINN (43),0,NOT APPLICABLE,30,30,1,January,2022,1,Sunday,19,7:00pm-7:59pm,42,42,1,This section IS ON the NHS,1,Rural,3,Principal Arterial - Other,1,State Highway Agency,3,State Highway,SR-34 ODOT 210,,149,149,44.54493611,44.54493611,-122.963586110,-122.96358611,0,No Special Jurisdiction,8,Pedestrian,0,The First Harmful Event was Not a Collision with a Motor Vehicle in Transport,0,No,1,Non-Junction,1,Not an Intersection,0,None,,,1,On Roadway,2,Dark - Not Lighted,,,,,2,Rain,0,No,0000000,Not Applicable,99,Unknown,99,Unknown,99,Unknown EMS Scene Arrival Hour,99,Unknown EMS Scene Arrival Minutes,88,"Not Applicable (Not Transported) ",88,Not Applicable (Not Transported),,,,,,,1,
2022,41,410036,Oregon,2,2,0,0,0,2,2,71,YAMHILL (71),0,NOT APPLICABLE,31,31,1,January,2022,2,Monday,15,3:00pm-3:59pm,0,0,0,This section IS NOT on the NHS,1,Rural,5,Major Collector,1,State Highway Agency,3,State Highway,SR-153 ODOT 153,,123,123,45.10732222,45.10732222,-123.103008330,-123.10300833,0,No Special Jurisdiction,12,Motor Vehicle In-Transport,2,Front-to-Front,0,No,1,Non-Junction,1,Not an Intersection,0,None,,,1,On Roadway,1,Daylight,,,,,1,Clear,0,No,0000000,Not Applicable,15,3:00pm-3:59pm,1,1,15,3:00pm-3:59pm,13,13,16,4:00pm-4:59pm,31,31,,,,,,,1,
2022,41,410037,Oregon,1,1,0,1,1,1,1,51,MULTNOMAH (51),1650,PORTLAND,31,31,1,January,2022,2,Monday,20,8:00pm-8:59pm,18,18,1,This section IS ON the NHS,2,Urban,1,Interstate,1,State Highway Agency,1,Interstate,I-5,,3076,3076,45.60889444,45.60889444,-122.680788890,-122.68078889,0,No Special Jurisdiction,8,Pedestrian,0,The First Harmful Event was Not a Collision with a Motor Vehicle in Transport,0,No,1,Non-Junction,1,Not an Intersection,0,None,,,1,On Roadway,3,Dark - Lighted,,,,,10,Cloudy,0,No,0000000,Not Applicable,20,8:00pm-8:59pm,21,21,20,8:00pm-8:59pm,25,25,88,"Not Applicable (Not Transported) ",88,Not Applicable (Not Transported),,,,,,,1,
2022,41,410038,Oregon,1,1,0,0,0,1,1,17,DESCHUTES (17),0,NOT APPLICABLE,31,31,1,January,2022,2,Monday,18,6:00pm-6:59pm,56,56,0,This section IS NOT on the NHS,1,Rural,5,Major Collector,2,County Highway Agency,4,County Road,CR-JOHNSON RANCH RD,,0,None,44.13058611,44.13058611,-121.027275000,-121.02727500,0,No Special Jurisdiction,35,Embankment,0,The First Harmful Event was Not a Collision with a Motor Vehicle in Transport,0,No,1,Non-Junction,1,Not an Intersection,0,None,,,4,On Roadside,2,Dark - Not Lighted,,,,,1,Clear,0,No,0000000,Not Applicable,18,6:00pm-6:59pm,57,57,19,7:00pm-7:59pm,14,14,88,"Not Applicable (Not Transported) ",88,Not Applicable (Not Transported),,,,,,,1,
2022,41,410039,Oregon,1,1,0,1,1,1,1,39,LANE (39),0,NOT APPLICABLE,1,1,2,February,2022,3,Tuesday,20,8:00pm-8:59pm,42,42,1,This section IS ON the NHS,2,Urban,1,Interstate,1,State Highway Agency,1,Interstate,I-5,,1911,1911,44.03017222,44.03017222,-123.029997220,-123.02999722,0,No Special Jurisdiction,8,Pedestrian,0,The First Harmful Event was Not a Collision with a Motor Vehicle in Transport,0,No,1,Non-Junction,1,Not an Intersection,0,None,,,2,On Shoulder,2,Dark - Not Lighted,,,,,10,Cloudy,0,No,0000000,Not Applicable,20,8:00pm-8:59pm,42,42,20,8:00pm-8:59pm,42,42,88,"Not Applicable (Not Transported) ",88,Not Applicable (Not Transported),,,,,,,1,
2022,41,410040,Oregon,1,1,0,0,0,1,1,25,HARNEY (25),0,NOT APPLICABLE,4,4,2,February,2022,6,Friday,13,1:00pm-1:59pm,57,57,1,This section IS ON the NHS,1,Rural,3,Principal Arterial - Other,1,State Highway Agency,2,U.S. Highway,US-20 ODOT 7,,1133,1133,43.53458889,43.53458889,-119.341958330,-119.34195833,0,No Special Jurisdiction,34,Ditch,0,The First Harmful Event was Not a Collision with a Motor Vehicle in Transport,0,No,1,Non-Junction,1,Not an Intersection,0,None,,,4,On Roadside,1,Daylight,,,,,1,Clear,0,No,0000000,Not Applicable,99,Unknown,99,Unknown,14,2:00pm-2:59pm,22,22,88,"Not Applicable (Not Transported) ",88,Not Applicable (Not Transported),,,,,,,1,
2022,41,410041,Oregon,1,1,0,0,0,1,1,51,MULTNOMAH (51),1650,PORTLAND,5,5,2,February,2022,7,Saturday,1,1:00am-1:59am,29,29,1,This section IS ON the NHS,2,Urban,1,Interstate,1,State Highway Agency,1,Interstate,I-5,,2975,2975,45.46998889,45.46998889,-122.683094440,-122.68309444,0,No Special Jurisdiction,25,Concrete Traffic Barrier,0,The First Harmful Event was Not a Collision with a Motor Vehicle in Transport,0,No,1,Non-Junction,1,Not an Intersection,0,None,,,3,On Median,3,Dark - Lighted,,,,,10,Cloudy,0,No,0000000,Not Applicable,99,Unknown,99,Unknown,99,Unknown EMS Scene Arrival Hour,99,Unknown EMS Scene Arrival Minutes,88,"Not Applicable (Not Transported) ",88,Not Applicable (Not Transported),,,,,,,1,
2022,41,410042,Oregon,7,7,0,0,0,8,8,47,MARION (47),1810,SALEM,7,7,2,February,2022,2,Monday,7,7:00am-7:59am,21,21,0,This section IS NOT on the NHS,2,Urban,4,Minor Arterial,4,City or Municipal Highway Agency,6,Local Street - Municipality,OWENS ST S,,0,None,44.93024722,44.93024722,-123.044763890,-123.04476389,0,No Special Jurisdiction,12,Motor Vehicle In-Transport,1,Front-to-Rear,0,No,1,Non-Junction,1,Not an Intersection,0,None,,,1,On Roadway,1,Daylight,,,,,1,Clear,0,No,0000000,Not Applicable,7,7:00am-7:59am,21,21,7,7:00am-7:59am,25,25,99,Unknown,99,Unknown EMS Hospital Arrival Time,,,,,,,1,
2022,41,410043,Oregon,1,1,0,0,0,1,1,37,LAKE (37),0,NOT APPLICABLE,8,8,2,February,2022,3,Tuesday,16,4:00pm-4:59pm,51,51,0,This section IS NOT on the NHS,1,Rural,4,Minor Arterial,1,State Highway Agency,3,State Highway,SR-31 ODOT 19,,653,653,43.02434722,43.02434722,-120.781105560,-120.78110556,0,No Special Jurisdiction,42,Tree (Standing Only),0,The First Harmful Event was Not a Collision with a Motor Vehicle in Transport,0,No,1,Non-Junction,1,Not an Intersection,0,None,,,4,On Roadside,1,Daylight,,,,,1,Clear,0,No,0000000,Not Applicable,16,4:00pm-4:59pm,53,53,17,5:00pm-5:59pm,5,5,88,"Not Applicable (Not Transported) ",88,Not Applicable (Not Transported),,,,,,,1,
2022,41,410044,Oregon,2,2,0,0,0,4,4,3,BENTON (3),0,NOT APPLICABLE,8,8,2,February,2022,3,Tuesday,14,2:00pm-2:59pm,16,16,0,This section IS NOT on the NHS,1,Rural,4,Minor Arterial,1,State Highway Agency,3,State Highway,SR-99 ODOT 91,,968,968,44.37388611,44.37388611,-123.289191670,-123.28919167,0,No Special Jurisdiction,12,Motor Vehicle In-Transport,2,Front-to-Front,0,No,1,Non-Junction,1,Not an Intersection,0,None,,,1,On Roadway,1,Daylight,,,,,10,Cloudy,0,No,0000000,Not Applicable,14,2:00pm-2:59pm,19,19,14,2:00pm-2:59pm,26,26,88,"Not Applicable (Not Transported) ",88,Not Applicable (Not Transported),,,,,,,3,
2022,41,410045,Oregon,2,1,1,0,0,1,1,29,JACKSON (29),0,NOT APPLICABLE,30,30,1,January,2022,1,Sunday,20,8:00pm-8:59pm,28,28,0,This section IS NOT on the NHS,2,Urban,7,Local,2,County Highway Agency,4,County Road,CR-THUNDERHEAD AVE,,0,None,42.43290833,42.43290833,-122.829683330,-122.82968333,0,No Special Jurisdiction,14,Parked Motor Vehicle,0,The First Harmful Event was Not a Collision with a Motor Vehicle in Transport,0,No,1,Non-Junction,1,Not an Intersection,0,None,,,2,On Shoulder,3,Dark - Lighted,,,,,1,Clear,0,No,0000000,Not Applicable,20,8:00pm-8:59pm,30,30,99,Unknown EMS Scene Arrival Hour,99,Unknown EMS Scene Arrival Minutes,88,"Not Applicable (Not Transported) ",88,Not Applicable (Not Transported),,,,,,,1,
2022,41,410046,Oregon,1,1,0,1,1,1,1,19,DOUGLAS (19),0,NOT APPLICABLE,9,9,2,February,2022,4,Wednesday,18,6:00pm-6:59pm,20,20,1,This section IS ON the NHS,1,Rural,1,Interstate,1,State Highway Agency,1,Interstate,I-5,,1606,1606,43.68623333,43.68623333,-123.200075000,-123.20007500,0,No Special Jurisdiction,8,Pedestrian,0,The First Harmful Event was Not a Collision with a Motor Vehicle in Transport,0,No,1,Non-Junction,1,Not an Intersection,0,None,,,1,On Roadway,2,Dark - Not Lighted,,,,,10,Cloudy,0,No,0000000,Not Applicable,18,6:00pm-6:59pm,20,20,18,6:00pm-6:59pm,29,29,88,"Not Applicable (Not Transported) ",88,Not Applicable (Not Transported),,,,,,,1,
2022,41,410047,Oregon,1,1,0,0,0,1,1,33,JOSEPHINE (33),0,NOT APPLICABLE,9,9,2,February,2022,4,Wednesday,17,5:00pm-5:59pm,25,25,0,This section IS NOT on the NHS,1,Rural,5,Major Collector,2,County Highway Agency,4,County Road,CR-FISH HATCHERY RD,,45,45,42.36790556,42.36790556,-123.448630560,-123.44863056,0,No Special Jurisdiction,52,Guardrail End,0,The First Harmful Event was Not a Collision with a Motor Vehicle in Transport,0,No,1,Non-Junction,1,Not an Intersection,0,None,,,4,On Roadside,1,Daylight,,,,,1,Clear,0,No,0000000,Not Applicable,17,5:00pm-5:59pm,25,25,99,Unknown EMS Scene Arrival Hour,99,Unknown EMS Scene Arrival Minutes,88,"Not Applicable (Not Transported) ",88,Not Applicable (Not Transported),,,,,,,1,
2022,41,410048,Oregon,1,1,0,1,1,1,1,71,YAMHILL (71),1260,MCMINNVILLE,26,26,1,January,2022,4,Wednesday,7,7:00am-7:59am,56,56,0,This section IS NOT on the NHS,2,Urban,5,Major Collector,4,City or Municipal Highway Agency,6,Local Street - Municipality,NE RIVERSDIE DR,,0,None,45.21648611,45.21648611,-123.172255560,-123.17225556,0,No Special Jurisdiction,8,Pedestrian,0,The First Harmful Event was Not a Collision with a Motor Vehicle in Transport,0,No,1,Non-Junction,1,Not an Intersection,1,Construction,,,1,On Roadway,1,Daylight,,,,,1,Clear,0,No,0000000,Not Applicable,7,7:00am-7:59am,56,56,7,7:00am-7:59am,59,59,88,"Not Applicable (Not Transported) ",88,Not Applicable (Not Transported),,,,,,,1,
2022,41,410049,Oregon,1,1,0,0,0,1,1,29,JACKSON (29),0,NOT APPLICABLE,11,11,2,February,2022,6,Friday,22,10:00pm-10:59pm,39,39,0,This section IS NOT on the NHS,1,Rural,4,Minor Arterial,1,State Highway Agency,3,State Highway,SR-238 ODOT 272,,180,180,42.25511667,42.25511667,-123.169655560,-123.16965556,0,No Special Jurisdiction,23,Bridge Rail (Includes parapet),0,The First Harmful Event was Not a Collision with a Motor Vehicle in Transport,0,No,1,Non-Junction,1,Not an Intersection,0,None,,,4,On Roadside,2,Dark - Not Lighted,,,,,1,Clear,0,No,0000000,Not Applicable,22,10:00pm-10:59pm,39,39,22,10:00pm-10:59pm,52,52,88,"Not Applicable (Not Transported) ",88,Not Applicable (Not Transported),,,,,,,1,
2022,41,410051,Oregon,1,1,0,0,0,1,1,19,DOUGLAS (19),1730,REEDSPORT,5,5,2,February,2022,7,Saturday,1,1:00am-1:59am,50,50,0,This section IS NOT on the NHS,1,Rural,7,Local,4,City or Municipal Highway Agency,6,Local Street - Municipality,RAILROAD AVE,RIVERFRONT WAY,0,None,43.70547222,43.70547222,-124.097047220,-124.09704722,0,No Special Jurisdiction,39,Wall,0,The First Harmful Event was Not a Collision with a Motor Vehicle in Transport,0,No,3,Intersection-Related,3,T-Intersection,0,None,,,4,On Roadside,6,Dark - Unknown Lighting,,,,,98,Not Reported,0,No,0000000,Not Applicable,1,1:00am-1:59am,54,54,2,2:00am-2:59am,1,1,88,"Not Applicable (Not Transported) ",88,Not Applicable (Not Transported),,,,,,,1,
2022,41,410052,Oregon,1,1,0,2,2,1,1,47,MARION (47),1168,KEIZER,22,22,1,January,2022,7,Saturday,7,7:00am-7:59am,39,39,0,This section IS NOT on the NHS,2,Urban,5,Major Collector,4,City or Municipal Highway Agency,6,Local Street - Municipality,TRAIL AVE NE,LOCKHAVEN DR NE,0,None,45.00540556,45.00540556,-123.022166670,-123.02216667,0,No Special Jurisdiction,31,"Post, Pole or Other Supports",0,The First Harmful Event was Not a Collision with a Motor Vehicle in Transport,0,No,3,Intersection-Related,3,T-Intersection,0,None,,,4,On Roadside,1,Daylight,,,,,10,Cloudy,0,No,0000000,Not Applicable,7,7:00am-7:59am,48,48,7,7:00am-7:59am,51,51,8,8:00am-8:59am,15,15,,,,,,,2,
2022,41,410053,Oregon,1,1,0,0,0,1,1,51,MULTNOMAH (51),1650,PORTLAND,16,16,2,February,2022,4,Wednesday,9,9:00am-9:59am,45,45,1,This section IS ON the NHS,2,Urban,3,Principal Arterial - Other,4,City or Municipal Highway Agency,6,Local Street - Municipality,NE GLISAN ST,NE 87TH AVE,0,None,45.52640000,45.52640000,-122.573844440,-122.57384444,0,No Special Jurisdiction,99,Reported as Unknown,98,Not Reported,0,No,2,Intersection,3,T-Intersection,0,None,,,1,On Roadway,1,Daylight,,,,,10,Cloudy,0,No,0000000,Not Applicable,9,9:00am-9:59am,46,46,9,9:00am-9:59am,50,50,10,10:00am-10:59am,16,16,,,,,,,1,