caseyear,state,st_case,statename,ve_total,ve_forms,pvh_invl,peds,pernotmvit,permvit,persons,county,countyname,city,cityname,day,dayname,month,monthname,year,day_week,day_weekname,hour,hourname,minute,minutename,nhs,nhsname,rur_urb,rur_urbname,func_sys,func_sysname,rd_owner,rd_ownername,route,routename,tway_id,tway_id2,milept,mileptname,latitude,latitudename,longitud,longitudname,sp_jur,sp_jurname,harm_ev,harm_evname,man_coll,man_collname,reljct1,reljct1name,reljct2,reljct2name,typ_int,typ_intname,wrk_zone,wrk_zonename,road_fnc,road_fncname,rel_road,rel_roadname,lgt_cond,lgt_condname,weather1,weather1name,weather2,weather2name,weather,weathername,sch_bus,sch_busname,rail,railname,not_hour,not_hourname,not_min,not_minname,arr_hour,arr_hourname,arr_min,arr_minname,hosp_hr,hosp_hrname,hosp_mn,hosp_mnname,cf1,cf1name,cf2,cf2name,cf3,cf3name,fatals,drunk_dr
2022,41,410054,Oregon,1,1,0,0,0,1,1,41,LINCOLN (41),0,NOT APPLICABLE,22,22,1,January,2022,7,Saturday,99,Unknown Hours,99,Unknown Minutes,0,This section IS NOT on the NHS,1,Rural,6,Minor Collector,66,National Park Service,4,County Road,CR-BUCK CREEK RD,,35,35,44.29033889,44.29033889,-123.889019440,-123.88901944,1,National Park Service,35,Embankment,0,The First Harmful Event was Not a Collision with a Motor Vehicle in Transport,0,No,1,Non-Junction,1,Not an Intersection,0,None,,,4,On Roadside,9,Reported as Unknown,,,,,10,Cloudy,0,No,0000000,Not Applicable,99,Unknown,99,Unknown,99,Unknown EMS Scene Arrival Hour,99,Unknown EMS Scene Arrival Minutes,88,"Not Applicable (Not Transported) ",88,Not Applicable (Not Transported),,,,,,,1,
2022,41,410055,Oregon,1,1,0,1,1,1,1,39,LANE (39),660,EUGENE,8,8,1,January,2022,7,Saturday,17,5:00pm-5:59pm,25,25,1,This section IS ON the NHS,2,Urban,3,Principal Arterial - Other,4,City or Municipal Highway Agency,6,Local Street - Municipality,W 11TH AVE,TYINN ST,0,None,44.04791944,44.04791944,-123.137036110,-123.13703611,0,No Special Jurisdiction,8,Pedestrian,0,The First Harmful Event was Not a Collision with a Motor Vehicle in Transport,0,No,3,Intersection-Related,3,T-Intersection,0,None,,,1,On Roadway,3,Dark - Lighted,,,,,1,Clear,0,No,0000000,Not Applicable,17,5:00pm-5:59pm,25,25,17,5:00pm-5:59pm,29,29,17,5:00pm-5:59pm,50,50,,,,,,,1,
2022,41,410056,Oregon,2,2,0,0,0,2,2,29,JACKSON (29),0,NOT APPLICABLE,17,17,2,February,2022,5,Thursday,11,11:00am-11:59am,45,45,0,This section IS NOT on the NHS,2,Urban,4,Minor Arterial,1,State Highway Agency,3,State Highway,SR-66 ODOT 21,,31,31,42.16981111,42.16981111,-122.641083330,-122.64108333,0,No Special Jurisdiction,12,Motor Vehicle In-Transport,6,Angle,0,No,8,Driveway Access Related,1,Not an Intersection,0,None,,,1,On Roadway,1,Daylight,,,,,1,Clear,0,No,0000000,Not Applicable,11,11:00am-11:59am,45,45,11,11:00am-11:59am,49,49,88,"Not Applicable (Not Transported) ",88,Not Applicable (Not Transported),,,,,,,1,
2022,41,410057,Oregon,2,2,0,0,0,2,2,5,CLACKAMAS (5),0,NOT APPLICABLE,18,18,2,February,2022,6,Friday,12,12:00pm-12:59pm,25,25,0,This section IS NOT on the NHS,1,Rural,4,Minor Arterial,1,State Highway Agency,3,State Highway,SR-211 ODOT 172,CR-SE EAGLE CREEK RD,0,None,45.35918333,45.35918333,-122.354833330,-122.35483333,0,No Special Jurisdiction,12,Motor Vehicle In-Transport,2,Front-to-Front,0,No,2,Intersection,3,T-Intersection,0,None,,,1,On Roadway,1,Daylight,,,,,1,Clear,0,No,0000000,Not Applicable,12,12:00pm-12:59pm,25,25,12,12:00pm-12:59pm,36,36,99,Unknown,99,Unknown EMS Hospital Arrival Time,,,,,,,1,
2022,41,410058,Oregon,1,1,0,2,2,1,1,67,WASHINGTON (67),1900,SHERWOOD,20,20,2,February,2022,1,Sunday,18,6:00pm-6:59pm,51,51,0,This section IS NOT on the NHS,2,Urban,5,Major Collector,4,City or Municipal Highway Agency,6,Local Street - Municipality,SW EDY RD,SW TRAILBLAZER PL,0,None,45.36781944,45.36781944,-122.856941670,-122.85694167,0,No Special Jurisdiction,8,Pedestrian,0,The First Harmful Event was Not a Collision with a Motor Vehicle in Transport,0,No,3,Intersection-Related,3,T-Intersection,0,None,,,4,On Roadside,3,Dark - Lighted,,,,,1,Clear,0,No,0000000,Not Applicable,18,6:00pm-6:59pm,51,51,18,6:00pm-6:59pm,57,57,88,"Not Applicable (Not Transported) ",88,Not Applicable (Not Transported),,,,,,,2,
2022,41,410059,Oregon,2,2,0,0,0,2,2,7,CLATSOP (7),80,ASTORIA,10,10,2,February,2022,5,Thursday,22,10:00pm-10:59pm,16,16,1,This section IS ON the NHS,2,Urban,3,Principal Arterial - Other,1,State Highway Agency,2,U.S. Highway,US-101 ODOT 9,,33,33,46.18925278,46.18925278,-123.848977780,-123.84897778,0,No Special Jurisdiction,12,Motor Vehicle In-Transport,2,Front-to-Front,0,No,1,Non-Junction,1,Not an Intersection,0,None,,,1,On Roadway,2,Dark - Not Lighted,,,,,10,Cloudy,0,No,0000000,Not Applicable,22,10:00pm-10:59pm,27,27,99,Unknown EMS Scene Arrival Hour,99,Unknown EMS Scene Arrival Minutes,88,"Not Applicable (Not Transported) ",88,Not Applicable (Not Transported),,,,,,,1,
2022,41,410061,Oregon,1,1,0,1,1,1,1,51,MULTNOMAH (51),0,NOT APPLICABLE,17,17,2,February,2022,5,Thursday,2,2:00am-2:59am,3,3,1,This section IS ON the NHS,2,Urban,1,Interstate,1,State Highway Agency,1,Interstate,I-84,,181,181,45.54415556,45.54415556,-122.379325000,-122.37932500,0,No Special Jurisdiction,8,Pedestrian,0,The First Harmful Event was Not a Collision with a Motor Vehicle in Transport,0,No,1,Non-Junction,1,Not an Intersection,0,None,,,2,On Shoulder,2,Dark - Not Lighted,,,,,98,Not Reported,0,No,0000000,Not Applicable,2,2:00am-2:59am,8,8,2,2:00am-2:59am,19,19,2,2:00am-2:59am,56,56,,,,,,,1,
2022,41,410062,Oregon,1,1,0,1,1,1,1,11,COOS (11),400,COQUILLE,16,16,2,February,2022,4,Wednesday,1,1:00am-1:59am,20,20,0,This section IS NOT on the NHS,1,Rural,5,Major Collector,4,City or Municipal Highway Agency,6,Local Street - Municipality,W CENTRAL BLVD,,0,None,43.18673611,43.18673611,-124.196230560,-124.19623056,0,No Special Jurisdiction,8,Pedestrian,0,The First Harmful Event was Not a Collision with a Motor Vehicle in Transport,0,No,1,Non-Junction,1,Not an Intersection,0,None,,,1,On Roadway,3,Dark - Lighted,,,,,1,Clear,0,No,0000000,Not Applicable,1,1:00am-1:59am,24,24,1,1:00am-1:59am,32,32,88,"Not Applicable (Not Transported) ",88,Not Applicable (Not Transported),,,,,,,1,
2022,41,410063,Oregon,1,1,0,0,0,1,1,3,BENTON (3),0,NOT APPLICABLE,23,23,2,February,2022,4,Wednesday,7,7:00am-7:59am,9,9,0,This section IS NOT on the NHS,1,Rural,5,Major Collector,2,County Highway Agency,4,County Road,CR-FERN RD,,22,22,44.51270278,44.51270278,-123.359908330,-123.35990833,0,No Special Jurisdiction,42,Tree (Standing Only),0,The First Harmful Event was Not a Collision with a Motor Vehicle in Transport,0,No,1,Non-Junction,1,Not an Intersection,0,None,,,4,On Roadside,1,Daylight,,,,,1,Clear,0,No,0000000,Not Applicable,99,Unknown,99,Unknown,99,Unknown EMS Scene Arrival Hour,99,Unknown EMS Scene Arrival Minutes,88,"Not Applicable (Not Transported) ",88,Not Applicable (Not Transported),,,,,,,1,
2022,41,410064,Oregon,1,1,0,1,1,1,1,47,MARION (47),0,NOT APPLICABLE,24,24,2,February,2022,5,Thursday,18,6:00pm-6:59pm,29,29,1,This section IS ON the NHS,1,Rural,1,Interstate,1,State Highway Agency,1,Interstate,I-5,,2473,2473,44.82800000,44.82800000,-123.013319440,-123.01331944,0,No Special Jurisdiction,8,Pedestrian,0,The First Harmful Event was Not a Collision with a Motor Vehicle in Transport,0,No,1,Non-Junction,1,Not an Intersection,0,None,,,1,On Roadway,5,Dusk,,,,,98,Not Reported,0,No,0000000,Not Applicable,18,6:00pm-6:59pm,30,30,18,6:00pm-6:59pm,38,38,88,"Not Applicable (Not Transported) ",88,Not Applicable (Not Transported),,,,,,,1,
2022,41,410065,Oregon,2,2,0,0,0,3,3,71,YAMHILL (71),0,NOT APPLICABLE,26,26,2,February,2022,7,Saturday,5,5:00am-5:59am,40,40,1,This section IS ON the NHS,1,Rural,3,Principal Arterial - Other,1,State Highway Agency,3,State Highway,SR-18 ODOT 39,,560,560,45.27040833,45.27040833,-123.012086110,-123.01208611,0,No Special Jurisdiction,12,Motor Vehicle In-Transport,2,Front-to-Front,0,No,1,Non-Junction,1,Not an Intersection,0,None,,,1,On Roadway,2,Dark - Not Lighted,,,,,1,Clear,0,No,0000000,Not Applicable,5,5:00am-5:59am,35,35,5,5:00am-5:59am,45,45,6,6:00am-6:59am,44,44,,,,,,,1,
2022,41,410066,Oregon,2,2,0,0,0,2,2,39,LANE (39),0,NOT APPLICABLE,27,27,2,February,2022,1,Sunday,17,5:00pm-5:59pm,49,49,1,This section IS ON the NHS,1,Rural,3,Principal Arterial - Other,1,State Highway Agency,3,State Highway,SR-126W ODOT 62,,279,279,43.99766944,43.99766944,-123.632430560,-123.63243056,0,No Special Jurisdiction,12,Motor Vehicle In-Transport,2,Front-to-Front,0,No,1,Non-Junction,1,Not an Intersection,0,None,,,1,On Roadway,5,Dusk,,,,,2,Rain,0,No,0000000,Not Applicable,17,5:00pm-5:59pm,49,49,17,5:00pm-5:59pm,57,57,18,6:00pm-6:59pm,24,24,,,,,,,1,
2022,41,410067,Oregon,1,1,0,0,0,1,1,43,LINN (43),20,ALBANY,25,25,2,February,2022,6,Friday,10,10:00am-10:59am,40,40,1,This section IS ON the NHS,2,Urban,3,Principal Arterial - Other,1,State Highway Agency,3,State Highway,SR-20 ODOT 16,,17,17,44.62948611,44.62948611,-123.047719440,-123.04771944,0,No Special Jurisdiction,31,"Post, Pole or Other Supports",0,The First Harmful Event was Not a Collision with a Motor Vehicle in Transport,0,No,1,Non-Junction,1,Not an Intersection,0,None,,,4,On Roadside,1,Daylight,,,,,1,Clear,0,No,0000000,Not Applicable,10,10:00am-10:59am,40,40,10,10:00am-10:59am,45,45,11,11:00am-11:59am,40,40,,,,,,,1,
2022,41,410068,Oregon,2,2,0,1,1,3,3,51,MULTNOMAH (51),1650,PORTLAND,25,25,2,February,2022,6,Friday,18,6:00pm-6:59pm,54,54,0,This section IS NOT on the NHS,2,Urban,4,Minor Arterial,4,City or Municipal Highway Agency,6,Local Street - Municipality,SE FOSTER RD,,0,None,45.47636944,45.47636944,-122.546361110,-122.54636111,0,No Special Jurisdiction,8,Pedestrian,0,The First Harmful Event was Not a Collision with a Motor Vehicle in Transport,0,No,1,Non-Junction,1,Not an Intersection,0,None,,,1,On Roadway,2,Dark - Not Lighted,,,,,1,Clear,0,No,0000000,Not Applicable,18,6:00pm-6:59pm,54,54,19,7:00pm-7:59pm,3,3,19,7:00pm-7:59pm,27,27,,,,,,,1,
2022,41,410069,Oregon,1,1,0,0,0,1,1,41,LINCOLN (41),0,NOT APPLICABLE,25,25,2,February,2022,6,Friday,23,11:00pm-11:59pm,15,15,1,This section IS ON the NHS,1,Rural,3,Principal Arterial - Other,1,State Highway Agency,2,U.S. Highway,US-101 ODOT 9,,1259,1259,44.82977222,44.82977222,-124.058152780,-124.05815278,0,No Special Jurisdiction,42,Tree (Standing Only),0,The First Harmful Event was Not a Collision with a Motor Vehicle in Transport,0,No,1,Non-Junction,1,Not an Intersection,0,None,,,4,On Roadside,2,Dark - Not Lighted,,,,,1,Clear,0,No,0000000,Not Applicable,23,11:00pm-11:59pm,16,16,23,11:00pm-11:59pm,21,21,88,"Not Applicable (Not Transported) ",88,Not Applicable (Not Transported),,,,,,,1,
2022,41,410070,Oregon,1,1,0,0,0,1,1,5,CLACKAMAS (5),0,NOT APPLICABLE,8,8,2,February,2022,3,Tuesday,2,2:00am-2:59am,15,15,0,This section IS NOT on the NHS,1,Rural,5,Major Collector,2,County Highway Agency,4,County Road,CR-FIRWOOD RD,,10,10,45.36583056,45.36583056,-122.234788890,-122.23478889,0,No Special Jurisdiction,42,Tree (Standing Only),0,The First Harmful Event was Not a Collision with a Motor Vehicle in Transport,0,No,1,Non-Junction,1,Not an Intersection,0,None,,,4,On Roadside,2,Dark - Not Lighted,,,,,10,Cloudy,0,No,0000000,Not Applicable,99,Unknown,99,Unknown,99,Unknown EMS Scene Arrival Hour,99,Unknown EMS Scene Arrival Minutes,88,"Not Applicable (Not Transported) ",88,Not Applicable (Not Transported),,,,,,,1,
2022,41,410071,Oregon,2,2,0,0,0,2,2,33,JOSEPHINE (33),860,GRANTS PASS,28,28,2,February,2022,2,Monday,18,6:00pm-6:59pm,9,9,1,This section IS ON the NHS,2,Urban,3,Principal Arterial - Other,1,State Highway Agency,3,State Highway,SR-238 ODOT 272,,25,25,42.39264722,42.39264722,-123.347158330,-123.34715833,0,No Special Jurisdiction,12,Motor Vehicle In-Transport,6,Angle,0,No,1,Non-Junction,1,Not an Intersection,0,None,,,1,On Roadway,5,Dusk,,,,,1,Clear,0,No,0000000,Not Applicable,18,6:00pm-6:59pm,9,9,18,6:00pm-6:59pm,13,13,88,"Not Applicable (Not Transported) ",88,Not Applicable (Not Transported),,,,,,,1,
2022,41,410072,Oregon,1,1,0,1,1,1,1,51,MULTNOMAH (51),880,GRESHAM,3,3,1,January,2022,2,Monday,18,6:00pm-6:59pm,15,15,0,This section IS NOT on the NHS,2,Urban,4,Minor Arterial,4,City or Municipal Highway Agency,6,Local Street - Municipality,SW HIGHLAND DR,SW 11TH ST,0,None,45.48888333,45.48888333,-122.475483330,-122.47548333,0,No Special Jurisdiction,8,Pedestrian,0,The First Harmful Event was Not a Collision with a Motor Vehicle in Transport,0,No,3,Intersection-Related,3,T-Intersection,0,None,,,1,On Roadway,3,Dark - Lighted,,,,,2,Rain,0,No,0000000,Not Applicable,19,7:00pm-7:59pm,27,27,99,Unknown EMS Scene Arrival Hour,99,Unknown EMS Scene Arrival Minutes,88,"Not Applicable (Not Transported) ",88,Not Applicable (Not Transported),,,,,,,1,
2022,41,410073,Oregon,1,1,0,0,0,1,1,5,CLACKAMAS (5),0,NOT APPLICABLE,12,12,2,February,2022,7,Saturday,9,9:00am-9:59am,27,27,0,This section IS NOT on the NHS,2,Urban,6,Minor Collector,2,County Highway Agency,4,County Road,CR-SE SUNSHINE VALLEY RD,,3,3,45.44318611,45.44318611,-122.392419440,-122.39241944,0,No Special Jurisdiction,30,Utility Pole/Light Support,0,The First Harmful Event was Not a Collision with a Motor Vehicle in Transport,0,No,1,Non-Junction,1,Not an Intersection,0,None,,,4,On Roadside,1,Daylight,,,,,1,Clear,0,No,0000000,Not Applicable,99,Unknown,99,Unknown,99,Unknown EMS Scene Arrival Hour,99,Unknown EMS Scene Arrival Minutes,88,"Not Applicable (Not Transported) ",88,Not Applicable (Not Transported),,,,,,,1,
2022,41,410074,Oregon,2,2,0,0,0,3,3,35,KLAMATH (35),1170,KLAMATH FALLS,21,21,2,February,2022,2,Monday,15,3:00pm-3:59pm,34,34,1,This section IS ON the NHS,2,Urban,3,Principal Arterial - Other,1,State Highway Agency,3,State Highway,SR-140W ODOT 270,,663,663,42.21573056,42.21573056,-121.835263890,-121.83526389,0,No Special Jurisdiction,12,Motor Vehicle In-Transport,2,Front-to-Front,0,No,1,Non-Junction,1,Not an Intersection,0,None,,,1,On Roadway,1,Daylight,,,,,4,Snow,0,No,0000000,Not Applicable,15,3:00pm-3:59pm,34,34,15,3:00pm-3:59pm,45,45,99,Unknown,99,Unknown EMS Hospital Arrival Time,,,,,,,1,
2022,41,410075,Oregon,1,1,0,1,1,1,1,9,COLUMBIA (9),1840,SCAPPOOSE,1,1,3,March,2022,3,Tuesday,21,9:00pm-9:59pm,41,41,1,This section IS ON the NHS,2,Urban,3,Principal Arterial - Other,1,State Highway Agency,2,U.S. Highway,US-30 ODOT 92,,214,214,45.76005000,45.76005000,-122.878213890,-122.87821389,0,No Special Jurisdiction,8,Pedestrian,0,The First Harmful Event was Not a Collision with a Motor Vehicle in Transport,0,No,1,Non-Junction,1,Not an Intersection,0,None,,,1,On Roadway,2,Dark - Not Lighted,,,,,2,Rain,0,No,0000000,Not Applicable,21,9:00pm-9:59pm,41,41,21,9:00pm-9:59pm,45,45,88,"Not Applicable (Not Transported) ",88,Not Applicable (Not Transported),,,,,,,1,
2022,41,410076,Oregon,1,1,0,1,1,1,1,43,LINN (43),1210,LEBANON,3,3,2,February,2022,5,Thursday,21,9:00pm-9:59pm,30,30,1,This section IS ON the NHS,2,Urban,3,Principal Arterial - Other,1,State Highway Agency,2,U.S. Highway,US-20 ODOT 16,,142,142,44.52492222,44.52492222,-122.907005560,-122.90700556,0,No Special Jurisdiction,8,Pedestrian,0,The First Harmful Event was Not a Collision with a Motor Vehicle in Transport,0,No,1,Non-Junction,1,Not an Intersection,0,None,,,1,On Roadway,3,Dark - Lighted,,,,,1,Clear,0,No,0000000,Not Applicable,21,9:00pm-9:59pm,17,17,21,9:00pm-9:59pm,23,23,21,9:00pm-9:59pm,58,58,,,,,,,1,
2022,41,410079,Oregon,1,1,0,1,1,2,2,51,MULTNOMAH (51),1650,PORTLAND,3,3,3,March,2022,5,Thursday,0,0:00am-0:59am,34,34,0,This section IS NOT on the NHS,2,Urban,5,Major Collector,4,City or Municipal Highway Agency,6,Local Street - Municipality,SE DIVISION ST,,0,None,45.50538889,45.50538889,-122.595344440,-122.59534444,0,No Special Jurisdiction,8,Pedestrian,0,The First Harmful Event was Not a Collision with a Motor Vehicle in Transport,0,No,1,Non-Junction,1,Not an Intersection,0,None,,,1,On Roadway,3,Dark - Lighted,,,,,2,Rain,0,No,0000000,Not Applicable,99,Unknown,99,Unknown,99,Unknown EMS Scene Arrival Hour,99,Unknown EMS Scene Arrival Minutes,88,"Not Applicable (Not Transported) ",88,Not Applicable (Not Transported),,,,,,,1,
2022,41,410080,Oregon,1,1,0,0,0,1,1,39,LANE (39),0,NOT APPLICABLE,5,5,2,February,2022,7,Saturday,2,2:00am-2:59am,3,3,1,This section IS ON the NHS,1,Rural,3,Principal Arterial - Other,1,State Highway Agency,2,U.S. Highway,US-101 ODOT 9,,1839,1839,44.06530000,44.06530000,-124.098052780,-124.09805278,0,No Special Jurisdiction,42,Tree (Standing Only),0,The First Harmful Event was Not a Collision with a Motor Vehicle in Transport,0,No,1,Non-Junction,1,Not an Intersection,0,None,,,4,On Roadside,2,Dark - Not Lighted,,,,,10,Cloudy,0,No,0000000,Not Applicable,2,2:00am-2:59am,0,0,2,2:00am-2:59am,17,17,2,2:00am-2:59am,55,55,,,,,,,1,
2022,41,410081,Oregon,2,2,0,0,0,2,2,29,JACKSON (29),0,NOT APPLICABLE,18,18,2,February,2022,6,Friday,15,3:00pm-3:59pm,10,10,1,This section IS ON the NHS,1,Rural,3,Principal Arterial - Other,1,State Highway Agency,3,State Highway,SR-140 ODOT 270,,260,260,42.38751944,42.38751944,-122.402586110,-122.40258611,0,No Special Jurisdiction,12,Motor Vehicle In-Transport,6,Angle,0,No,1,Non-Junction,1,Not an Intersection,0,None,,,1,On Roadway,1,Daylight,,,,,1,Clear,0,No,0000000,Not Applicable,15,3:00pm-3:59pm,9,9,15,3:00pm-3:59pm,18,18,99,Unknown,99,Unknown EMS Hospital Arrival Time,,,,,,,1,
2022,41,410082,Oregon,1,1,0,2,2,1,1,67,WASHINGTON (67),2065,TIGARD,4,4,3,March,2022,6,Friday,20,8:00pm-8:59pm,40,40,0,This section IS NOT on the NHS,2,Urban,4,Minor Arterial,1,State Highway Agency,3,State Highway,SR-141 ODOT 141,SW LUCILLE CT,44,44,45.44116111,45.44116111,-122.765419440,-122.76541944,0,No Special Jurisdiction,8,Pedestrian,0,The First Harmful Event was Not a Collision with a Motor Vehicle in Transport,0,No,3,Intersection-Related,3,T-Intersection,0,None,,,1,On Roadway,6,Dark - Unknown Lighting,,,,,98,Not Reported,0,No,0000000,Not Applicable,20,8:00pm-8:59pm,41,41,20,8:00pm-8:59pm,44,44,21,9:00pm-9:59pm,17,17,,,,,,,1,
2022,41,410083,Oregon,1,1,0,0,0,4,4,71,YAMHILL (71),0,NOT APPLICABLE,5,5,3,March,2022,7,Saturday,2,2:00am-2:59am,10,10,0,This section IS NOT on the NHS,1,Rural,7,Local,2,County Highway Agency,4,County Road,CR-NW PANTHER CREEK RD,,11,11,45.30051111,45.30051111,-123.329666670,-123.32966667,0,No Special Jurisdiction,35,Embankment,0,The First Harmful Event was Not a Collision with a Motor Vehicle in Transport,0,No,1,Non-Junction,1,Not an Intersection,0,None,,,4,On Roadside,2,Dark - Not Lighted,,,,,1,Clear,0,No,0000000,Not Applicable,2,2:00am-2:59am,10,10,2,2:00am-2:59am,33,33,99,Unknown,99,Unknown EMS Hospital Arrival Time,,,,,,,1,
2022,41,410085,Oregon,2,2,0,0,0,3,3,51,MULTNOMAH (51),0,NOT APPLICABLE,7,7,3,March,2022,2,Monday,8,8:00am-8:59am,12,12,1,This section IS ON the NHS,1,Rural,3,Principal Arterial - Other,1,State Highway Agency,2,U.S. Highway,US-30 ODOT 92,,144,144,45.66561667,45.66561667,-122.866038890,-122.86603889,0,No Special Jurisdiction,24,Guardrail Face,0,The First Harmful Event was Not a Collision with a Motor Vehicle in Transport,0,No,1,Non-Junction,1,Not an Intersection,0,None,,,4,On Roadside,1,Daylight,,,,,5,"Fog, Smog, Smoke",0,No,0000000,Not Applicable,8,8:00am-8:59am,14,14,8,8:00am-8:59am,23,23,9,9:00am-9:59am,3,3,,,,,,,1,
2022,41,410086,Oregon,3,3,0,0,0,4,4,71,YAMHILL (71),0,NOT APPLICABLE,22,22,2,February,2022,3,Tuesday,9,9:00am-9:59am,51,51,1,This section IS ON the NHS,1,Rural,3,Principal Arterial - Other,1,State Highway Agency,3,State Highway,SR-99W ODOT 91,,294,294,45.24042778,45.24042778,-123.057552780,-123.05755278,0,No Special Jurisdiction,12,Motor Vehicle In-Transport,1,Front-to-Rear,0,No,1,Non-Junction,1,Not an Intersection,0,None,,,1,On Roadway,1,Daylight,,,,,1,Clear,0,No,0000000,Not Applicable,9,9:00am-9:59am,52,52,10,10:00am-10:59am,4,4,99,Unknown,99,Unknown EMS Hospital Arrival Time,,,,,,,1,
2022,41,410087,Oregon,1,1,0,0,0,1,1,15,CURRY (15),0,NOT APPLICABLE,8,8,3,March,2022,3,Tuesday,3,3:00am-3:59am,32,32,1,This section IS ON the NHS,1,Rural,3,Principal Arterial - Other,1,State Highway Agency,2,U.S. Highway,US-101 ODOT 9,,2947,2947,42.83020556,42.83020556,-124.480755560,-124.48075556,0,No Special Jurisdiction,42,Tree (Standing Only),0,The First Harmful Event was Not a Collision with a Motor Vehicle in Transport,0,No,1,Non-Junction,1,Not an Intersection,0,None,,,4,On Roadside,2,Dark - Not Lighted,,,,,1,Clear,0,No,0000000,Not Applicable,3,3:00am-3:59am,32,32,3,3:00am-3:59am,41,41,88,"Not Applicable (Not Transported) ",88,Not Applicable (Not Transported),,,,,,,1,
2022,41,410089,Oregon,1,1,0,0,0,3,3,21,GILLIAM (21),0,NOT APPLICABLE,8,8,3,March,2022,3,Tuesday,20,8:00pm-8:59pm,30,30,0,This section IS NOT on the NHS,1,Rural,4,Minor Arterial,1,State Highway Agency,3,State Highway,SR-19 ODOT 5,,359,359,45.27197778,45.27197778,-120.149750000,-120.14975000,0,No Special Jurisdiction,34,Ditch,0,The First Harmful Event was Not a Collision with a Motor Vehicle in Transport,0,No,1,Non-Junction,1,Not an Intersection,0,None,,,4,On Roadside,2,Dark - Not Lighted,,,,,2,Rain,0,No,0000000,Not Applicable,20,8:00pm-8:59pm,2,2,20,8:00pm-8:59pm,19,19,22,10:00pm-10:59pm,0,0,,,,,,,1,
2022,41,410090,Oregon,3,3,0,0,0,4,4,61,UNION (61),0,NOT APPLICABLE,9,9,3,March,2022,4,Wednesday,8,8:00am-8:59am,52,52,1,This section IS ON the NHS,1,Rural,1,Interstate,1,State Highway Agency,1,Interstate,I-84,,2588,2588,45.34409167,45.34409167,-118.139019440,-118.13901944,0,No Special Jurisdiction,12,Motor Vehicle In-Transport,6,Angle,0,No,1,Non-Junction,1,Not an Intersection,0,None,,,1,On Roadway,1,Daylight,,,,,4,Snow,0,No,0000000,Not Applicable,8,8:00am-8:59am,52,52,9,9:00am-9:59am,4,4,88,"Not Applicable (Not Transported) ",88,Not Applicable (Not Transported),,,,,,,1,
2022,41,410091,Oregon,2,2,0,0,0,2,2,19,DOUGLAS (19),2257,WINSTON,12,12,1,January,2022,4,Wednesday,16,4:00pm-4:59pm,16,16,0,This section IS NOT on the NHS,2,Urban,4,Minor Arterial,4,City or Municipal Highway Agency,6,Local Street - Municipality,S MAIN ST,HART ST,0,None,43.11694167,43.11694167,-123.414755560,-123.41475556,0,No Special Jurisdiction,12,Motor Vehicle In-Transport,6,Angle,0,No,2,Intersection,3,T-Intersection,0,None,,,1,On Roadway,5,Dusk,,,,,1,Clear,0,No,0000000,Not Applicable,16,4:00pm-4:59pm,16,16,16,4:00pm-4:59pm,16,16,88,"Not Applicable (Not Transported) ",88,Not Applicable (Not Transported),,,,,,,1,
2022,41,410092,Oregon,1,1,0,0,0,1,1,65,WASCO (65),0,NOT APPLICABLE,14,14,2,February,2022,2,Monday,7,7:00am-7:59am,53,53,0,This section IS NOT on the NHS,1,Rural,5,Major Collector,2,County Highway Agency,4,County Road,CR-BAKEOVEN MARKET RD,,81,81,45.18145556,45.18145556,-120.948716670,-120.94871667,0,No Special Jurisdiction,31,"Post, Pole or Other Supports",0,The First Harmful Event was Not a Collision with a Motor Vehicle in Transport,0,No,1,Non-Junction,1,Not an Intersection,0,None,,,4,On Roadside,9,Reported as Unknown,,,,,6,Severe Crosswinds,0,No,0000000,Not Applicable,99,Unknown,99,Unknown,99,Unknown EMS Scene Arrival Hour,99,Unknown EMS Scene Arrival Minutes,88,"Not Applicable (Not Transported) ",88,Not Applicable (Not Transported),,,,,,,1,
2022,41,410093,Oregon,1,1,0,0,0,1,1,7,CLATSOP (7),0,NOT APPLICABLE,10,10,3,March,2022,5,Thursday,9,9:00am-9:59am,10,10,1,This section IS ON the NHS,1,Rural,3,Principal Arterial - Other,1,State Highway Agency,2,U.S. Highway,US-26 ODOT 47,,78,78,45.90745833,45.90745833,-123.789113890,-123.78911389,0,No Special Jurisdiction,42,Tree (Standing Only),0,The First Harmful Event was Not a Collision with a Motor Vehicle in Transport,0,No,1,Non-Junction,1,Not an Intersection,0,None,,,4,On Roadside,1,Daylight,,,,,1,Clear,0,No,0000000,Not Applicable,9,9:00am-9:59am,13,13,9,9:00am-9:59am,23,23,88,"Not Applicable (Not Transported) ",88,Not Applicable (Not Transported),,,,,,,1,