caseyear,state,st_case,statename,ve_total,ve_forms,pvh_invl,peds,pernotmvit,permvit,persons,county,countyname,city,cityname,day,dayname,month,monthname,year,day_week,day_weekname,hour,hourname,minute,minutename,nhs,nhsname,rur_urb,rur_urbname,func_sys,func_sysname,rd_owner,rd_ownername,route,routename,tway_id,tway_id2,milept,mileptname,latitude,latitudename,longitud,longitudname,sp_jur,sp_jurname,harm_ev,harm_evname,man_coll,man_collname,reljct1,reljct1name,reljct2,reljct2name,typ_int,typ_intname,wrk_zone,wrk_zonename,road_fnc,road_fncname,rel_road,rel_roadname,lgt_cond,lgt_condname,weather1,weather1name,weather2,weather2name,weather,weathername,sch_bus,sch_busname,rail,railname,not_hour,not_hourname,not_min,not_minname,arr_hour,arr_hourname,arr_min,arr_minname,hosp_hr,hosp_hrname,hosp_mn,hosp_mnname,cf1,cf1name,cf2,cf2name,cf3,cf3name,fatals,drunk_dr
2022,41,410094,Oregon,2,2,0,1,1,3,3,39,LANE (39),660,EUGENE,10,10,3,March,2022,5,Thursday,20,8:00pm-8:59pm,33,33,1,This section IS ON the NHS,2,Urban,3,Principal Arterial - Other,4,City or Municipal Highway Agency,6,Local Street - Municipality,RIVER RD,,0,None,44.09529444,44.09529444,-123.127911110,-123.12791111,0,No Special Jurisdiction,8,Pedestrian,0,The First Harmful Event was Not a Collision with a Motor Vehicle in Transport,0,No,1,Non-Junction,1,Not an Intersection,0,None,,,1,On Roadway,2,Dark - Not Lighted,,,,,1,Clear,0,No,0000000,Not Applicable,20,8:00pm-8:59pm,33,33,99,Unknown EMS Scene Arrival Hour,99,Unknown EMS Scene Arrival Minutes,88,"Not Applicable (Not Transported) ",88,Not Applicable (Not Transported),,,,,,,1,
2022,41,410095,Oregon,1,1,0,1,1,1,1,51,MULTNOMAH (51),880,GRESHAM,8,8,1,January,2022,7,Saturday,19,7:00pm-7:59pm,45,45,0,This section IS NOT on the NHS,2,Urban,4,Minor Arterial,4,City or Municipal Highway Agency,6,Local Street - Municipality,SE STARK ST,"SE 187TH AVE ",0,None,45.51913611,45.51913611,-122.470416670,-122.47041667,0,No Special Jurisdiction,8,Pedestrian,0,The First Harmful Event was Not a Collision with a Motor Vehicle in Transport,0,No,3,Intersection-Related,2,Four-Way Intersection,0,None,,,1,On Roadway,3,Dark - Lighted,,,,,1,Clear,0,No,0000000,Not Applicable,19,7:00pm-7:59pm,45,45,19,7:00pm-7:59pm,50,50,20,8:00pm-8:59pm,21,21,,,,,,,1,
2022,41,410096,Oregon,1,1,0,1,1,1,1,19,DOUGLAS (19),1780,ROSEBURG,10,10,3,March,2022,5,Thursday,13,1:00pm-1:59pm,18,18,1,This section IS ON the NHS,2,Urban,3,Principal Arterial - Other,1,State Highway Agency,3,State Highway,SR-138 ODOT 138,,4,4,43.21333333,43.21333333,-123.333741670,-123.33374167,0,No Special Jurisdiction,8,Pedestrian,0,The First Harmful Event was Not a Collision with a Motor Vehicle in Transport,0,No,1,Non-Junction,1,Not an Intersection,0,None,,,1,On Roadway,1,Daylight,,,,,1,Clear,0,No,0000000,Not Applicable,13,1:00pm-1:59pm,19,19,13,1:00pm-1:59pm,22,22,13,1:00pm-1:59pm,37,37,,,,,,,1,
2022,41,410097,Oregon,1,1,0,1,1,1,1,67,WASHINGTON (67),180,BEAVERTON,15,15,3,March,2022,3,Tuesday,7,7:00am-7:59am,2,2,1,This section IS ON the NHS,2,Urban,3,Principal Arterial - Other,4,City or Municipal Highway Agency,6,Local Street - Municipality,SW FARMINGTON RD,SW HALL BLVD,0,None,45.48698889,45.48698889,-122.804125000,-122.80412500,0,No Special Jurisdiction,8,Pedestrian,0,The First Harmful Event was Not a Collision with a Motor Vehicle in Transport,0,No,3,Intersection-Related,2,Four-Way Intersection,0,None,,,1,On Roadway,4,Dawn,,,,,10,Cloudy,0,No,0000000,Not Applicable,7,7:00am-7:59am,2,2,7,7:00am-7:59am,4,4,88,"Not Applicable (Not Transported) ",88,Not Applicable (Not Transported),,,,,,,1,
2022,41,410098,Oregon,1,1,0,1,1,1,1,67,WASHINGTON (67),0,NOT APPLICABLE,15,15,3,March,2022,3,Tuesday,7,7:00am-7:59am,22,22,0,This section IS NOT on the NHS,1,Rural,5,Major Collector,2,County Highway Agency,4,County Road,CR-ROOD BRIDGE RD,,0,None,45.45969444,45.45969444,-122.963086110,-122.96308611,0,No Special Jurisdiction,9,Pedalcyclist,0,The First Harmful Event was Not a Collision with a Motor Vehicle in Transport,0,No,1,Non-Junction,1,Not an Intersection,0,None,,,1,On Roadway,4,Dawn,,,,,10,Cloudy,0,No,0000000,Not Applicable,7,7:00am-7:59am,21,21,7,7:00am-7:59am,32,32,88,"Not Applicable (Not Transported) ",88,Not Applicable (Not Transported),,,,,,,1,
2022,41,410099,Oregon,2,2,0,0,0,4,4,43,LINN (43),0,NOT APPLICABLE,18,18,3,March,2022,6,Friday,11,11:00am-11:59am,25,25,1,This section IS ON the NHS,1,Rural,3,Principal Arterial - Other,1,State Highway Agency,3,State Highway,SR-20 ODOT 16,,323,323,44.40875278,44.40875278,-122.639119440,-122.63911944,0,No Special Jurisdiction,12,Motor Vehicle In-Transport,2,Front-to-Front,0,No,1,Non-Junction,1,Not an Intersection,0,None,,,1,On Roadway,1,Daylight,,,,,10,Cloudy,0,No,0000000,Not Applicable,11,11:00am-11:59am,25,25,11,11:00am-11:59am,30,30,99,Unknown,99,Unknown EMS Hospital Arrival Time,,,,,,,2,
2022,41,410100,Oregon,1,1,0,1,1,1,1,51,MULTNOMAH (51),1650,PORTLAND,18,18,3,March,2022,6,Friday,20,8:00pm-8:59pm,51,51,0,This section IS NOT on the NHS,2,Urban,5,Major Collector,4,City or Municipal Highway Agency,6,Local Street - Municipality,"NE VANCOUVER WAY ",NE GERTZ RD,0,None,45.59015278,45.59015278,-122.662258330,-122.66225833,0,No Special Jurisdiction,15,Non-Motorist on Personal Conveyance,0,The First Harmful Event was Not a Collision with a Motor Vehicle in Transport,0,No,3,Intersection-Related,2,Four-Way Intersection,0,None,,,1,On Roadway,8,Not Reported,,,,,98,Not Reported,0,No,0000000,Not Applicable,99,Unknown,99,Unknown,99,Unknown EMS Scene Arrival Hour,99,Unknown EMS Scene Arrival Minutes,88,"Not Applicable (Not Transported) ",88,Not Applicable (Not Transported),,,,,,,1,
2022,41,410101,Oregon,2,2,0,0,0,4,4,41,LINCOLN (41),0,NOT APPLICABLE,18,18,3,March,2022,6,Friday,17,5:00pm-5:59pm,55,55,1,This section IS ON the NHS,1,Rural,3,Principal Arterial - Other,1,State Highway Agency,3,State Highway,SR-18 ODOT 39,,65,65,45.02131389,45.02131389,-123.860775000,-123.86077500,0,No Special Jurisdiction,12,Motor Vehicle In-Transport,6,Angle,0,No,8,Driveway Access Related,1,Not an Intersection,0,None,,,1,On Roadway,1,Daylight,,,,,10,Cloudy,0,No,0000000,Not Applicable,18,6:00pm-6:59pm,1,1,18,6:00pm-6:59pm,15,15,18,6:00pm-6:59pm,41,41,,,,,,,1,
2022,41,410102,Oregon,1,1,0,1,1,1,1,11,COOS (11),0,NOT APPLICABLE,4,4,1,January,2022,3,Tuesday,22,10:00pm-10:59pm,55,55,1,This section IS ON the NHS,2,Urban,3,Principal Arterial - Other,1,State Highway Agency,2,U.S. Highway,US-101 ODOT 9,HARRIET RD,2393,2393,43.35582222,43.35582222,-124.207336110,-124.20733611,0,No Special Jurisdiction,8,Pedestrian,0,The First Harmful Event was Not a Collision with a Motor Vehicle in Transport,0,No,3,Intersection-Related,2,Four-Way Intersection,0,None,,,1,On Roadway,3,Dark - Lighted,,,,,2,Rain,0,No,0000000,Not Applicable,22,10:00pm-10:59pm,58,58,23,11:00pm-11:59pm,3,3,88,"Not Applicable (Not Transported) ",88,Not Applicable (Not Transported),,,,,,,1,
2022,41,410103,Oregon,1,1,0,0,0,3,3,31,JEFFERSON (31),1270,MADRAS,20,20,3,March,2022,1,Sunday,1,1:00am-1:59am,39,39,1,This section IS ON the NHS,2,Urban,3,Principal Arterial - Other,1,State Highway Agency,2,U.S. Highway,US-97 ODOT 4,,919,919,44.64013611,44.64013611,-121.128669440,-121.12866944,0,No Special Jurisdiction,38,Fence,0,The First Harmful Event was Not a Collision with a Motor Vehicle in Transport,0,No,1,Non-Junction,1,Not an Intersection,0,None,,,4,On Roadside,3,Dark - Lighted,,,,,1,Clear,0,No,0000000,Not Applicable,1,1:00am-1:59am,41,41,1,1:00am-1:59am,45,45,1,1:00am-1:59am,59,59,,,,,,,1,
2022,41,410104,Oregon,2,2,0,0,0,5,5,47,MARION (47),1810,SALEM,21,21,3,March,2022,2,Monday,9,9:00am-9:59am,42,42,0,This section IS NOT on the NHS,2,Urban,4,Minor Arterial,4,City or Municipal Highway Agency,6,Local Street - Municipality,LIBERTY RD S,EWALD AVE S,0,None,44.90113889,44.90113889,-123.052877780,-123.05287778,0,No Special Jurisdiction,12,Motor Vehicle In-Transport,6,Angle,0,No,2,Intersection,2,Four-Way Intersection,0,None,,,1,On Roadway,1,Daylight,,,,,2,Rain,0,No,0000000,Not Applicable,9,9:00am-9:59am,42,42,9,9:00am-9:59am,52,52,10,10:00am-10:59am,12,12,,,,,,,1,
2022,41,410105,Oregon,1,1,0,0,0,1,1,5,CLACKAMAS (5),0,NOT APPLICABLE,3,3,3,March,2022,5,Thursday,19,7:00pm-7:59pm,15,15,0,This section IS NOT on the NHS,1,Rural,4,Minor Arterial,2,County Highway Agency,4,County Road,CR- S SPRINGWATER RD,,74,74,45.32406111,45.32406111,-122.396997220,-122.39699722,0,No Special Jurisdiction,42,Tree (Standing Only),0,The First Harmful Event was Not a Collision with a Motor Vehicle in Transport,0,No,1,Non-Junction,1,Not an Intersection,0,None,,,4,On Roadside,2,Dark - Not Lighted,,,,,10,Cloudy,0,No,0000000,Not Applicable,99,Unknown,99,Unknown,99,Unknown EMS Scene Arrival Hour,99,Unknown EMS Scene Arrival Minutes,88,"Not Applicable (Not Transported) ",88,Not Applicable (Not Transported),,,,,,,1,
2022,41,410106,Oregon,2,2,0,0,0,2,2,29,JACKSON (29),0,NOT APPLICABLE,21,21,3,March,2022,2,Monday,17,5:00pm-5:59pm,10,10,0,This section IS NOT on the NHS,2,Urban,5,Major Collector,2,County Highway Agency,4,County Road,CR-WAGNER CREEK RD,,11,11,42.23675278,42.23675278,-122.794702780,-122.79470278,0,No Special Jurisdiction,12,Motor Vehicle In-Transport,6,Angle,0,No,1,Non-Junction,1,Not an Intersection,0,None,,,1,On Roadway,5,Dusk,,,,,10,Cloudy,0,No,0000000,Not Applicable,17,5:00pm-5:59pm,12,12,17,5:00pm-5:59pm,16,16,99,Unknown,99,Unknown EMS Hospital Arrival Time,,,,,,,1,
2022,41,410107,Oregon,1,1,0,0,0,1,1,43,LINN (43),0,NOT APPLICABLE,22,22,3,March,2022,3,Tuesday,16,4:00pm-4:59pm,46,46,0,This section IS NOT on the NHS,1,Rural,5,Major Collector,2,County Highway Agency,4,County Road,CR-BRUSH CREEK RD,,32,32,44.31922778,44.31922778,-122.819761110,-122.81976111,0,No Special Jurisdiction,34,Ditch,0,The First Harmful Event was Not a Collision with a Motor Vehicle in Transport,0,No,1,Non-Junction,1,Not an Intersection,0,None,,,4,On Roadside,1,Daylight,,,,,1,Clear,0,No,0000000,Not Applicable,16,4:00pm-4:59pm,46,46,16,4:00pm-4:59pm,52,52,88,"Not Applicable (Not Transported) ",88,Not Applicable (Not Transported),,,,,,,1,
2022,41,410109,Oregon,3,3,0,1,1,3,3,29,JACKSON (29),1310,MEDFORD,24,24,3,March,2022,5,Thursday,5,5:00am-5:59am,57,57,0,This section IS NOT on the NHS,2,Urban,4,Minor Arterial,4,City or Municipal Highway Agency,6,Local Street - Municipality,TABLE ROCK RD,,0,None,42.37395000,42.37395000,-122.885333330,-122.88533333,0,No Special Jurisdiction,8,Pedestrian,0,The First Harmful Event was Not a Collision with a Motor Vehicle in Transport,0,No,1,Non-Junction,1,Not an Intersection,0,None,,,1,On Roadway,2,Dark - Not Lighted,,,,,1,Clear,0,No,0000000,Not Applicable,5,5:00am-5:59am,59,59,6,6:00am-6:59am,6,6,88,"Not Applicable (Not Transported) ",88,Not Applicable (Not Transported),,,,,,,1,
2022,41,410110,Oregon,2,2,0,0,0,3,3,51,MULTNOMAH (51),1650,PORTLAND,24,24,3,March,2022,5,Thursday,13,1:00pm-1:59pm,40,40,1,This section IS ON the NHS,2,Urban,3,Principal Arterial - Other,4,City or Municipal Highway Agency,6,Local Street - Municipality,N COLUMBIA BLVD,N VANCOUVER AVE,0,None,45.58289722,45.58289722,-122.667772220,-122.66777222,0,No Special Jurisdiction,12,Motor Vehicle In-Transport,6,Angle,0,No,2,Intersection,2,Four-Way Intersection,0,None,,,1,On Roadway,1,Daylight,,,,,10,Cloudy,0,No,0000000,Not Applicable,99,Unknown,99,Unknown,99,Unknown EMS Scene Arrival Hour,99,Unknown EMS Scene Arrival Minutes,99,Unknown,99,Unknown EMS Hospital Arrival Time,,,,,,,1,
2022,41,410111,Oregon,1,1,0,0,0,1,1,29,JACKSON (29),0,NOT APPLICABLE,25,25,3,March,2022,6,Friday,3,3:00am-3:59am,17,17,0,This section IS NOT on the NHS,2,Urban,5,Major Collector,2,County Highway Agency,4,County Road,CR-NICK YOUND RD,,1,1,42.46322778,42.46322778,-122.818361110,-122.81836111,0,No Special Jurisdiction,42,Tree (Standing Only),0,The First Harmful Event was Not a Collision with a Motor Vehicle in Transport,0,No,1,Non-Junction,1,Not an Intersection,0,None,,,4,On Roadside,2,Dark - Not Lighted,,,,,1,Clear,0,No,0000000,Not Applicable,3,3:00am-3:59am,31,31,3,3:00am-3:59am,37,37,88,"Not Applicable (Not Transported) ",88,Not Applicable (Not Transported),,,,,,,1,
2022,41,410112,Oregon,1,1,0,0,0,1,1,5,CLACKAMAS (5),1580,OREGON CITY,21,21,3,March,2022,2,Monday,23,11:00pm-11:59pm,20,20,0,This section IS NOT on the NHS,2,Urban,4,Minor Arterial,4,City or Municipal Highway Agency,6,Local Street - Municipality,WASHINGTON ST,AGNES AVE,0,None,45.37685000,45.37685000,-122.587619440,-122.58761944,0,No Special Jurisdiction,42,Tree (Standing Only),0,The First Harmful Event was Not a Collision with a Motor Vehicle in Transport,0,No,3,Intersection-Related,3,T-Intersection,0,None,,,4,On Roadside,3,Dark - Lighted,,,,,2,Rain,0,No,0000000,Not Applicable,99,Unknown,99,Unknown,99,Unknown EMS Scene Arrival Hour,99,Unknown EMS Scene Arrival Minutes,88,"Not Applicable (Not Transported) ",88,Not Applicable (Not Transported),,,,,,,1,
2022,41,410113,Oregon,2,2,0,0,0,2,2,43,LINN (43),0,NOT APPLICABLE,25,25,3,March,2022,6,Friday,10,10:00am-10:59am,0,0,0,This section IS NOT on the NHS,1,Rural,4,Minor Arterial,2,County Highway Agency,4,County Road,CR-STAYTON SCIO RD,CR-COLE SCHOOL RD,32,32,44.77332222,44.77332222,-122.804586110,-122.80458611,0,No Special Jurisdiction,12,Motor Vehicle In-Transport,6,Angle,0,No,2,Intersection,7,"Five Point, or More",0,None,,,1,On Roadway,1,Daylight,,,,,1,Clear,0,No,0000000,Not Applicable,10,10:00am-10:59am,0,0,10,10:00am-10:59am,6,6,88,"Not Applicable (Not Transported) ",88,Not Applicable (Not Transported),,,,,,,1,
2022,41,410114,Oregon,2,2,0,0,0,2,2,47,MARION (47),0,NOT APPLICABLE,25,25,3,March,2022,6,Friday,13,1:00pm-1:59pm,35,35,1,This section IS ON the NHS,1,Rural,1,Interstate,1,State Highway Agency,1,Interstate,I-5,,2763,2763,45.20483056,45.20483056,-122.829025000,-122.82902500,0,No Special Jurisdiction,12,Motor Vehicle In-Transport,1,Front-to-Rear,0,No,1,Non-Junction,1,Not an Intersection,0,None,,,1,On Roadway,1,Daylight,,,,,10,Cloudy,0,No,0000000,Not Applicable,13,1:00pm-1:59pm,41,41,13,1:00pm-1:59pm,49,49,88,"Not Applicable (Not Transported) ",88,Not Applicable (Not Transported),,,,,,,1,
2022,41,410115,Oregon,1,1,0,6,6,1,1,47,MARION (47),1810,SALEM,27,27,3,March,2022,1,Sunday,2,2:00am-2:59am,4,4,1,This section IS ON the NHS,2,Urban,3,Principal Arterial - Other,1,State Highway Agency,3,State Highway,SR-99E ODOT 72,,48,48,44.94690556,44.94690556,-123.039019440,-123.03901944,0,No Special Jurisdiction,8,Pedestrian,0,The First Harmful Event was Not a Collision with a Motor Vehicle in Transport,0,No,1,Non-Junction,1,Not an Intersection,0,None,,,5,Outside Trafficway,3,Dark - Lighted,,,,,10,Cloudy,0,No,0000000,Not Applicable,2,2:00am-2:59am,4,4,2,2:00am-2:59am,10,10,2,2:00am-2:59am,27,27,,,,,,,4,
2022,41,410116,Oregon,1,1,0,0,0,1,1,31,JEFFERSON (31),0,NOT APPLICABLE,21,21,3,March,2022,2,Monday,99,Unknown Hours,99,Unknown Minutes,1,This section IS ON the NHS,1,Rural,3,Principal Arterial - Other,1,State Highway Agency,2,U.S. Highway,US-26 ODOT 53,,1102,1102,44.71944167,44.71944167,-121.199175000,-121.19917500,0,No Special Jurisdiction,1,Rollover/Overturn,0,The First Harmful Event was Not a Collision with a Motor Vehicle in Transport,0,No,1,Non-Junction,1,Not an Intersection,0,None,,,4,On Roadside,1,Daylight,,,,,1,Clear,0,No,0000000,Not Applicable,15,3:00pm-3:59pm,15,15,15,3:00pm-3:59pm,25,25,88,"Not Applicable (Not Transported) ",88,Not Applicable (Not Transported),,,,,,,1,
2022,41,410117,Oregon,1,1,0,1,1,1,1,47,MARION (47),0,NOT APPLICABLE,31,31,3,March,2022,5,Thursday,23,11:00pm-11:59pm,55,55,1,This section IS ON the NHS,2,Urban,3,Principal Arterial - Other,2,County Highway Agency,4,County Road,CR-CORDON RD SE,,20,20,44.92430278,44.92430278,-122.958425000,-122.95842500,0,No Special Jurisdiction,8,Pedestrian,0,The First Harmful Event was Not a Collision with a Motor Vehicle in Transport,0,No,1,Non-Junction,1,Not an Intersection,0,None,,,1,On Roadway,2,Dark - Not Lighted,,,,,10,Cloudy,0,No,0000000,Not Applicable,23,11:00pm-11:59pm,55,55,23,11:00pm-11:59pm,58,58,88,"Not Applicable (Not Transported) ",88,Not Applicable (Not Transported),,,,,,,1,
2022,41,410118,Oregon,1,1,0,0,0,4,4,57,TILLAMOOK (57),0,NOT APPLICABLE,31,31,3,March,2022,5,Thursday,21,9:00pm-9:59pm,17,17,0,This section IS NOT on the NHS,1,Rural,7,Local,2,County Highway Agency,4,County Road,CR-KILCHIS FOREST RD,,0,None,45.54061667,45.54061667,-123.784188890,-123.78418889,0,No Special Jurisdiction,42,Tree (Standing Only),0,The First Harmful Event was Not a Collision with a Motor Vehicle in Transport,0,No,1,Non-Junction,1,Not an Intersection,0,None,,,4,On Roadside,2,Dark - Not Lighted,,,,,10,Cloudy,0,No,0000000,Not Applicable,21,9:00pm-9:59pm,19,19,21,9:00pm-9:59pm,39,39,22,10:00pm-10:59pm,22,22,,,,,,,1,
2022,41,410119,Oregon,2,2,0,0,0,3,3,39,LANE (39),0,NOT APPLICABLE,1,1,4,April,2022,6,Friday,22,10:00pm-10:59pm,8,8,1,This section IS ON the NHS,1,Rural,3,Principal Arterial - Other,1,State Highway Agency,3,State Highway,SR-126W ODOT 62,,455,455,44.05146944,44.05146944,-123.378088890,-123.37808889,0,No Special Jurisdiction,12,Motor Vehicle In-Transport,2,Front-to-Front,0,No,1,Non-Junction,1,Not an Intersection,0,None,,,1,On Roadway,2,Dark - Not Lighted,,,,,2,Rain,0,No,0000000,Not Applicable,99,Unknown,99,Unknown,99,Unknown EMS Scene Arrival Hour,99,Unknown EMS Scene Arrival Minutes,99,Unknown,99,Unknown EMS Hospital Arrival Time,,,,,,,2,
2022,41,410120,Oregon,3,3,0,1,1,4,4,43,LINN (43),0,NOT APPLICABLE,2,2,4,April,2022,7,Saturday,2,2:00am-2:59am,4,4,1,This section IS ON the NHS,2,Urban,1,Interstate,1,State Highway Agency,1,Interstate,I-5,,2383,2383,44.70411111,44.70411111,-123.052238890,-123.05223889,0,No Special Jurisdiction,8,Pedestrian,0,The First Harmful Event was Not a Collision with a Motor Vehicle in Transport,0,No,1,Non-Junction,1,Not an Intersection,0,None,,,1,On Roadway,3,Dark - Lighted,,,,,10,Cloudy,0,No,0000000,Not Applicable,2,2:00am-2:59am,4,4,2,2:00am-2:59am,21,21,88,"Not Applicable (Not Transported) ",88,Not Applicable (Not Transported),,,,,,,1,
2022,41,410121,Oregon,1,1,0,0,0,1,1,19,DOUGLAS (19),0,NOT APPLICABLE,3,3,4,April,2022,1,Sunday,15,3:00pm-3:59pm,0,0,0,This section IS NOT on the NHS,1,Rural,4,Minor Arterial,1,State Highway Agency,3,State Highway,SR-138E ODOT 138,,858,858,43.08999444,43.08999444,-122.119594440,-122.11959444,0,No Special Jurisdiction,42,Tree (Standing Only),0,The First Harmful Event was Not a Collision with a Motor Vehicle in Transport,0,No,1,Non-Junction,1,Not an Intersection,0,None,,,4,On Roadside,1,Daylight,,,,,1,Clear,0,No,0000000,Not Applicable,15,3:00pm-3:59pm,29,29,15,3:00pm-3:59pm,47,47,88,"Not Applicable (Not Transported) ",88,Not Applicable (Not Transported),,,,,,,1,
2022,41,410122,Oregon,1,1,0,0,0,1,1,39,LANE (39),660,EUGENE,3,3,4,April,2022,1,Sunday,17,5:00pm-5:59pm,27,27,1,This section IS ON the NHS,2,Urban,3,Principal Arterial - Other,1,State Highway Agency,3,State Highway,SR-126 ODOT 69,,19,19,44.04839444,44.04839444,-123.194938890,-123.19493889,0,No Special Jurisdiction,31,"Post, Pole or Other Supports",0,The First Harmful Event was Not a Collision with a Motor Vehicle in Transport,0,No,1,Non-Junction,1,Not an Intersection,0,None,,,4,On Roadside,1,Daylight,,,,,10,Cloudy,0,No,0000000,Not Applicable,99,Unknown,99,Unknown,99,Unknown EMS Scene Arrival Hour,99,Unknown EMS Scene Arrival Minutes,88,"Not Applicable (Not Transported) ",88,Not Applicable (Not Transported),,,,,,,1,
2022,41,410123,Oregon,2,2,0,0,0,2,2,39,LANE (39),660,EUGENE,4,4,4,April,2022,2,Monday,19,7:00pm-7:59pm,41,41,1,This section IS ON the NHS,2,Urban,3,Principal Arterial - Other,4,City or Municipal Highway Agency,6,Local Street - Municipality,W 11TH AVE,,0,None,44.04806944,44.04806944,-123.148625000,-123.14862500,0,No Special Jurisdiction,12,Motor Vehicle In-Transport,6,Angle,0,No,8,Driveway Access Related,1,Not an Intersection,0,None,,,1,On Roadway,5,Dusk,,,,,2,Rain,0,No,0000000,Not Applicable,19,7:00pm-7:59pm,42,42,19,7:00pm-7:59pm,46,46,20,8:00pm-8:59pm,17,17,,,,,,,1,
2022,41,410124,Oregon,1,1,0,1,1,1,1,19,DOUGLAS (19),0,NOT APPLICABLE,5,5,4,April,2022,3,Tuesday,5,5:00am-5:59am,40,40,1,This section IS ON the NHS,1,Rural,1,Interstate,1,State Highway Agency,1,Interstate,I-5,,1323,1323,43.32995278,43.32995278,-123.339833330,-123.33983333,0,No Special Jurisdiction,8,Pedestrian,0,The First Harmful Event was Not a Collision with a Motor Vehicle in Transport,0,No,1,Non-Junction,1,Not an Intersection,0,None,,,1,On Roadway,2,Dark - Not Lighted,,,,,5,"Fog, Smog, Smoke",0,No,0000000,Not Applicable,5,5:00am-5:59am,42,42,99,Unknown EMS Scene Arrival Hour,99,Unknown EMS Scene Arrival Minutes,88,"Not Applicable (Not Transported) ",88,Not Applicable (Not Transported),,,,,,,1,
2022,41,410125,Oregon,1,1,0,1,1,1,1,51,MULTNOMAH (51),1650,PORTLAND,4,4,4,April,2022,2,Monday,22,10:00pm-10:59pm,15,15,1,This section IS ON the NHS,2,Urban,3,Principal Arterial - Other,1,State Highway Agency,2,U.S. Highway,US-26 ODOT 26,,32,32,45.49750833,45.49750833,-122.615152780,-122.61515278,0,No Special Jurisdiction,8,Pedestrian,0,The First Harmful Event was Not a Collision with a Motor Vehicle in Transport,0,No,1,Non-Junction,1,Not an Intersection,0,None,,,1,On Roadway,3,Dark - Lighted,,,,,10,Cloudy,0,No,0000000,Not Applicable,99,Unknown,99,Unknown,99,Unknown EMS Scene Arrival Hour,99,Unknown EMS Scene Arrival Minutes,88,"Not Applicable (Not Transported) ",88,Not Applicable (Not Transported),,,,,,,1,
2022,41,410126,Oregon,1,1,0,0,0,1,1,39,LANE (39),0,NOT APPLICABLE,24,24,3,March,2022,5,Thursday,18,6:00pm-6:59pm,15,15,0,This section IS NOT on the NHS,1,Rural,5,Major Collector,2,County Highway Agency,4,County Road,CR-COBURG RD,,95,95,44.16059444,44.16059444,-123.098280560,-123.09828056,0,No Special Jurisdiction,32,Culvert,0,The First Harmful Event was Not a Collision with a Motor Vehicle in Transport,0,No,1,Non-Junction,1,Not an Intersection,0,None,,,4,On Roadside,1,Daylight,,,,,1,Clear,0,No,0000000,Not Applicable,18,6:00pm-6:59pm,19,19,18,6:00pm-6:59pm,27,27,88,"Not Applicable (Not Transported) ",88,Not Applicable (Not Transported),,,,,,,1,
2022,41,410127,Oregon,2,2,0,0,0,5,5,39,LANE (39),0,NOT APPLICABLE,10,10,4,April,2022,1,Sunday,11,11:00am-11:59am,43,43,1,This section IS ON the NHS,1,Rural,3,Principal Arterial - Other,1,State Highway Agency,3,State Highway,SR-126 ODOT 62,,354,354,44.04759167,44.04759167,-123.537808330,-123.53780833,0,No Special Jurisdiction,12,Motor Vehicle In-Transport,6,Angle,0,No,1,Non-Junction,1,Not an Intersection,0,None,,,1,On Roadway,1,Daylight,,,,,10,Cloudy,0,No,0000000,Not Applicable,11,11:00am-11:59am,44,44,11,11:00am-11:59am,57,57,99,Unknown,99,Unknown EMS Hospital Arrival Time,,,,,,,1,
2022,41,410128,Oregon,2,2,0,0,0,6,6,71,YAMHILL (71),0,NOT APPLICABLE,10,10,4,April,2022,1,Sunday,11,11:00am-11:59am,32,32,1,This section IS ON the NHS,2,Urban,3,Principal Arterial - Other,1,State Highway Agency,3,State Highway,SR-18 ODOT 39,,495,495,45.20848611,45.20848611,-123.113633330,-123.11363333,0,No Special Jurisdiction,12,Motor Vehicle In-Transport,2,Front-to-Front,0,No,1,Non-Junction,1,Not an Intersection,0,None,,,1,On Roadway,1,Daylight,,,,,10,Cloudy,0,No,0000000,Not Applicable,11,11:00am-11:59am,33,33,11,11:00am-11:59am,39,39,88,"Not Applicable (Not Transported) ",88,Not Applicable (Not Transported),,,,,,,4,
2022,41,410129,Oregon,1,1,0,0,0,3,3,29,JACKSON (29),1310,MEDFORD,10,10,4,April,2022,1,Sunday,1,1:00am-1:59am,58,58,0,This section IS NOT on the NHS,2,Urban,4,Minor Arterial,4,City or Municipal Highway Agency,6,Local Street - Municipality,CRATER LAKE AVE,,0,None,42.34948056,42.34948056,-122.855641670,-122.85564167,0,No Special Jurisdiction,30,Utility Pole/Light Support,0,The First Harmful Event was Not a Collision with a Motor Vehicle in Transport,0,No,1,Non-Junction,1,Not an Intersection,0,None,,,4,On Roadside,3,Dark - Lighted,,,,,1,Clear,0,No,0000000,Not Applicable,2,2:00am-2:59am,2,2,2,2:00am-2:59am,4,4,2,2:00am-2:59am,27,27,,,,,,,1,
2022,41,410130,Oregon,1,1,0,0,0,1,1,41,LINCOLN (41),0,NOT APPLICABLE,10,10,4,April,2022,1,Sunday,22,10:00pm-10:59pm,41,41,0,This section IS NOT on the NHS,1,Rural,5,Major Collector,2,County Highway Agency,4,County Road,CR-ELK CITY RD,,25,25,44.60274167,44.60274167,-123.902386110,-123.90238611,0,No Special Jurisdiction,34,Ditch,0,The First Harmful Event was Not a Collision with a Motor Vehicle in Transport,0,No,1,Non-Junction,1,Not an Intersection,0,None,,,4,On Roadside,2,Dark - Not Lighted,,,,,2,Rain,0,No,0000000,Not Applicable,22,10:00pm-10:59pm,41,41,22,10:00pm-10:59pm,55,55,88,"Not Applicable (Not Transported) ",88,Not Applicable (Not Transported),,,,,,,1,