caseyear,state,st_case,statename,ve_total,ve_forms,pvh_invl,peds,pernotmvit,permvit,persons,county,countyname,city,cityname,day,dayname,month,monthname,year,day_week,day_weekname,hour,hourname,minute,minutename,nhs,nhsname,rur_urb,rur_urbname,func_sys,func_sysname,rd_owner,rd_ownername,route,routename,tway_id,tway_id2,milept,mileptname,latitude,latitudename,longitud,longitudname,sp_jur,sp_jurname,harm_ev,harm_evname,man_coll,man_collname,reljct1,reljct1name,reljct2,reljct2name,typ_int,typ_intname,wrk_zone,wrk_zonename,road_fnc,road_fncname,rel_road,rel_roadname,lgt_cond,lgt_condname,weather1,weather1name,weather2,weather2name,weather,weathername,sch_bus,sch_busname,rail,railname,not_hour,not_hourname,not_min,not_minname,arr_hour,arr_hourname,arr_min,arr_minname,hosp_hr,hosp_hrname,hosp_mn,hosp_mnname,cf1,cf1name,cf2,cf2name,cf3,cf3name,fatals,drunk_dr
2022,41,410215,Oregon,1,1,0,0,0,1,1,19,DOUGLAS (19),0,NOT APPLICABLE,17,17,6,June,2022,6,Friday,19,7:00pm-7:59pm,38,38,0,This section IS NOT on the NHS,1,Rural,5,Major Collector,2,County Highway Agency,4,County Road,CR-GARDEN VALLEY RD,,58,58,43.28169167,43.28169167,-123.431283330,-123.43128333,0,No Special Jurisdiction,35,Embankment,0,The First Harmful Event was Not a Collision with a Motor Vehicle in Transport,0,No,1,Non-Junction,1,Not an Intersection,0,None,,,4,On Roadside,1,Daylight,,,,,1,Clear,0,No,0000000,Not Applicable,19,7:00pm-7:59pm,39,39,19,7:00pm-7:59pm,44,44,88,"Not Applicable (Not Transported) ",88,Not Applicable (Not Transported),,,,,,,1,
2022,41,410216,Oregon,1,1,0,0,0,1,1,17,DESCHUTES (17),190,BEND,18,18,6,June,2022,7,Saturday,2,2:00am-2:59am,28,28,0,This section IS NOT on the NHS,2,Urban,4,Minor Arterial,4,City or Municipal Highway Agency,6,Local Street - Municipality,NW RIVERSIDE BLVD,NW TUMALO AVE,0,None,44.05650833,44.05650833,-121.323219440,-121.32321944,0,No Special Jurisdiction,33,Curb,0,The First Harmful Event was Not a Collision with a Motor Vehicle in Transport,0,No,3,Intersection-Related,7,"Five Point, or More",0,None,,,4,On Roadside,3,Dark - Lighted,,,,,1,Clear,0,No,0000000,Not Applicable,2,2:00am-2:59am,29,29,2,2:00am-2:59am,35,35,88,"Not Applicable (Not Transported) ",88,Not Applicable (Not Transported),,,,,,,1,
2022,41,410217,Oregon,1,1,0,0,0,1,1,57,TILLAMOOK (57),0,NOT APPLICABLE,19,19,6,June,2022,1,Sunday,12,12:00pm-12:59pm,0,0,0,This section IS NOT on the NHS,1,Rural,5,Major Collector,1,State Highway Agency,3,State Highway,SR-130 ODOT 130,,30,30,45.13465556,45.13465556,-123.895338890,-123.89533889,0,No Special Jurisdiction,30,Utility Pole/Light Support,0,The First Harmful Event was Not a Collision with a Motor Vehicle in Transport,0,No,1,Non-Junction,1,Not an Intersection,0,None,,,4,On Roadside,9,Reported as Unknown,,,,,99,Reported as Unknown,0,No,0000000,Not Applicable,7,7:00am-7:59am,43,43,7,7:00am-7:59am,55,55,88,"Not Applicable (Not Transported) ",88,Not Applicable (Not Transported),,,,,,,1,
2022,41,410218,Oregon,1,1,0,1,1,1,1,51,MULTNOMAH (51),1650,PORTLAND,7,7,4,April,2022,5,Thursday,22,10:00pm-10:59pm,23,23,1,This section IS ON the NHS,2,Urban,3,Principal Arterial - Other,4,City or Municipal Highway Agency,6,Local Street - Municipality,SE DIVISION ST,,196,196,45.50441111,45.50441111,-122.562308330,-122.56230833,0,No Special Jurisdiction,8,Pedestrian,0,The First Harmful Event was Not a Collision with a Motor Vehicle in Transport,0,No,1,Non-Junction,1,Not an Intersection,0,None,,,1,On Roadway,3,Dark - Lighted,,,,,98,Not Reported,0,No,0000000,Not Applicable,22,10:00pm-10:59pm,23,23,22,10:00pm-10:59pm,30,30,22,10:00pm-10:59pm,41,41,,,,,,,1,
2022,41,410219,Oregon,1,1,0,0,0,1,1,63,WALLOWA (63),0,NOT APPLICABLE,18,18,6,June,2022,7,Saturday,6,6:00am-6:59am,0,0,0,This section IS NOT on the NHS,1,Rural,7,Local,2,County Highway Agency,4,County Road,CR-BIG CANYON RD,,32,32,45.58089167,45.58089167,-117.667491670,-117.66749167,0,No Special Jurisdiction,35,Embankment,0,The First Harmful Event was Not a Collision with a Motor Vehicle in Transport,0,No,1,Non-Junction,1,Not an Intersection,0,None,,,4,On Roadside,9,Reported as Unknown,,,,,99,Reported as Unknown,0,No,0000000,Not Applicable,88,Not Applicable (Not Notified),88,Not Applicable (Not Notified),88,Not Applicable,88,Not Applicable,88,"Not Applicable (Not Transported) ",88,Not Applicable (Not Transported),,,,,,,1,
2022,41,410220,Oregon,1,1,0,0,0,1,1,17,DESCHUTES (17),0,NOT APPLICABLE,17,17,6,June,2022,6,Friday,23,11:00pm-11:59pm,14,14,0,This section IS NOT on the NHS,2,Urban,5,Major Collector,2,County Highway Agency,4,County Road,"CR-WARD RD ",,0,None,44.03694167,44.03694167,-121.238519440,-121.23851944,0,No Special Jurisdiction,38,Fence,0,The First Harmful Event was Not a Collision with a Motor Vehicle in Transport,0,No,1,Non-Junction,1,Not an Intersection,0,None,,,4,On Roadside,2,Dark - Not Lighted,,,,,2,Rain,0,No,0000000,Not Applicable,23,11:00pm-11:59pm,14,14,23,11:00pm-11:59pm,23,23,88,"Not Applicable (Not Transported) ",88,Not Applicable (Not Transported),,,,,,,1,
2022,41,410221,Oregon,2,2,0,0,0,6,6,35,KLAMATH (35),0,NOT APPLICABLE,24,24,6,June,2022,6,Friday,0,0:00am-0:59am,35,35,1,This section IS ON the NHS,1,Rural,3,Principal Arterial - Other,1,State Highway Agency,2,U.S. Highway,US-97 ODOT 4,,2666,2666,42.32790278,42.32790278,-121.817700000,-121.81770000,0,No Special Jurisdiction,12,Motor Vehicle In-Transport,2,Front-to-Front,0,No,1,Non-Junction,1,Not an Intersection,0,None,,,1,On Roadway,2,Dark - Not Lighted,,,,,1,Clear,0,No,0000000,Not Applicable,0,0:00am-0:59am,35,35,0,0:00am-0:59am,48,48,1,1:00am-1:59am,9,9,,,,,,,2,
2022,41,410222,Oregon,1,1,0,0,0,1,1,43,LINN (43),0,NOT APPLICABLE,25,25,6,June,2022,7,Saturday,18,6:00pm-6:59pm,45,45,1,This section IS ON the NHS,1,Rural,3,Principal Arterial - Other,1,State Highway Agency,2,U.S. Highway,US-20 ODOT 16,,556,556,44.39672778,44.39672778,-122.238191670,-122.23819167,0,No Special Jurisdiction,35,Embankment,0,The First Harmful Event was Not a Collision with a Motor Vehicle in Transport,0,No,1,Non-Junction,1,Not an Intersection,0,None,,,4,On Roadside,1,Daylight,,,,,1,Clear,0,No,0000000,Not Applicable,19,7:00pm-7:59pm,0,0,19,7:00pm-7:59pm,24,24,88,"Not Applicable (Not Transported) ",88,Not Applicable (Not Transported),,,,,,,1,
2022,41,410223,Oregon,2,2,0,0,0,3,3,5,CLACKAMAS (5),0,NOT APPLICABLE,26,26,6,June,2022,1,Sunday,21,9:00pm-9:59pm,23,23,1,This section IS ON the NHS,2,Urban,3,Principal Arterial - Other,1,State Highway Agency,3,State Highway,SR-99E ODOT 81,,97,97,45.39180000,45.39180000,-122.613250000,-122.61325000,0,No Special Jurisdiction,12,Motor Vehicle In-Transport,2,Front-to-Front,0,No,8,Driveway Access Related,1,Not an Intersection,0,None,,,1,On Roadway,3,Dark - Lighted,,,,,1,Clear,0,No,0000000,Not Applicable,21,9:00pm-9:59pm,23,23,21,9:00pm-9:59pm,27,27,88,"Not Applicable (Not Transported) ",88,Not Applicable (Not Transported),,,,,,,1,
2022,41,410224,Oregon,1,1,0,1,1,1,1,47,MARION (47),0,NOT APPLICABLE,26,26,6,June,2022,1,Sunday,22,10:00pm-10:59pm,5,5,1,This section IS ON the NHS,2,Urban,3,Principal Arterial - Other,2,County Highway Agency,4,County Road,CR-LANCASTER DR NE,,47,47,44.98160556,44.98160556,-122.983225000,-122.98322500,0,No Special Jurisdiction,8,Pedestrian,0,The First Harmful Event was Not a Collision with a Motor Vehicle in Transport,0,No,1,Non-Junction,1,Not an Intersection,0,None,,,1,On Roadway,3,Dark - Lighted,,,,,1,Clear,0,No,0000000,Not Applicable,22,10:00pm-10:59pm,5,5,22,10:00pm-10:59pm,7,7,88,"Not Applicable (Not Transported) ",88,Not Applicable (Not Transported),,,,,,,1,
2022,41,410225,Oregon,1,1,0,0,0,1,1,11,COOS (11),0,NOT APPLICABLE,13,13,4,April,2022,4,Wednesday,14,2:00pm-2:59pm,33,33,0,This section IS NOT on the NHS,1,Rural,5,Major Collector,2,County Highway Agency,4,County Road,CR-FAIRVIEW RD,,50,50,43.19809722,43.19809722,-124.122705560,-124.12270556,0,No Special Jurisdiction,42,Tree (Standing Only),0,The First Harmful Event was Not a Collision with a Motor Vehicle in Transport,0,No,1,Non-Junction,1,Not an Intersection,0,None,,,4,On Roadside,1,Daylight,,,,,10,Cloudy,0,No,0000000,Not Applicable,99,Unknown,99,Unknown,99,Unknown EMS Scene Arrival Hour,99,Unknown EMS Scene Arrival Minutes,99,Unknown,99,Unknown EMS Hospital Arrival Time,,,,,,,1,
2022,41,410226,Oregon,2,2,0,0,0,2,2,35,KLAMATH (35),1170,KLAMATH FALLS,19,19,5,May,2022,5,Thursday,1,1:00am-1:59am,0,0,0,This section IS NOT on the NHS,2,Urban,7,Local,4,City or Municipal Highway Agency,6,Local Street - Municipality,N EIGHTH ST,,0,None,42.22752222,42.22752222,-121.783430560,-121.78343056,0,No Special Jurisdiction,12,Motor Vehicle In-Transport,2,Front-to-Front,0,No,1,Non-Junction,1,Not an Intersection,0,None,,,1,On Roadway,3,Dark - Lighted,,,,,1,Clear,0,No,0000000,Not Applicable,1,1:00am-1:59am,0,0,1,1:00am-1:59am,12,12,1,1:00am-1:59am,22,22,,,,,,,1,
2022,41,410228,Oregon,2,2,0,0,0,2,2,5,CLACKAMAS (5),0,NOT APPLICABLE,25,25,5,May,2022,4,Wednesday,19,7:00pm-7:59pm,18,18,0,This section IS NOT on the NHS,1,Rural,6,Minor Collector,2,County Highway Agency,4,County Road,"CR-S LIBERAL WAY ",,7,7,45.19267500,45.19267500,-122.605225000,-122.60522500,0,No Special Jurisdiction,12,Motor Vehicle In-Transport,2,Front-to-Front,0,No,1,Non-Junction,1,Not an Intersection,0,None,,,1,On Roadway,1,Daylight,,,,,1,Clear,0,No,0000000,Not Applicable,19,7:00pm-7:59pm,19,19,19,7:00pm-7:59pm,26,26,88,"Not Applicable (Not Transported) ",88,Not Applicable (Not Transported),,,,,,,1,
2022,41,410229,Oregon,1,1,0,0,0,1,1,39,LANE (39),0,NOT APPLICABLE,7,7,6,June,2022,3,Tuesday,99,Unknown Hours,99,Unknown Minutes,0,This section IS NOT on the NHS,1,Rural,7,Local,64,U.S. Forest Service,4,County Road,CR-WARNER CREEK RD,,0,None,43.73455278,43.73455278,-122.336236110,-122.33623611,1,National Park Service,42,Tree (Standing Only),0,The First Harmful Event was Not a Collision with a Motor Vehicle in Transport,0,No,1,Non-Junction,1,Not an Intersection,0,None,,,4,On Roadside,9,Reported as Unknown,,,,,99,Reported as Unknown,0,No,0000000,Not Applicable,18,6:00pm-6:59pm,28,28,18,6:00pm-6:59pm,59,59,88,"Not Applicable (Not Transported) ",88,Not Applicable (Not Transported),,,,,,,1,
2022,41,410230,Oregon,2,2,0,0,0,2,2,67,WASHINGTON (67),0,NOT APPLICABLE,22,22,6,June,2022,4,Wednesday,5,5:00am-5:59am,56,56,0,This section IS NOT on the NHS,1,Rural,5,Major Collector,2,County Highway Agency,4,County Road,CR-NW KERKMAN RD,,0,None,45.58159167,45.58159167,-123.042747220,-123.04274722,0,No Special Jurisdiction,12,Motor Vehicle In-Transport,2,Front-to-Front,0,No,1,Non-Junction,1,Not an Intersection,0,None,,,1,On Roadway,1,Daylight,,,,,1,Clear,0,No,0000000,Not Applicable,5,5:00am-5:59am,56,56,6,6:00am-6:59am,3,3,88,"Not Applicable (Not Transported) ",88,Not Applicable (Not Transported),,,,,,,1,
2022,41,410231,Oregon,2,2,0,0,0,3,3,47,MARION (47),0,NOT APPLICABLE,28,28,6,June,2022,3,Tuesday,21,9:00pm-9:59pm,39,39,0,This section IS NOT on the NHS,2,Urban,4,Minor Arterial,1,State Highway Agency,3,State Highway,SR-99 ODOT 81,,335,335,45.13064167,45.13064167,-122.849630560,-122.84963056,0,No Special Jurisdiction,12,Motor Vehicle In-Transport,2,Front-to-Front,0,No,1,Non-Junction,1,Not an Intersection,0,None,,,1,On Roadway,2,Dark - Not Lighted,,,,,1,Clear,0,No,0000000,Not Applicable,21,9:00pm-9:59pm,39,39,21,9:00pm-9:59pm,39,39,22,10:00pm-10:59pm,20,20,,,,,,,1,
2022,41,410232,Oregon,2,2,0,0,0,3,3,31,JEFFERSON (31),0,NOT APPLICABLE,28,28,6,June,2022,3,Tuesday,14,2:00pm-2:59pm,23,23,1,This section IS ON the NHS,1,Rural,3,Principal Arterial - Other,1,State Highway Agency,2,U.S. Highway,US-97 ODOT 4,SR-361 ODOT 361,1057,1057,44.49090833,44.49090833,-121.193225000,-121.19322500,0,No Special Jurisdiction,12,Motor Vehicle In-Transport,6,Angle,0,No,2,Intersection,2,Four-Way Intersection,0,None,,,1,On Roadway,1,Daylight,,,,,1,Clear,0,No,0000000,Not Applicable,14,2:00pm-2:59pm,23,23,14,2:00pm-2:59pm,33,33,99,Unknown,99,Unknown EMS Hospital Arrival Time,,,,,,,1,
2022,41,410233,Oregon,2,2,0,0,0,2,2,71,YAMHILL (71),1260,MCMINNVILLE,28,28,6,June,2022,3,Tuesday,15,3:00pm-3:59pm,5,5,1,This section IS ON the NHS,2,Urban,3,Principal Arterial - Other,1,State Highway Agency,3,State Highway,SR-99W ODOT 91,NE RIVERSIDE DR,351,351,45.23047500,45.23047500,-123.164813890,-123.16481389,0,No Special Jurisdiction,12,Motor Vehicle In-Transport,6,Angle,0,No,2,Intersection,3,T-Intersection,1,Construction,,,1,On Roadway,8,Not Reported,,,,,98,Not Reported,0,No,0000000,Not Applicable,99,Unknown,99,Unknown,99,Unknown EMS Scene Arrival Hour,99,Unknown EMS Scene Arrival Minutes,88,"Not Applicable (Not Transported) ",88,Not Applicable (Not Transported),,,,,,,1,
2022,41,410234,Oregon,1,1,0,0,0,1,1,39,LANE (39),0,NOT APPLICABLE,24,24,6,June,2022,6,Friday,15,3:00pm-3:59pm,16,16,1,This section IS ON the NHS,1,Rural,3,Principal Arterial - Other,1,State Highway Agency,3,State Highway,SR-126 ODOT 62,,358,358,44.05235278,44.05235278,-123.535155560,-123.53515556,0,No Special Jurisdiction,34,Ditch,0,The First Harmful Event was Not a Collision with a Motor Vehicle in Transport,0,No,1,Non-Junction,1,Not an Intersection,0,None,,,4,On Roadside,1,Daylight,,,,,1,Clear,0,No,0000000,Not Applicable,99,Unknown,99,Unknown,99,Unknown EMS Scene Arrival Hour,99,Unknown EMS Scene Arrival Minutes,99,Unknown,99,Unknown EMS Hospital Arrival Time,,,,,,,1,
2022,41,410235,Oregon,1,1,0,0,0,1,1,19,DOUGLAS (19),0,NOT APPLICABLE,29,29,6,June,2022,4,Wednesday,22,10:00pm-10:59pm,0,0,0,This section IS NOT on the NHS,1,Rural,4,Minor Arterial,2,County Highway Agency,4,County Road,CR-MELROSE RD,,78,78,43.24169444,43.24169444,-123.437761110,-123.43776111,0,No Special Jurisdiction,24,Guardrail Face,0,The First Harmful Event was Not a Collision with a Motor Vehicle in Transport,0,No,1,Non-Junction,1,Not an Intersection,0,None,,,4,On Roadside,6,Dark - Unknown Lighting,,,,,98,Not Reported,0,No,0000000,Not Applicable,22,10:00pm-10:59pm,3,3,22,10:00pm-10:59pm,20,20,22,10:00pm-10:59pm,27,27,,,,,,,1,
2022,41,410236,Oregon,2,2,0,0,0,2,2,33,JOSEPHINE (33),0,NOT APPLICABLE,29,29,6,June,2022,4,Wednesday,17,5:00pm-5:59pm,17,17,0,This section IS NOT on the NHS,2,Urban,5,Major Collector,2,County Highway Agency,7,Local Street - Frontage Road,FOOTHILL BLVD FRONTAGE RD,,16,16,42.43685000,42.43685000,-123.295469440,-123.29546944,0,No Special Jurisdiction,12,Motor Vehicle In-Transport,6,Angle,0,No,1,Non-Junction,1,Not an Intersection,0,None,,,1,On Roadway,1,Daylight,,,,,1,Clear,0,No,0000000,Not Applicable,17,5:00pm-5:59pm,17,17,17,5:00pm-5:59pm,22,22,88,"Not Applicable (Not Transported) ",88,Not Applicable (Not Transported),,,,,,,1,
2022,41,410237,Oregon,2,2,0,0,0,2,2,39,LANE (39),0,NOT APPLICABLE,30,30,6,June,2022,5,Thursday,17,5:00pm-5:59pm,8,8,0,This section IS NOT on the NHS,1,Rural,4,Minor Arterial,1,State Highway Agency,3,State Highway,SR-36 ODOT 229,CR-DORSEY LN,496,496,44.19344444,44.19344444,-123.241866670,-123.24186667,0,No Special Jurisdiction,12,Motor Vehicle In-Transport,6,Angle,0,No,2,Intersection,2,Four-Way Intersection,0,None,,,1,On Roadway,1,Daylight,,,,,1,Clear,0,No,0000000,Not Applicable,17,5:00pm-5:59pm,8,8,17,5:00pm-5:59pm,15,15,88,"Not Applicable (Not Transported) ",88,Not Applicable (Not Transported),,,,,,,1,
2022,41,410238,Oregon,1,1,0,0,0,1,1,1,BAKER (1),0,NOT APPLICABLE,1,1,7,July,2022,6,Friday,21,9:00pm-9:59pm,33,33,0,This section IS NOT on the NHS,1,Rural,7,Local,2,County Highway Agency,4,County Road,CR-HOMESTEAD RD,,1,1,45.04990833,45.04990833,-116.814602780,-116.81460278,0,No Special Jurisdiction,1,Rollover/Overturn,0,The First Harmful Event was Not a Collision with a Motor Vehicle in Transport,0,No,1,Non-Junction,1,Not an Intersection,0,None,,,4,On Roadside,2,Dark - Not Lighted,,,,,1,Clear,0,No,0000000,Not Applicable,99,Unknown,99,Unknown,99,Unknown EMS Scene Arrival Hour,99,Unknown EMS Scene Arrival Minutes,88,"Not Applicable (Not Transported) ",88,Not Applicable (Not Transported),,,,,,,1,
2022,41,410239,Oregon,1,1,0,0,0,1,1,17,DESCHUTES (17),0,NOT APPLICABLE,1,1,7,July,2022,6,Friday,21,9:00pm-9:59pm,28,28,0,This section IS NOT on the NHS,1,Rural,6,Minor Collector,2,County Highway Agency,4,County Road,CR-NELSON RD,,0,None,44.08403056,44.08403056,-121.196936110,-121.19693611,0,No Special Jurisdiction,17,Boulder,0,The First Harmful Event was Not a Collision with a Motor Vehicle in Transport,0,No,1,Non-Junction,1,Not an Intersection,0,None,,,4,On Roadside,2,Dark - Not Lighted,,,,,1,Clear,0,No,0000000,Not Applicable,21,9:00pm-9:59pm,30,30,21,9:00pm-9:59pm,38,38,21,9:00pm-9:59pm,49,49,,,,,,,1,
2022,41,410240,Oregon,2,2,0,1,1,2,2,39,LANE (39),2145,VENETA,2,2,7,July,2022,7,Saturday,19,7:00pm-7:59pm,40,40,1,This section IS ON the NHS,2,Urban,3,Principal Arterial - Other,1,State Highway Agency,3,State Highway,SR-126 ODOT 62,TERRITORIAL RD,469,469,44.05435000,44.05435000,-123.352297220,-123.35229722,0,No Special Jurisdiction,8,Pedestrian,0,The First Harmful Event was Not a Collision with a Motor Vehicle in Transport,0,No,3,Intersection-Related,2,Four-Way Intersection,0,None,,,1,On Roadway,1,Daylight,,,,,1,Clear,0,No,0000000,Not Applicable,19,7:00pm-7:59pm,45,45,99,Unknown EMS Scene Arrival Hour,99,Unknown EMS Scene Arrival Minutes,88,"Not Applicable (Not Transported) ",88,Not Applicable (Not Transported),,,,,,,1,
2022,41,410241,Oregon,1,1,0,0,0,1,1,33,JOSEPHINE (33),0,NOT APPLICABLE,3,3,7,July,2022,1,Sunday,21,9:00pm-9:59pm,37,37,0,This section IS NOT on the NHS,2,Urban,4,Minor Arterial,2,County Highway Agency,4,County Road,CR-REDWOOD AVE,CR-OJAI AVE,26,26,42.42216944,42.42216944,-123.401252780,-123.40125278,0,No Special Jurisdiction,34,Ditch,0,The First Harmful Event was Not a Collision with a Motor Vehicle in Transport,0,No,3,Intersection-Related,2,Four-Way Intersection,0,None,,,4,On Roadside,2,Dark - Not Lighted,,,,,10,Cloudy,0,No,0000000,Not Applicable,21,9:00pm-9:59pm,37,37,21,9:00pm-9:59pm,46,46,88,"Not Applicable (Not Transported) ",88,Not Applicable (Not Transported),,,,,,,1,
2022,41,410242,Oregon,1,1,0,0,0,2,2,67,WASHINGTON (67),1000,HILLSBORO,3,3,7,July,2022,1,Sunday,4,4:00am-4:59am,25,25,0,This section IS NOT on the NHS,2,Urban,7,Local,4,City or Municipal Highway Agency,6,Local Street - Municipality,NE TANASBOURNE DR,,0,None,45.54042500,45.54042500,-122.872250000,-122.87225000,0,No Special Jurisdiction,30,Utility Pole/Light Support,0,The First Harmful Event was Not a Collision with a Motor Vehicle in Transport,0,No,1,Non-Junction,1,Not an Intersection,0,None,,,4,On Roadside,6,Dark - Unknown Lighting,,,,,98,Not Reported,0,No,0000000,Not Applicable,4,4:00am-4:59am,30,30,4,4:00am-4:59am,36,36,5,5:00am-5:59am,26,26,,,,,,,1,
2022,41,410243,Oregon,1,1,0,0,0,2,2,59,UMATILLA (59),0,NOT APPLICABLE,4,4,7,July,2022,2,Monday,19,7:00pm-7:59pm,36,36,0,This section IS NOT on the NHS,1,Rural,4,Minor Arterial,1,State Highway Agency,3,State Highway,SR-244 ODOT 341,,137,137,45.17275000,45.17275000,-118.724572220,-118.72457222,0,No Special Jurisdiction,1,Rollover/Overturn,0,The First Harmful Event was Not a Collision with a Motor Vehicle in Transport,0,No,1,Non-Junction,1,Not an Intersection,0,None,,,4,On Roadside,1,Daylight,,,,,1,Clear,0,No,0000000,Not Applicable,19,7:00pm-7:59pm,36,36,20,8:00pm-8:59pm,31,31,99,Unknown,99,Unknown EMS Hospital Arrival Time,,,,,,,1,
2022,41,410244,Oregon,2,2,0,0,0,3,3,19,DOUGLAS (19),0,NOT APPLICABLE,5,5,7,July,2022,3,Tuesday,12,12:00pm-12:59pm,32,32,1,This section IS ON the NHS,1,Rural,3,Principal Arterial - Other,1,State Highway Agency,3,State Highway,SR-38 ODOT 45,,254,254,43.67226111,43.67226111,-123.692175000,-123.69217500,0,No Special Jurisdiction,12,Motor Vehicle In-Transport,2,Front-to-Front,0,No,1,Non-Junction,1,Not an Intersection,0,None,,,1,On Roadway,1,Daylight,,,,,10,Cloudy,0,No,0000000,Not Applicable,12,12:00pm-12:59pm,34,34,12,12:00pm-12:59pm,48,48,14,2:00pm-2:59pm,30,30,,,,,,,1,
2022,41,410245,Oregon,1,1,0,0,0,1,1,51,MULTNOMAH (51),880,GRESHAM,24,24,4,April,2022,1,Sunday,3,3:00am-3:59am,18,18,0,This section IS NOT on the NHS,2,Urban,7,Local,4,City or Municipal Highway Agency,6,Local Street - Municipality,NE RIVERSIDE PKWY,,0,None,45.55520000,45.55520000,-122.468452780,-122.46845278,0,No Special Jurisdiction,42,Tree (Standing Only),0,The First Harmful Event was Not a Collision with a Motor Vehicle in Transport,0,No,1,Non-Junction,1,Not an Intersection,0,None,,,4,On Roadside,3,Dark - Lighted,,,,,1,Clear,0,No,0000000,Not Applicable,3,3:00am-3:59am,18,18,3,3:00am-3:59am,27,27,88,"Not Applicable (Not Transported) ",88,Not Applicable (Not Transported),,,,,,,1,
2022,41,410246,Oregon,2,2,0,0,0,3,3,17,DESCHUTES (17),0,NOT APPLICABLE,6,6,7,July,2022,4,Wednesday,20,8:00pm-8:59pm,35,35,1,This section IS ON the NHS,1,Rural,3,Principal Arterial - Other,1,State Highway Agency,3,State Highway,SR-126 ODOT 15,CR-CLINE FALLS RD,1073,1073,44.27609167,44.27609167,-121.263136110,-121.26313611,0,No Special Jurisdiction,12,Motor Vehicle In-Transport,6,Angle,0,No,2,Intersection,2,Four-Way Intersection,0,None,,,1,On Roadway,1,Daylight,,,,,1,Clear,0,No,0000000,Not Applicable,20,8:00pm-8:59pm,36,36,20,8:00pm-8:59pm,42,42,88,"Not Applicable (Not Transported) ",88,Not Applicable (Not Transported),,,,,,,1,
2022,41,410247,Oregon,1,1,0,0,0,1,1,33,JOSEPHINE (33),0,NOT APPLICABLE,7,7,7,July,2022,5,Thursday,18,6:00pm-6:59pm,11,11,0,This section IS NOT on the NHS,1,Rural,5,Major Collector,1,State Highway Agency,3,State Highway,SR-260 ODOT 260,,171,171,42.44642222,42.44642222,-123.499944440,-123.49994444,0,No Special Jurisdiction,42,Tree (Standing Only),0,The First Harmful Event was Not a Collision with a Motor Vehicle in Transport,0,No,1,Non-Junction,1,Not an Intersection,0,None,,,4,On Roadside,1,Daylight,,,,,1,Clear,0,No,0000000,Not Applicable,18,6:00pm-6:59pm,13,13,18,6:00pm-6:59pm,23,23,88,"Not Applicable (Not Transported) ",88,Not Applicable (Not Transported),,,,,,,1,
2022,41,410248,Oregon,1,1,0,1,1,1,1,51,MULTNOMAH (51),1650,PORTLAND,10,10,7,July,2022,1,Sunday,22,10:00pm-10:59pm,13,13,0,This section IS NOT on the NHS,2,Urban,5,Major Collector,4,City or Municipal Highway Agency,6,Local Street - Municipality,N CHAUTAUQUA BLVD,N JUNEAU ST,0,None,45.59018889,45.59018889,-122.705336110,-122.70533611,0,No Special Jurisdiction,9,Pedalcyclist,0,The First Harmful Event was Not a Collision with a Motor Vehicle in Transport,0,No,2,Intersection,2,Four-Way Intersection,0,None,,,1,On Roadway,3,Dark - Lighted,,,,,1,Clear,0,No,0000000,Not Applicable,22,10:00pm-10:59pm,13,13,22,10:00pm-10:59pm,16,16,88,"Not Applicable (Not Transported) ",88,Not Applicable (Not Transported),,,,,,,1,
2022,41,410249,Oregon,1,1,0,0,0,1,1,13,CROOK (13),0,NOT APPLICABLE,8,8,7,July,2022,6,Friday,20,8:00pm-8:59pm,26,26,1,This section IS ON the NHS,1,Rural,3,Principal Arterial - Other,1,State Highway Agency,3,State Highway,SR-126 ODOT 41,,120,120,44.24788889,44.24788889,-120.944250000,-120.94425000,0,No Special Jurisdiction,35,Embankment,0,The First Harmful Event was Not a Collision with a Motor Vehicle in Transport,0,No,1,Non-Junction,1,Not an Intersection,0,None,,,4,On Roadside,5,Dusk,,,,,1,Clear,0,No,0000000,Not Applicable,20,8:00pm-8:59pm,28,28,20,8:00pm-8:59pm,38,38,99,Unknown,99,Unknown EMS Hospital Arrival Time,,,,,,,1,
2022,41,410250,Oregon,2,2,0,0,0,2,2,51,MULTNOMAH (51),1650,PORTLAND,14,14,3,March,2022,2,Monday,6,6:00am-6:59am,30,30,1,This section IS ON the NHS,2,Urban,3,Principal Arterial - Other,1,State Highway Agency,3,State Highway,SR-99 ODOT 81,SE HOLGATE BLVD,23,23,45.49031667,45.49031667,-122.653936110,-122.65393611,0,No Special Jurisdiction,12,Motor Vehicle In-Transport,6,Angle,0,No,2,Intersection,3,T-Intersection,0,None,,,1,On Roadway,3,Dark - Lighted,,,,,2,Rain,0,No,0000000,Not Applicable,6,6:00am-6:59am,30,30,6,6:00am-6:59am,37,37,6,6:00am-6:59am,49,49,,,,,,,1,