caseyear,state,st_case,statename,ve_total,ve_forms,pvh_invl,peds,pernotmvit,permvit,persons,county,countyname,city,cityname,day,dayname,month,monthname,year,day_week,day_weekname,hour,hourname,minute,minutename,nhs,nhsname,rur_urb,rur_urbname,func_sys,func_sysname,rd_owner,rd_ownername,route,routename,tway_id,tway_id2,milept,mileptname,latitude,latitudename,longitud,longitudname,sp_jur,sp_jurname,harm_ev,harm_evname,man_coll,man_collname,reljct1,reljct1name,reljct2,reljct2name,typ_int,typ_intname,wrk_zone,wrk_zonename,road_fnc,road_fncname,rel_road,rel_roadname,lgt_cond,lgt_condname,weather1,weather1name,weather2,weather2name,weather,weathername,sch_bus,sch_busname,rail,railname,not_hour,not_hourname,not_min,not_minname,arr_hour,arr_hourname,arr_min,arr_minname,hosp_hr,hosp_hrname,hosp_mn,hosp_mnname,cf1,cf1name,cf2,cf2name,cf3,cf3name,fatals,drunk_dr
2022,41,410291,Oregon,1,1,0,0,0,1,1,29,JACKSON (29),1310,MEDFORD,7,7,8,August,2022,1,Sunday,5,5:00am-5:59am,7,7,0,This section IS NOT on the NHS,2,Urban,5,Major Collector,4,City or Municipal Highway Agency,6,Local Street - Municipality,HILLCREST RD,,0,None,42.33009167,42.33009167,-122.831972220,-122.83197222,0,No Special Jurisdiction,35,Embankment,0,The First Harmful Event was Not a Collision with a Motor Vehicle in Transport,0,No,1,Non-Junction,1,Not an Intersection,0,None,,,4,On Roadside,3,Dark - Lighted,,,,,1,Clear,0,No,0000000,Not Applicable,5,5:00am-5:59am,7,7,5,5:00am-5:59am,21,21,88,"Not Applicable (Not Transported) ",88,Not Applicable (Not Transported),,,,,,,1,
2022,41,410292,Oregon,2,2,0,0,0,6,6,45,MALHEUR (45),0,NOT APPLICABLE,10,10,8,August,2022,4,Wednesday,16,4:00pm-4:59pm,48,48,1,This section IS ON the NHS,1,Rural,3,Principal Arterial - Other,1,State Highway Agency,2,U.S. Highway,US-95 ODOT 456,,591,591,42.80595278,42.80595278,-117.731933330,-117.73193333,0,No Special Jurisdiction,12,Motor Vehicle In-Transport,2,Front-to-Front,0,No,1,Non-Junction,1,Not an Intersection,0,None,,,1,On Roadway,1,Daylight,,,,,1,Clear,0,No,0000000,Not Applicable,16,4:00pm-4:59pm,48,48,17,5:00pm-5:59pm,44,44,99,Unknown,99,Unknown EMS Hospital Arrival Time,,,,,,,1,
2022,41,410293,Oregon,1,1,0,0,0,1,1,19,DOUGLAS (19),0,NOT APPLICABLE,10,10,8,August,2022,4,Wednesday,21,9:00pm-9:59pm,34,34,0,This section IS NOT on the NHS,1,Rural,5,Major Collector,2,County Highway Agency,4,County Road,CR-LITTLE RIVER RD,,144,144,43.26916944,43.26916944,-123.044444440,-123.04444444,0,No Special Jurisdiction,34,Ditch,0,The First Harmful Event was Not a Collision with a Motor Vehicle in Transport,0,No,1,Non-Junction,1,Not an Intersection,0,None,,,4,On Roadside,2,Dark - Not Lighted,,,,,1,Clear,0,No,0000000,Not Applicable,21,9:00pm-9:59pm,34,34,21,9:00pm-9:59pm,52,52,88,"Not Applicable (Not Transported) ",88,Not Applicable (Not Transported),,,,,,,1,
2022,41,410294,Oregon,2,2,0,0,0,2,2,33,JOSEPHINE (33),0,NOT APPLICABLE,10,10,8,August,2022,4,Wednesday,16,4:00pm-4:59pm,50,50,1,This section IS ON the NHS,2,Urban,3,Principal Arterial - Other,1,State Highway Agency,2,U.S. Highway,US-199 ODOT 25,,64,64,42.40197222,42.40197222,-123.447550000,-123.44755000,0,No Special Jurisdiction,12,Motor Vehicle In-Transport,6,Angle,0,No,1,Non-Junction,1,Not an Intersection,0,None,,,1,On Roadway,1,Daylight,,,,,1,Clear,0,No,0000000,Not Applicable,16,4:00pm-4:59pm,50,50,16,4:00pm-4:59pm,56,56,88,"Not Applicable (Not Transported) ",88,Not Applicable (Not Transported),,,,,,,1,
2022,41,410295,Oregon,1,1,0,0,0,2,2,65,WASCO (65),0,NOT APPLICABLE,10,10,8,August,2022,4,Wednesday,17,5:00pm-5:59pm,44,44,0,This section IS NOT on the NHS,1,Rural,5,Major Collector,1,State Highway Agency,3,State Highway,SR-293 ODOT 293,,88,88,44.87691389,44.87691389,-120.803975000,-120.80397500,0,No Special Jurisdiction,42,Tree (Standing Only),0,The First Harmful Event was Not a Collision with a Motor Vehicle in Transport,0,No,1,Non-Junction,1,Not an Intersection,0,None,,,4,On Roadside,1,Daylight,,,,,1,Clear,0,No,0000000,Not Applicable,18,6:00pm-6:59pm,0,0,18,6:00pm-6:59pm,30,30,88,"Not Applicable (Not Transported) ",88,Not Applicable (Not Transported),,,,,,,2,
2022,41,410296,Oregon,2,2,0,0,0,2,2,35,KLAMATH (35),0,NOT APPLICABLE,31,31,7,July,2022,1,Sunday,17,5:00pm-5:59pm,10,10,0,This section IS NOT on the NHS,1,Rural,7,Local,2,County Highway Agency,4,County Road,CR-ANDERSON RD,CR-MALONE RD,7,7,42.03866667,42.03866667,-121.560805560,-121.56080556,0,No Special Jurisdiction,12,Motor Vehicle In-Transport,6,Angle,0,No,2,Intersection,3,T-Intersection,0,None,,,1,On Roadway,1,Daylight,,,,,10,Cloudy,0,No,0000000,Not Applicable,17,5:00pm-5:59pm,17,17,17,5:00pm-5:59pm,22,22,88,"Not Applicable (Not Transported) ",88,Not Applicable (Not Transported),,,,,,,1,
2022,41,410297,Oregon,1,1,0,0,0,1,1,47,MARION (47),1168,KEIZER,10,10,8,August,2022,4,Wednesday,3,3:00am-3:59am,4,4,0,This section IS NOT on the NHS,2,Urban,4,Minor Arterial,4,City or Municipal Highway Agency,6,Local Street - Municipality,RIVER RD NE,,0,None,45.01940000,45.01940000,-123.018808330,-123.01880833,0,No Special Jurisdiction,39,Wall,0,The First Harmful Event was Not a Collision with a Motor Vehicle in Transport,0,No,1,Non-Junction,1,Not an Intersection,0,None,,,4,On Roadside,3,Dark - Lighted,,,,,1,Clear,0,No,0000000,Not Applicable,3,3:00am-3:59am,4,4,3,3:00am-3:59am,10,10,3,3:00am-3:59am,30,30,,,,,,,1,
2022,41,410298,Oregon,1,1,0,0,0,1,1,65,WASCO (65),0,NOT APPLICABLE,2,2,8,August,2022,3,Tuesday,11,11:00am-11:59am,35,35,0,This section IS NOT on the NHS,1,Rural,5,Major Collector,2,County Highway Agency,4,County Road,CR-SEVENMILE HILL RD,,30,30,45.63603333,45.63603333,-121.274813890,-121.27481389,0,No Special Jurisdiction,59,"Traffic Sign Support ",0,The First Harmful Event was Not a Collision with a Motor Vehicle in Transport,0,No,1,Non-Junction,1,Not an Intersection,0,None,,,4,On Roadside,1,Daylight,,,,,1,Clear,0,No,0000000,Not Applicable,11,11:00am-11:59am,35,35,11,11:00am-11:59am,48,48,88,"Not Applicable (Not Transported) ",88,Not Applicable (Not Transported),,,,,,,1,
2022,41,410300,Oregon,2,2,0,0,0,4,4,33,JOSEPHINE (33),0,NOT APPLICABLE,12,12,8,August,2022,6,Friday,14,2:00pm-2:59pm,43,43,1,This section IS ON the NHS,2,Urban,3,Principal Arterial - Other,1,State Highway Agency,3,State Highway,SR-238 ODOT 272,CR-JAYNES DR,41,41,42.37200000,42.37200000,-123.334847220,-123.33484722,0,No Special Jurisdiction,12,Motor Vehicle In-Transport,6,Angle,0,No,2,Intersection,2,Four-Way Intersection,0,None,,,1,On Roadway,1,Daylight,,,,,1,Clear,0,No,0000000,Not Applicable,14,2:00pm-2:59pm,43,43,15,3:00pm-3:59pm,27,27,15,3:00pm-3:59pm,59,59,,,,,,,1,
2022,41,410301,Oregon,1,1,0,1,1,1,1,35,KLAMATH (35),0,NOT APPLICABLE,13,13,8,August,2022,7,Saturday,21,9:00pm-9:59pm,26,26,1,This section IS ON the NHS,2,Urban,3,Principal Arterial - Other,1,State Highway Agency,3,State Highway,SR-39 ODOT 20,,36,36,42.20657222,42.20657222,-121.729697220,-121.72969722,0,No Special Jurisdiction,8,Pedestrian,0,The First Harmful Event was Not a Collision with a Motor Vehicle in Transport,0,No,1,Non-Junction,1,Not an Intersection,0,None,,,1,On Roadway,3,Dark - Lighted,,,,,1,Clear,0,No,0000000,Not Applicable,21,9:00pm-9:59pm,26,26,21,9:00pm-9:59pm,30,30,88,"Not Applicable (Not Transported) ",88,Not Applicable (Not Transported),,,,,,,1,
2022,41,410302,Oregon,2,2,0,0,0,2,2,39,LANE (39),660,EUGENE,13,13,8,August,2022,7,Saturday,19,7:00pm-7:59pm,51,51,1,This section IS ON the NHS,2,Urban,3,Principal Arterial - Other,1,State Highway Agency,3,State Highway,SR-126 ODOT 69,CROW RD,19,19,44.04848889,44.04848889,-123.195544440,-123.19554444,0,No Special Jurisdiction,12,Motor Vehicle In-Transport,6,Angle,0,No,2,Intersection,3,T-Intersection,0,None,,,1,On Roadway,1,Daylight,,,,,1,Clear,0,No,0000000,Not Applicable,19,7:00pm-7:59pm,51,51,19,7:00pm-7:59pm,58,58,88,"Not Applicable (Not Transported) ",88,Not Applicable (Not Transported),,,,,,,1,
2022,41,410303,Oregon,2,2,0,0,0,3,3,51,MULTNOMAH (51),1650,PORTLAND,14,14,8,August,2022,1,Sunday,12,12:00pm-12:59pm,27,27,0,This section IS NOT on the NHS,2,Urban,4,Minor Arterial,4,City or Municipal Highway Agency,6,Local Street - Municipality,SE FOSTER RD,,0,None,45.47613611,45.47613611,-122.548394440,-122.54839444,0,No Special Jurisdiction,12,Motor Vehicle In-Transport,6,Angle,0,No,8,Driveway Access Related,1,Not an Intersection,0,None,,,1,On Roadway,1,Daylight,,,,,1,Clear,0,No,0000000,Not Applicable,12,12:00pm-12:59pm,32,32,12,12:00pm-12:59pm,36,36,13,1:00pm-1:59pm,5,5,,,,,,,1,
2022,41,410304,Oregon,2,2,0,0,0,3,3,47,MARION (47),0,NOT APPLICABLE,15,15,8,August,2022,2,Monday,14,2:00pm-2:59pm,41,41,1,This section IS ON the NHS,1,Rural,1,Interstate,1,State Highway Agency,1,Interstate,I-5,,2767,2767,45.20966944,45.20966944,-122.826108330,-122.82610833,0,No Special Jurisdiction,12,Motor Vehicle In-Transport,7,Sideswipe - Same Direction,0,No,1,Non-Junction,1,Not an Intersection,0,None,,,1,On Roadway,1,Daylight,,,,,1,Clear,0,No,0000000,Not Applicable,14,2:00pm-2:59pm,40,40,15,3:00pm-3:59pm,11,11,15,3:00pm-3:59pm,46,46,,,,,,,1,
2022,41,410305,Oregon,2,2,0,0,0,3,3,41,LINCOLN (41),0,NOT APPLICABLE,15,15,8,August,2022,2,Monday,10,10:00am-10:59am,40,40,1,This section IS ON the NHS,2,Urban,3,Principal Arterial - Other,1,State Highway Agency,2,U.S. Highway,US-101 ODOT 9,,1222,1222,44.87920556,44.87920556,-124.032247220,-124.03224722,0,No Special Jurisdiction,12,Motor Vehicle In-Transport,2,Front-to-Front,0,No,1,Non-Junction,1,Not an Intersection,0,None,,,1,On Roadway,1,Daylight,,,,,1,Clear,0,No,0000000,Not Applicable,10,10:00am-10:59am,40,40,10,10:00am-10:59am,45,45,88,"Not Applicable (Not Transported) ",88,Not Applicable (Not Transported),,,,,,,3,
2022,41,410306,Oregon,1,1,0,0,0,1,1,25,HARNEY (25),0,NOT APPLICABLE,3,3,8,August,2022,4,Wednesday,15,3:00pm-3:59pm,55,55,1,This section IS ON the NHS,1,Rural,3,Principal Arterial - Other,1,State Highway Agency,3,State Highway,SR-395 ODOT 49,,93,93,43.43187222,43.43187222,-119.603225000,-119.60322500,0,No Special Jurisdiction,7,Other Non-Collision,0,The First Harmful Event was Not a Collision with a Motor Vehicle in Transport,0,No,1,Non-Junction,1,Not an Intersection,0,None,,,1,On Roadway,1,Daylight,,,,,1,Clear,0,No,0000000,Not Applicable,15,3:00pm-3:59pm,55,55,16,4:00pm-4:59pm,29,29,17,5:00pm-5:59pm,21,21,,,,,,,1,
2022,41,410307,Oregon,1,1,0,0,0,4,4,19,DOUGLAS (19),0,NOT APPLICABLE,16,16,8,August,2022,3,Tuesday,23,11:00pm-11:59pm,47,47,0,This section IS NOT on the NHS,1,Rural,5,Major Collector,2,County Highway Agency,4,County Road,CR-COW CREEK RD,,20,20,42.91667500,42.91667500,-123.460002780,-123.46000278,0,No Special Jurisdiction,42,Tree (Standing Only),0,The First Harmful Event was Not a Collision with a Motor Vehicle in Transport,0,No,1,Non-Junction,1,Not an Intersection,0,None,,,4,On Roadside,2,Dark - Not Lighted,,,,,1,Clear,0,No,0000000,Not Applicable,23,11:00pm-11:59pm,46,46,23,11:00pm-11:59pm,56,56,99,Unknown,99,Unknown EMS Hospital Arrival Time,,,,,,,3,
2022,41,410308,Oregon,2,2,0,0,0,2,2,47,MARION (47),0,NOT APPLICABLE,16,16,8,August,2022,3,Tuesday,6,6:00am-6:59am,44,44,1,This section IS ON the NHS,1,Rural,3,Principal Arterial - Other,2,County Highway Agency,4,County Road,CR-EHLEN RD NE,,44,44,45.23156667,45.23156667,-122.823069440,-122.82306944,0,No Special Jurisdiction,12,Motor Vehicle In-Transport,6,Angle,0,No,8,Driveway Access Related,1,Not an Intersection,0,None,,,1,On Roadway,1,Daylight,,,,,1,Clear,0,No,0000000,Not Applicable,6,6:00am-6:59am,44,44,6,6:00am-6:59am,54,54,99,Unknown,99,Unknown EMS Hospital Arrival Time,,,,,,,1,
2022,41,410309,Oregon,1,1,0,1,1,1,1,65,WASCO (65),0,NOT APPLICABLE,19,19,8,August,2022,6,Friday,4,4:00am-4:59am,3,3,1,This section IS ON the NHS,1,Rural,1,Interstate,1,State Highway Agency,1,Interstate,I-84,,890,890,45.62358333,45.62358333,-121.108947220,-121.10894722,0,No Special Jurisdiction,8,Pedestrian,0,The First Harmful Event was Not a Collision with a Motor Vehicle in Transport,0,No,1,Non-Junction,1,Not an Intersection,0,None,,,1,On Roadway,6,Dark - Unknown Lighting,,,,,98,Not Reported,0,No,0000000,Not Applicable,99,Unknown,99,Unknown,99,Unknown EMS Scene Arrival Hour,99,Unknown EMS Scene Arrival Minutes,88,"Not Applicable (Not Transported) ",88,Not Applicable (Not Transported),,,,,,,1,
2022,41,410310,Oregon,1,1,0,0,0,2,2,3,BENTON (3),0,NOT APPLICABLE,4,4,8,August,2022,5,Thursday,14,2:00pm-2:59pm,0,0,1,This section IS ON the NHS,2,Urban,3,Principal Arterial - Other,1,State Highway Agency,3,State Highway,SR-99W ODOT 91,NW MOUNTAIN VIEW DR,783,783,44.63782778,44.63782778,-123.240352780,-123.24035278,0,No Special Jurisdiction,34,Ditch,0,The First Harmful Event was Not a Collision with a Motor Vehicle in Transport,0,No,3,Intersection-Related,3,T-Intersection,0,None,,,4,On Roadside,1,Daylight,,,,,1,Clear,0,No,0000000,Not Applicable,13,1:00pm-1:59pm,45,45,14,2:00pm-2:59pm,0,0,14,2:00pm-2:59pm,10,10,,,,,,,1,
2022,41,410311,Oregon,2,2,0,0,0,4,4,35,KLAMATH (35),1170,KLAMATH FALLS,17,17,8,August,2022,4,Wednesday,18,6:00pm-6:59pm,30,30,0,This section IS NOT on the NHS,2,Urban,4,Minor Arterial,4,City or Municipal Highway Agency,6,Local Street - Municipality,WASHBURN WAY,ONYX AVE,0,None,42.19568056,42.19568056,-121.757063890,-121.75706389,0,No Special Jurisdiction,12,Motor Vehicle In-Transport,6,Angle,0,No,2,Intersection,3,T-Intersection,0,None,,,1,On Roadway,1,Daylight,,,,,10,Cloudy,0,No,0000000,Not Applicable,99,Unknown,99,Unknown,99,Unknown EMS Scene Arrival Hour,99,Unknown EMS Scene Arrival Minutes,88,"Not Applicable (Not Transported) ",88,Not Applicable (Not Transported),,,,,,,1,
2022,41,410312,Oregon,1,1,0,0,0,1,1,33,JOSEPHINE (33),0,NOT APPLICABLE,15,15,8,August,2022,2,Monday,12,12:00pm-12:59pm,58,58,1,This section IS ON the NHS,1,Rural,3,Principal Arterial - Other,1,State Highway Agency,2,U.S. Highway,US-199 ODOT 25,,181,181,42.30857222,42.30857222,-123.609441670,-123.60944167,0,No Special Jurisdiction,52,Guardrail End,0,The First Harmful Event was Not a Collision with a Motor Vehicle in Transport,0,No,1,Non-Junction,1,Not an Intersection,0,None,,,4,On Roadside,1,Daylight,,,,,1,Clear,0,No,0000000,Not Applicable,12,12:00pm-12:59pm,58,58,13,1:00pm-1:59pm,10,10,99,Unknown,99,Unknown EMS Hospital Arrival Time,,,,,,,1,
2022,41,410313,Oregon,2,2,0,0,0,4,4,47,MARION (47),0,NOT APPLICABLE,20,20,8,August,2022,7,Saturday,10,10:00am-10:59am,39,39,0,This section IS NOT on the NHS,2,Urban,3,Principal Arterial - Other,2,County Highway Agency,4,County Road,CR-SUBLIMITY RD SE,CR-GOLF CLUB RD SE,115,115,44.83218333,44.83218333,-122.823463890,-122.82346389,0,No Special Jurisdiction,12,Motor Vehicle In-Transport,6,Angle,0,No,2,Intersection,2,Four-Way Intersection,0,None,,,1,On Roadway,1,Daylight,,,,,10,Cloudy,0,No,0000000,Not Applicable,11,11:00am-11:59am,1,1,99,Unknown EMS Scene Arrival Hour,99,Unknown EMS Scene Arrival Minutes,99,Unknown,99,Unknown EMS Hospital Arrival Time,,,,,,,1,
2022,41,410314,Oregon,1,1,0,0,0,1,1,63,WALLOWA (63),0,NOT APPLICABLE,20,20,8,August,2022,7,Saturday,12,12:00pm-12:59pm,0,0,0,This section IS NOT on the NHS,1,Rural,6,Minor Collector,2,County Highway Agency,4,County Road,CR-ZUMWALT RD,,9,9,45.41389444,45.41389444,-117.138369440,-117.13836944,0,No Special Jurisdiction,35,Embankment,0,The First Harmful Event was Not a Collision with a Motor Vehicle in Transport,0,No,1,Non-Junction,1,Not an Intersection,0,None,,,4,On Roadside,1,Daylight,,,,,1,Clear,0,No,0000000,Not Applicable,12,12:00pm-12:59pm,14,14,12,12:00pm-12:59pm,21,21,88,"Not Applicable (Not Transported) ",88,Not Applicable (Not Transported),,,,,,,1,
2022,41,410315,Oregon,1,1,0,0,0,1,1,19,DOUGLAS (19),0,NOT APPLICABLE,19,19,8,August,2022,6,Friday,23,11:00pm-11:59pm,39,39,0,This section IS NOT on the NHS,2,Urban,6,Minor Collector,2,County Highway Agency,4,County Road,"CR-SUNSHINE RD ",,50,50,43.28346111,43.28346111,-123.251847220,-123.25184722,0,No Special Jurisdiction,1,Rollover/Overturn,0,The First Harmful Event was Not a Collision with a Motor Vehicle in Transport,0,No,1,Non-Junction,1,Not an Intersection,0,None,,,1,On Roadway,2,Dark - Not Lighted,,,,,1,Clear,0,No,0000000,Not Applicable,23,11:00pm-11:59pm,40,40,23,11:00pm-11:59pm,53,53,88,"Not Applicable (Not Transported) ",88,Not Applicable (Not Transported),,,,,,,1,
2022,41,410316,Oregon,2,2,0,0,0,3,3,71,YAMHILL (71),0,NOT APPLICABLE,20,20,8,August,2022,7,Saturday,23,11:00pm-11:59pm,55,55,1,This section IS ON the NHS,1,Rural,3,Principal Arterial - Other,1,State Highway Agency,3,State Highway,SR-18 ODOT 39,,387,387,45.13543056,45.13543056,-123.292038890,-123.29203889,0,No Special Jurisdiction,12,Motor Vehicle In-Transport,2,Front-to-Front,0,No,1,Non-Junction,1,Not an Intersection,0,None,,,1,On Roadway,2,Dark - Not Lighted,,,,,1,Clear,0,No,0000000,Not Applicable,23,11:00pm-11:59pm,56,56,0,0:00am-0:59am,5,5,99,Unknown,99,Unknown EMS Hospital Arrival Time,,,,,,,1,
2022,41,410317,Oregon,2,2,0,0,0,2,2,47,MARION (47),0,NOT APPLICABLE,21,21,8,August,2022,1,Sunday,20,8:00pm-8:59pm,15,15,0,This section IS NOT on the NHS,1,Rural,4,Minor Arterial,1,State Highway Agency,3,State Highway,SR-214 ODOT 140,,484,484,45.03522222,45.03522222,-122.791650000,-122.79165000,0,No Special Jurisdiction,12,Motor Vehicle In-Transport,6,Angle,0,No,8,Driveway Access Related,1,Not an Intersection,0,None,,,1,On Roadway,2,Dark - Not Lighted,,,,,1,Clear,0,No,0000000,Not Applicable,20,8:00pm-8:59pm,15,15,20,8:00pm-8:59pm,20,20,88,"Not Applicable (Not Transported) ",88,Not Applicable (Not Transported),,,,,,,1,
2022,41,410318,Oregon,2,2,0,0,0,3,3,29,JACKSON (29),0,NOT APPLICABLE,22,22,8,August,2022,2,Monday,21,9:00pm-9:59pm,59,59,0,This section IS NOT on the NHS,1,Rural,4,Minor Arterial,1,State Highway Agency,3,State Highway,SR-234 ODOT 271,,164,164,42.52375833,42.52375833,-122.833555560,-122.83355556,0,No Special Jurisdiction,12,Motor Vehicle In-Transport,2,Front-to-Front,0,No,1,Non-Junction,1,Not an Intersection,0,None,,,1,On Roadway,2,Dark - Not Lighted,,,,,1,Clear,0,No,0000000,Not Applicable,22,10:00pm-10:59pm,1,1,22,10:00pm-10:59pm,7,7,22,10:00pm-10:59pm,55,55,,,,,,,1,
2022,41,410319,Oregon,1,1,0,0,0,1,1,71,YAMHILL (71),0,NOT APPLICABLE,18,18,8,August,2022,5,Thursday,2,2:00am-2:59am,9,9,0,This section IS NOT on the NHS,1,Rural,6,Minor Collector,2,County Highway Agency,4,County Road,CR-MINERAL SPRINGS RD,,47,47,45.25404722,45.25404722,-123.127994440,-123.12799444,0,No Special Jurisdiction,30,Utility Pole/Light Support,0,The First Harmful Event was Not a Collision with a Motor Vehicle in Transport,0,No,1,Non-Junction,1,Not an Intersection,0,None,,,4,On Roadside,2,Dark - Not Lighted,,,,,1,Clear,0,No,0000000,Not Applicable,2,2:00am-2:59am,10,10,2,2:00am-2:59am,19,19,88,"Not Applicable (Not Transported) ",88,Not Applicable (Not Transported),,,,,,,1,
2022,41,410320,Oregon,2,2,0,0,0,9,9,71,YAMHILL (71),0,NOT APPLICABLE,20,20,8,August,2022,7,Saturday,16,4:00pm-4:59pm,54,54,0,This section IS NOT on the NHS,1,Rural,7,Local,2,County Highway Agency,4,County Road,CR-NE ALBERTSON RD,,13,13,45.38624167,45.38624167,-123.071625000,-123.07162500,0,No Special Jurisdiction,12,Motor Vehicle In-Transport,2,Front-to-Front,0,No,1,Non-Junction,1,Not an Intersection,0,None,,,1,On Roadway,1,Daylight,,,,,1,Clear,0,No,0000000,Not Applicable,17,5:00pm-5:59pm,5,5,17,5:00pm-5:59pm,8,8,88,"Not Applicable (Not Transported) ",88,Not Applicable (Not Transported),,,,,,,1,
2022,41,410321,Oregon,1,1,0,1,1,4,4,43,LINN (43),0,NOT APPLICABLE,23,23,8,August,2022,3,Tuesday,8,8:00am-8:59am,13,13,0,This section IS NOT on the NHS,1,Rural,5,Major Collector,2,County Highway Agency,4,County Road,CR-RIVERSIDE DR,,10,10,44.61640000,44.61640000,-123.140730560,-123.14073056,0,No Special Jurisdiction,9,Pedalcyclist,0,The First Harmful Event was Not a Collision with a Motor Vehicle in Transport,0,No,1,Non-Junction,1,Not an Intersection,0,None,,,98,Not Reported,1,Daylight,,,,,1,Clear,0,No,0000000,Not Applicable,8,8:00am-8:59am,13,13,8,8:00am-8:59am,18,18,88,"Not Applicable (Not Transported) ",88,Not Applicable (Not Transported),,,,,,,1,
2022,41,410322,Oregon,1,1,0,0,0,1,1,39,LANE (39),0,NOT APPLICABLE,24,24,8,August,2022,4,Wednesday,19,7:00pm-7:59pm,30,30,0,This section IS NOT on the NHS,1,Rural,5,Major Collector,2,County Highway Agency,4,County Road,CR-HIGH PRAIRIE RD,,55,55,43.79309444,43.79309444,-122.427155560,-122.42715556,0,No Special Jurisdiction,99,Reported as Unknown,99,Reported as Unknown,0,No,1,Non-Junction,1,Not an Intersection,0,None,,,1,On Roadway,5,Dusk,,,,,1,Clear,0,No,0000000,Not Applicable,19,7:00pm-7:59pm,38,38,19,7:00pm-7:59pm,51,51,88,"Not Applicable (Not Transported) ",88,Not Applicable (Not Transported),,,,,,,1,
2022,41,410323,Oregon,1,1,0,1,1,2,2,5,CLACKAMAS (5),0,NOT APPLICABLE,25,25,8,August,2022,5,Thursday,4,4:00am-4:59am,28,28,0,This section IS NOT on the NHS,2,Urban,4,Minor Arterial,1,State Highway Agency,3,State Highway,SR-99E ODOT 81,,221,221,45.25497222,45.25497222,-122.709547220,-122.70954722,0,No Special Jurisdiction,8,Pedestrian,0,The First Harmful Event was Not a Collision with a Motor Vehicle in Transport,0,No,1,Non-Junction,1,Not an Intersection,0,None,,,1,On Roadway,2,Dark - Not Lighted,,,,,1,Clear,0,No,0000000,Not Applicable,4,4:00am-4:59am,30,30,4,4:00am-4:59am,51,51,5,5:00am-5:59am,23,23,,,,,,,1,
2022,41,410324,Oregon,2,2,0,0,0,2,2,67,WASHINGTON (67),0,NOT APPLICABLE,25,25,8,August,2022,5,Thursday,18,6:00pm-6:59pm,42,42,0,This section IS NOT on the NHS,1,Rural,4,Minor Arterial,2,County Highway Agency,4,County Road,CR-NW ZION CHURCH RD,,0,None,45.57431389,45.57431389,-123.026766670,-123.02676667,0,No Special Jurisdiction,12,Motor Vehicle In-Transport,2,Front-to-Front,0,No,1,Non-Junction,1,Not an Intersection,0,None,,,1,On Roadway,1,Daylight,,,,,1,Clear,0,No,0000000,Not Applicable,18,6:00pm-6:59pm,42,42,18,6:00pm-6:59pm,48,48,19,7:00pm-7:59pm,21,21,,,,,,,1,
2022,41,410325,Oregon,1,1,0,0,0,1,1,39,LANE (39),0,NOT APPLICABLE,25,25,8,August,2022,5,Thursday,15,3:00pm-3:59pm,45,45,0,This section IS NOT on the NHS,1,Rural,5,Major Collector,2,County Highway Agency,4,County Road,CR-SHOREVIEW DR,,1,1,43.79107500,43.79107500,-122.970161110,-122.97016111,0,No Special Jurisdiction,42,Tree (Standing Only),0,The First Harmful Event was Not a Collision with a Motor Vehicle in Transport,0,No,1,Non-Junction,1,Not an Intersection,0,None,,,4,On Roadside,1,Daylight,,,,,1,Clear,0,No,0000000,Not Applicable,15,3:00pm-3:59pm,51,51,16,4:00pm-4:59pm,0,0,88,"Not Applicable (Not Transported) ",88,Not Applicable (Not Transported),,,,,,,1,
2022,41,410326,Oregon,1,1,0,0,0,1,1,35,KLAMATH (35),0,NOT APPLICABLE,26,26,8,August,2022,6,Friday,8,8:00am-8:59am,10,10,1,This section IS ON the NHS,1,Rural,3,Principal Arterial - Other,1,State Highway Agency,3,State Highway,SR-140 ODOT 270,,580,580,42.30355000,42.30355000,-121.935322220,-121.93532222,0,No Special Jurisdiction,1,Rollover/Overturn,0,The First Harmful Event was Not a Collision with a Motor Vehicle in Transport,0,No,1,Non-Junction,1,Not an Intersection,0,None,,,4,On Roadside,2,Dark - Not Lighted,,,,,1,Clear,0,No,0000000,Not Applicable,8,8:00am-8:59am,11,11,8,8:00am-8:59am,29,29,88,"Not Applicable (Not Transported) ",88,Not Applicable (Not Transported),,,,,,,1,
2022,41,410327,Oregon,2,2,0,0,0,3,3,39,LANE (39),0,NOT APPLICABLE,26,26,8,August,2022,6,Friday,7,7:00am-7:59am,40,40,1,This section IS ON the NHS,1,Rural,3,Principal Arterial - Other,1,State Highway Agency,3,State Highway,SR-126E ODOT 15,,313,313,44.13209444,44.13209444,-122.481566670,-122.48156667,0,No Special Jurisdiction,12,Motor Vehicle In-Transport,6,Angle,0,No,8,Driveway Access Related,1,Not an Intersection,0,None,,,1,On Roadway,1,Daylight,,,,,1,Clear,0,No,0000000,Not Applicable,7,7:00am-7:59am,40,40,7,7:00am-7:59am,54,54,99,Unknown,99,Unknown EMS Hospital Arrival Time,,,,,,,1,
2022,41,410328,Oregon,2,2,0,0,0,2,2,11,COOS (11),0,NOT APPLICABLE,26,26,7,July,2022,3,Tuesday,13,1:00pm-1:59pm,3,3,1,This section IS ON the NHS,1,Rural,3,Principal Arterial - Other,1,State Highway Agency,2,U.S. Highway,US-101 ODOT 9,,2840,2840,42.97671389,42.97671389,-124.424272220,-124.42427222,0,No Special Jurisdiction,35,Embankment,0,The First Harmful Event was Not a Collision with a Motor Vehicle in Transport,0,No,1,Non-Junction,1,Not an Intersection,0,None,,,4,On Roadside,1,Daylight,,,,,1,Clear,0,No,0000000,Not Applicable,13,1:00pm-1:59pm,3,3,13,1:00pm-1:59pm,26,26,14,2:00pm-2:59pm,26,26,,,,,,,1,