caseyear,state,st_case,statename,ve_total,ve_forms,pvh_invl,peds,pernotmvit,permvit,persons,county,countyname,city,cityname,day,dayname,month,monthname,year,day_week,day_weekname,hour,hourname,minute,minutename,nhs,nhsname,rur_urb,rur_urbname,func_sys,func_sysname,rd_owner,rd_ownername,route,routename,tway_id,tway_id2,milept,mileptname,latitude,latitudename,longitud,longitudname,sp_jur,sp_jurname,harm_ev,harm_evname,man_coll,man_collname,reljct1,reljct1name,reljct2,reljct2name,typ_int,typ_intname,wrk_zone,wrk_zonename,road_fnc,road_fncname,rel_road,rel_roadname,lgt_cond,lgt_condname,weather1,weather1name,weather2,weather2name,weather,weathername,sch_bus,sch_busname,rail,railname,not_hour,not_hourname,not_min,not_minname,arr_hour,arr_hourname,arr_min,arr_minname,hosp_hr,hosp_hrname,hosp_mn,hosp_mnname,cf1,cf1name,cf2,cf2name,cf3,cf3name,fatals,drunk_dr
2022,41,410481,Oregon,1,1,0,0,0,1,1,3,BENTON (3),0,NOT APPLICABLE,12,12,11,November,2022,7,Saturday,15,3:00pm-3:59pm,45,45,0,This section IS NOT on the NHS,1,Rural,5,Major Collector,1,State Highway Agency,3,State Highway,SR-501 ODOT 201,,1,1,44.38039722,44.38039722,-123.598633330,-123.59863333,0,No Special Jurisdiction,23,Bridge Rail (Includes parapet),0,The First Harmful Event was Not a Collision with a Motor Vehicle in Transport,0,No,1,Non-Junction,1,Not an Intersection,0,None,,,4,On Roadside,1,Daylight,,,,,1,Clear,0,No,0000000,Not Applicable,15,3:00pm-3:59pm,46,46,15,3:00pm-3:59pm,50,50,88,"Not Applicable (Not Transported) ",88,Not Applicable (Not Transported),,,,,,,1,
2022,41,410482,Oregon,1,1,0,1,1,2,2,51,MULTNOMAH (51),1650,PORTLAND,28,28,10,October,2022,6,Friday,23,11:00pm-11:59pm,17,17,0,This section IS NOT on the NHS,2,Urban,5,Major Collector,4,City or Municipal Highway Agency,6,Local Street - Municipality,SE 92ND AVE,SE DIVISION ST,0,None,45.50444444,45.50444444,-122.568811110,-122.56881111,0,No Special Jurisdiction,9,Pedalcyclist,0,The First Harmful Event was Not a Collision with a Motor Vehicle in Transport,0,No,3,Intersection-Related,2,Four-Way Intersection,0,None,,,1,On Roadway,3,Dark - Lighted,,,,,2,Rain,0,No,0000000,Not Applicable,23,11:00pm-11:59pm,18,18,23,11:00pm-11:59pm,22,22,23,11:00pm-11:59pm,45,45,,,,,,,1,
2022,41,410483,Oregon,1,1,0,0,0,1,1,47,MARION (47),0,NOT APPLICABLE,13,13,11,November,2022,1,Sunday,2,2:00am-2:59am,49,49,1,This section IS ON the NHS,2,Urban,3,Principal Arterial - Other,2,County Highway Agency,4,County Road,CR-SILVERTON RD NE,,18,18,44.97290833,44.97290833,-122.956027780,-122.95602778,0,No Special Jurisdiction,34,Ditch,0,The First Harmful Event was Not a Collision with a Motor Vehicle in Transport,0,No,1,Non-Junction,1,Not an Intersection,0,None,,,4,On Roadside,3,Dark - Lighted,,,,,1,Clear,0,No,0000000,Not Applicable,2,2:00am-2:59am,49,49,2,2:00am-2:59am,54,54,99,Unknown,99,Unknown EMS Hospital Arrival Time,,,,,,,1,
2022,41,410484,Oregon,1,1,0,0,0,1,1,59,UMATILLA (59),990,HERMISTON,13,13,11,November,2022,1,Sunday,18,6:00pm-6:59pm,30,30,0,This section IS NOT on the NHS,2,Urban,5,Major Collector,4,City or Municipal Highway Agency,6,Local Street - Municipality,N FIRST PL,W RIDGEWAY AVE,0,None,45.84235278,45.84235278,-119.292575000,-119.29257500,0,No Special Jurisdiction,34,Ditch,0,The First Harmful Event was Not a Collision with a Motor Vehicle in Transport,0,No,3,Intersection-Related,3,T-Intersection,1,Construction,,,4,On Roadside,2,Dark - Not Lighted,,,,,1,Clear,0,No,0000000,Not Applicable,18,6:00pm-6:59pm,41,41,18,6:00pm-6:59pm,46,46,88,"Not Applicable (Not Transported) ",88,Not Applicable (Not Transported),,,,,,,1,
2022,41,410485,Oregon,1,1,0,0,0,1,1,51,MULTNOMAH (51),880,GRESHAM,23,23,10,October,2022,1,Sunday,1,1:00am-1:59am,41,41,1,This section IS ON the NHS,2,Urban,3,Principal Arterial - Other,4,City or Municipal Highway Agency,6,Local Street - Municipality,NE BURNSIDE RD,NE EIGHTH ST,0,None,45.50311944,45.50311944,-122.415766670,-122.41576667,0,No Special Jurisdiction,33,Curb,0,The First Harmful Event was Not a Collision with a Motor Vehicle in Transport,0,No,3,Intersection-Related,3,T-Intersection,0,None,,,4,On Roadside,3,Dark - Lighted,,,,,2,Rain,0,No,0000000,Not Applicable,1,1:00am-1:59am,42,42,1,1:00am-1:59am,46,46,2,2:00am-2:59am,23,23,,,,,,,1,
2022,41,410486,Oregon,1,1,0,0,0,1,1,39,LANE (39),1960,SPRINGFIELD,12,12,11,November,2022,7,Saturday,13,1:00pm-1:59pm,55,55,0,This section IS NOT on the NHS,2,Urban,4,Minor Arterial,4,City or Municipal Highway Agency,6,Local Street - Municipality,MLK JR PARKWAY,RIVERBEND DR,0,None,44.07795833,44.07795833,-123.030919440,-123.03091944,0,No Special Jurisdiction,39,Wall,0,The First Harmful Event was Not a Collision with a Motor Vehicle in Transport,0,No,3,Intersection-Related,2,Four-Way Intersection,0,None,,,4,On Roadside,1,Daylight,,,,,10,Cloudy,0,No,0000000,Not Applicable,13,1:00pm-1:59pm,55,55,13,1:00pm-1:59pm,57,57,88,"Not Applicable (Not Transported) ",88,Not Applicable (Not Transported),,,,,,,1,
2022,41,410487,Oregon,3,3,0,0,0,6,6,67,WASHINGTON (67),180,BEAVERTON,14,14,11,November,2022,2,Monday,17,5:00pm-5:59pm,56,56,1,This section IS ON the NHS,2,Urban,3,Principal Arterial - Other,4,City or Municipal Highway Agency,6,Local Street - Municipality,SW MURRAY BLVD,SW GORDONITE DR,0,None,45.45433611,45.45433611,-122.826172220,-122.82617222,0,No Special Jurisdiction,12,Motor Vehicle In-Transport,1,Front-to-Rear,0,No,3,Intersection-Related,3,T-Intersection,0,None,,,1,On Roadway,3,Dark - Lighted,,,,,1,Clear,0,No,0000000,Not Applicable,17,5:00pm-5:59pm,56,56,18,6:00pm-6:59pm,0,0,99,Unknown,99,Unknown EMS Hospital Arrival Time,,,,,,,1,
2022,41,410488,Oregon,2,2,0,0,0,4,4,31,JEFFERSON (31),0,NOT APPLICABLE,16,16,11,November,2022,4,Wednesday,19,7:00pm-7:59pm,40,40,1,This section IS ON the NHS,1,Rural,3,Principal Arterial - Other,1,State Highway Agency,2,U.S. Highway,US-26 ODOT 53,,1144,1144,44.67933611,44.67933611,-121.146458330,-121.14645833,0,No Special Jurisdiction,12,Motor Vehicle In-Transport,2,Front-to-Front,0,No,1,Non-Junction,1,Not an Intersection,0,None,,,1,On Roadway,2,Dark - Not Lighted,,,,,5,"Fog, Smog, Smoke",0,No,0000000,Not Applicable,19,7:00pm-7:59pm,41,41,19,7:00pm-7:59pm,46,46,99,Unknown,99,Unknown EMS Hospital Arrival Time,,,,,,,3,
2022,41,410489,Oregon,2,2,0,0,0,2,2,31,JEFFERSON (31),0,NOT APPLICABLE,16,16,11,November,2022,4,Wednesday,15,3:00pm-3:59pm,33,33,1,This section IS ON the NHS,1,Rural,3,Principal Arterial - Other,1,State Highway Agency,2,U.S. Highway,US-97 ODOT 4,,760,760,44.79942778,44.79942778,-120.941005560,-120.94100556,0,No Special Jurisdiction,12,Motor Vehicle In-Transport,2,Front-to-Front,0,No,1,Non-Junction,1,Not an Intersection,0,None,,,1,On Roadway,1,Daylight,,,,,10,Cloudy,0,No,0000000,Not Applicable,15,3:00pm-3:59pm,35,35,15,3:00pm-3:59pm,50,50,88,"Not Applicable (Not Transported) ",88,Not Applicable (Not Transported),,,,,,,1,
2022,41,410490,Oregon,2,2,0,0,0,5,5,53,POLK (53),0,NOT APPLICABLE,17,17,11,November,2022,5,Thursday,15,3:00pm-3:59pm,56,56,0,This section IS NOT on the NHS,1,Rural,4,Minor Arterial,1,State Highway Agency,3,State Highway,SR-99W ODOT 91,,709,709,44.74004444,44.74004444,-123.223127780,-123.22312778,0,No Special Jurisdiction,12,Motor Vehicle In-Transport,2,Front-to-Front,0,No,1,Non-Junction,1,Not an Intersection,0,None,,,1,On Roadway,1,Daylight,,,,,1,Clear,0,No,0000000,Not Applicable,15,3:00pm-3:59pm,56,56,17,5:00pm-5:59pm,8,8,99,Unknown,99,Unknown EMS Hospital Arrival Time,,,,,,,1,
2022,41,410491,Oregon,2,2,0,0,0,6,6,39,LANE (39),0,NOT APPLICABLE,20,20,11,November,2022,1,Sunday,18,6:00pm-6:59pm,5,5,1,This section IS ON the NHS,1,Rural,3,Principal Arterial - Other,1,State Highway Agency,3,State Highway,SR-58 ODOT 18,,609,609,43.60795278,43.60795278,-122.055816670,-122.05581667,0,No Special Jurisdiction,12,Motor Vehicle In-Transport,2,Front-to-Front,0,No,1,Non-Junction,1,Not an Intersection,0,None,,,1,On Roadway,2,Dark - Not Lighted,,,,,1,Clear,0,No,0000000,Not Applicable,18,6:00pm-6:59pm,9,9,18,6:00pm-6:59pm,44,44,99,Unknown,99,Unknown EMS Hospital Arrival Time,,,,,,,1,
2022,41,410492,Oregon,1,1,0,0,0,1,1,59,UMATILLA (59),0,NOT APPLICABLE,21,21,11,November,2022,2,Monday,20,8:00pm-8:59pm,20,20,1,This section IS ON the NHS,1,Rural,3,Principal Arterial - Other,1,State Highway Agency,3,State Highway,SR-11 ODOT 8,,20,20,45.68484167,45.68484167,-118.726011110,-118.72601111,0,No Special Jurisdiction,35,Embankment,0,The First Harmful Event was Not a Collision with a Motor Vehicle in Transport,0,No,1,Non-Junction,1,Not an Intersection,0,None,,,4,On Roadside,8,Not Reported,,,,,98,Not Reported,0,No,0000000,Not Applicable,20,8:00pm-8:59pm,25,25,20,8:00pm-8:59pm,31,31,21,9:00pm-9:59pm,18,18,,,,,,,1,
2022,41,410493,Oregon,2,2,0,0,0,3,3,43,LINN (43),0,NOT APPLICABLE,27,27,10,October,2022,5,Thursday,7,7:00am-7:59am,40,40,0,This section IS NOT on the NHS,2,Urban,7,Local,1,State Highway Agency,7,Local Street - Frontage Road,"CR-CENTURY DR FRONTAGE ",CR-BERRY DR,2368,2368,44.68121667,44.68121667,-123.053877780,-123.05387778,0,No Special Jurisdiction,12,Motor Vehicle In-Transport,2,Front-to-Front,0,No,2,Intersection,3,T-Intersection,0,None,,,1,On Roadway,4,Dawn,,,,,5,"Fog, Smog, Smoke",0,No,0000000,Not Applicable,99,Unknown,99,Unknown,99,Unknown EMS Scene Arrival Hour,99,Unknown EMS Scene Arrival Minutes,99,Unknown,99,Unknown EMS Hospital Arrival Time,,,,,,,1,
2022,41,410494,Oregon,1,1,0,1,1,1,1,51,MULTNOMAH (51),1650,PORTLAND,21,21,11,November,2022,2,Monday,18,6:00pm-6:59pm,58,58,1,This section IS ON the NHS,2,Urban,3,Principal Arterial - Other,1,State Highway Agency,2,U.S. Highway,US-26 ODOT 26,,80,80,45.49825278,45.49825278,-122.521169440,-122.52116944,0,No Special Jurisdiction,8,Pedestrian,0,The First Harmful Event was Not a Collision with a Motor Vehicle in Transport,0,No,1,Non-Junction,1,Not an Intersection,0,None,,,1,On Roadway,3,Dark - Lighted,,,,,10,Cloudy,0,No,0000000,Not Applicable,18,6:00pm-6:59pm,59,59,19,7:00pm-7:59pm,4,4,88,"Not Applicable (Not Transported) ",88,Not Applicable (Not Transported),,,,,,,1,
2022,41,410495,Oregon,2,2,0,0,0,2,2,39,LANE (39),0,NOT APPLICABLE,22,22,11,November,2022,3,Tuesday,5,5:00am-5:59am,40,40,0,This section IS NOT on the NHS,2,Urban,4,Minor Arterial,2,County Highway Agency,4,County Road,CR-PRAIRIE RD,,1,1,44.09095278,44.09095278,-123.157977780,-123.15797778,0,No Special Jurisdiction,12,Motor Vehicle In-Transport,2,Front-to-Front,0,No,1,Non-Junction,1,Not an Intersection,0,None,,,1,On Roadway,2,Dark - Not Lighted,,,,,1,Clear,0,No,0000000,Not Applicable,5,5:00am-5:59am,41,41,5,5:00am-5:59am,47,47,88,"Not Applicable (Not Transported) ",88,Not Applicable (Not Transported),,,,,,,1,
2022,41,410496,Oregon,3,1,2,0,0,1,1,39,LANE (39),0,NOT APPLICABLE,26,26,11,November,2022,7,Saturday,22,10:00pm-10:59pm,25,25,1,This section IS ON the NHS,2,Urban,3,Principal Arterial - Other,1,State Highway Agency,3,State Highway,SR-126 ODOT 15,,100,100,44.05170000,44.05170000,-122.855083330,-122.85508333,0,No Special Jurisdiction,19,Building,0,The First Harmful Event was Not a Collision with a Motor Vehicle in Transport,0,No,1,Non-Junction,1,Not an Intersection,0,None,,,4,On Roadside,2,Dark - Not Lighted,,,,,10,Cloudy,0,No,0000000,Not Applicable,22,10:00pm-10:59pm,25,25,22,10:00pm-10:59pm,32,32,88,"Not Applicable (Not Transported) ",88,Not Applicable (Not Transported),,,,,,,1,
2022,41,410497,Oregon,2,2,0,0,0,3,3,39,LANE (39),0,NOT APPLICABLE,27,27,11,November,2022,1,Sunday,21,9:00pm-9:59pm,15,15,0,This section IS NOT on the NHS,2,Urban,4,Minor Arterial,2,County Highway Agency,4,County Road,CR-COBURG RD,,49,49,44.11334167,44.11334167,-123.046961110,-123.04696111,0,No Special Jurisdiction,12,Motor Vehicle In-Transport,2,Front-to-Front,0,No,1,Non-Junction,1,Not an Intersection,0,None,,,1,On Roadway,3,Dark - Lighted,,,,,10,Cloudy,0,No,0000000,Not Applicable,21,9:00pm-9:59pm,21,21,21,9:00pm-9:59pm,27,27,99,Unknown,99,Unknown EMS Hospital Arrival Time,,,,,,,1,
2022,41,410498,Oregon,2,2,0,0,0,3,3,9,COLUMBIA (9),0,NOT APPLICABLE,28,28,11,November,2022,2,Monday,8,8:00am-8:59am,1,1,1,This section IS ON the NHS,1,Rural,3,Principal Arterial - Other,1,State Highway Agency,2,U.S. Highway,US-30 ODOT 92,,552,552,46.09570000,46.09570000,-123.079166670,-123.07916667,0,No Special Jurisdiction,12,Motor Vehicle In-Transport,2,Front-to-Front,0,No,1,Non-Junction,1,Not an Intersection,0,None,,,1,On Roadway,4,Dawn,,,,,5,"Fog, Smog, Smoke",0,No,0000000,Not Applicable,8,8:00am-8:59am,1,1,8,8:00am-8:59am,7,7,99,Unknown,99,Unknown EMS Hospital Arrival Time,,,,,,,1,
2022,41,410499,Oregon,1,1,0,1,1,1,1,5,CLACKAMAS (5),1580,OREGON CITY,22,22,11,November,2022,3,Tuesday,17,5:00pm-5:59pm,38,38,0,This section IS NOT on the NHS,2,Urban,4,Minor Arterial,4,City or Municipal Highway Agency,6,Local Street - Municipality,MOLALLA AVE,,0,None,45.33640000,45.33640000,-122.590475000,-122.59047500,0,No Special Jurisdiction,8,Pedestrian,0,The First Harmful Event was Not a Collision with a Motor Vehicle in Transport,0,No,1,Non-Junction,1,Not an Intersection,0,None,,,1,On Roadway,3,Dark - Lighted,,,,,2,Rain,0,No,0000000,Not Applicable,17,5:00pm-5:59pm,39,39,17,5:00pm-5:59pm,42,42,18,6:00pm-6:59pm,22,22,,,,,,,1,
2022,41,410500,Oregon,2,2,0,0,0,2,2,67,WASHINGTON (67),0,NOT APPLICABLE,29,29,11,November,2022,3,Tuesday,15,3:00pm-3:59pm,15,15,1,This section IS ON the NHS,1,Rural,3,Principal Arterial - Other,1,State Highway Agency,2,U.S. Highway,US-26 ODOT 47,,542,542,45.61041944,45.61041944,-123.049580560,-123.04958056,0,No Special Jurisdiction,12,Motor Vehicle In-Transport,2,Front-to-Front,0,No,1,Non-Junction,1,Not an Intersection,0,None,,,1,On Roadway,1,Daylight,,,,,2,Rain,0,No,0000000,Not Applicable,15,3:00pm-3:59pm,15,15,15,3:00pm-3:59pm,23,23,88,"Not Applicable (Not Transported) ",88,Not Applicable (Not Transported),,,,,,,1,
2022,41,410501,Oregon,1,1,0,1,1,1,1,29,JACKSON (29),1310,MEDFORD,29,29,11,November,2022,3,Tuesday,19,7:00pm-7:59pm,11,11,1,This section IS ON the NHS,2,Urban,1,Interstate,1,State Highway Agency,1,Interstate,I-5,,276,276,42.31677778,42.31677778,-122.856383330,-122.85638333,0,No Special Jurisdiction,8,Pedestrian,0,The First Harmful Event was Not a Collision with a Motor Vehicle in Transport,0,No,1,Non-Junction,1,Not an Intersection,0,None,,,1,On Roadway,2,Dark - Not Lighted,,,,,1,Clear,0,No,0000000,Not Applicable,19,7:00pm-7:59pm,23,23,99,Unknown EMS Scene Arrival Hour,99,Unknown EMS Scene Arrival Minutes,88,"Not Applicable (Not Transported) ",88,Not Applicable (Not Transported),,,,,,,1,
2022,41,410502,Oregon,1,1,0,0,0,1,1,25,HARNEY (25),0,NOT APPLICABLE,11,11,9,September,2022,1,Sunday,99,Unknown Hours,99,Unknown Minutes,0,This section IS NOT on the NHS,1,Rural,5,Major Collector,2,County Highway Agency,4,County Road,CR-FRY RD,,16,16,43.58956111,43.58956111,-119.020316670,-119.02031667,0,No Special Jurisdiction,34,Ditch,0,The First Harmful Event was Not a Collision with a Motor Vehicle in Transport,0,No,1,Non-Junction,1,Not an Intersection,0,None,,,4,On Roadside,3,Dark - Lighted,,,,,1,Clear,0,No,0000000,Not Applicable,99,Unknown,99,Unknown,99,Unknown EMS Scene Arrival Hour,99,Unknown EMS Scene Arrival Minutes,88,"Not Applicable (Not Transported) ",88,Not Applicable (Not Transported),,,,,,,1,
2022,41,410503,Oregon,1,1,0,0,0,2,2,47,MARION (47),0,NOT APPLICABLE,15,15,9,September,2022,5,Thursday,11,11:00am-11:59am,30,30,1,This section IS ON the NHS,1,Rural,3,Principal Arterial - Other,1,State Highway Agency,3,State Highway,SR-22 ODOT 162,,252,252,44.77821111,44.77821111,-122.566000000,-122.56600000,0,No Special Jurisdiction,42,Tree (Standing Only),0,The First Harmful Event was Not a Collision with a Motor Vehicle in Transport,0,No,1,Non-Junction,1,Not an Intersection,0,None,,,4,On Roadside,1,Daylight,,,,,1,Clear,0,No,0000000,Not Applicable,99,Unknown,99,Unknown,99,Unknown EMS Scene Arrival Hour,99,Unknown EMS Scene Arrival Minutes,99,Unknown,99,Unknown EMS Hospital Arrival Time,,,,,,,1,
2022,41,410504,Oregon,2,2,0,0,0,2,2,39,LANE (39),660,EUGENE,9,9,10,October,2022,1,Sunday,0,0:00am-0:59am,39,39,1,This section IS ON the NHS,2,Urban,2,Principal Arterial - Other Freeways and Expressways,1,State Highway Agency,3,State Highway,SR-569 ODOT 69,,94,94,44.09676667,44.09676667,-123.109497220,-123.10949722,0,No Special Jurisdiction,12,Motor Vehicle In-Transport,2,Front-to-Front,0,No,1,Non-Junction,1,Not an Intersection,1,Construction,,,1,On Roadway,3,Dark - Lighted,,,,,1,Clear,0,No,0000000,Not Applicable,0,0:00am-0:59am,39,39,99,Unknown EMS Scene Arrival Hour,99,Unknown EMS Scene Arrival Minutes,99,Unknown,99,Unknown EMS Hospital Arrival Time,,,,,,,1,
2022,41,410505,Oregon,1,1,0,0,0,1,1,41,LINCOLN (41),0,NOT APPLICABLE,28,28,10,October,2022,6,Friday,22,10:00pm-10:59pm,52,52,0,This section IS NOT on the NHS,2,Urban,5,Major Collector,2,County Highway Agency,4,County Road,CR-NE EAST DEVILS LAKE RD,,25,25,44.97576667,44.97576667,-123.988680560,-123.98868056,0,No Special Jurisdiction,42,Tree (Standing Only),0,The First Harmful Event was Not a Collision with a Motor Vehicle in Transport,0,No,1,Non-Junction,1,Not an Intersection,0,None,,,4,On Roadside,2,Dark - Not Lighted,,,,,2,Rain,0,No,0000000,Not Applicable,99,Unknown,99,Unknown,99,Unknown EMS Scene Arrival Hour,99,Unknown EMS Scene Arrival Minutes,88,"Not Applicable (Not Transported) ",88,Not Applicable (Not Transported),,,,,,,1,
2022,41,410506,Oregon,1,1,0,1,1,1,1,7,CLATSOP (7),80,ASTORIA,29,29,11,November,2022,3,Tuesday,17,5:00pm-5:59pm,31,31,1,This section IS ON the NHS,2,Urban,3,Principal Arterial - Other,1,State Highway Agency,2,U.S. Highway,US-30 ODOT 92,,987,987,46.19057778,46.19057778,-123.841536110,-123.84153611,0,No Special Jurisdiction,9,Pedalcyclist,0,The First Harmful Event was Not a Collision with a Motor Vehicle in Transport,0,No,1,Non-Junction,1,Not an Intersection,0,None,,,1,On Roadway,2,Dark - Not Lighted,,,,,2,Rain,0,No,0000000,Not Applicable,17,5:00pm-5:59pm,31,31,99,Unknown EMS Scene Arrival Hour,99,Unknown EMS Scene Arrival Minutes,88,"Not Applicable (Not Transported) ",88,Not Applicable (Not Transported),,,,,,,1,
2022,41,410508,Oregon,1,1,0,0,0,1,1,51,MULTNOMAH (51),0,NOT APPLICABLE,16,16,10,October,2022,1,Sunday,6,6:00am-6:59am,21,21,0,This section IS NOT on the NHS,2,Urban,5,Major Collector,2,County Highway Agency,4,County Road,CR-SE TROUTDALE RD,,0,None,45.49339444,45.49339444,-122.377966670,-122.37796667,0,No Special Jurisdiction,17,Boulder,0,The First Harmful Event was Not a Collision with a Motor Vehicle in Transport,0,No,1,Non-Junction,1,Not an Intersection,0,None,,,4,On Roadside,2,Dark - Not Lighted,,,,,1,Clear,0,No,0000000,Not Applicable,6,6:00am-6:59am,21,21,6,6:00am-6:59am,26,26,88,"Not Applicable (Not Transported) ",88,Not Applicable (Not Transported),,,,,,,1,
2022,41,410509,Oregon,1,1,0,1,1,3,3,51,MULTNOMAH (51),1650,PORTLAND,17,17,10,October,2022,2,Monday,6,6:00am-6:59am,58,58,0,This section IS NOT on the NHS,2,Urban,4,Minor Arterial,4,City or Municipal Highway Agency,6,Local Street - Municipality,SE STARK ST,SE 146TH AVE,0,None,45.51911944,45.51911944,-122.513386110,-122.51338611,0,No Special Jurisdiction,8,Pedestrian,0,The First Harmful Event was Not a Collision with a Motor Vehicle in Transport,0,No,3,Intersection-Related,2,Four-Way Intersection,0,None,,,1,On Roadway,2,Dark - Not Lighted,,,,,1,Clear,0,No,0000000,Not Applicable,99,Unknown,99,Unknown,99,Unknown EMS Scene Arrival Hour,99,Unknown EMS Scene Arrival Minutes,88,"Not Applicable (Not Transported) ",88,Not Applicable (Not Transported),,,,,,,1,
2022,41,410510,Oregon,1,1,0,0,0,1,1,47,MARION (47),0,NOT APPLICABLE,1,1,12,December,2022,5,Thursday,5,5:00am-5:59am,26,26,1,This section IS ON the NHS,2,Urban,1,Interstate,1,State Highway Agency,1,Interstate,I-5,,2703,2703,45.13281944,45.13281944,-122.898755560,-122.89875556,0,No Special Jurisdiction,42,Tree (Standing Only),0,The First Harmful Event was Not a Collision with a Motor Vehicle in Transport,0,No,1,Non-Junction,1,Not an Intersection,0,None,,,4,On Roadside,2,Dark - Not Lighted,,,,,2,Rain,0,No,0000000,Not Applicable,5,5:00am-5:59am,26,26,5,5:00am-5:59am,45,45,88,"Not Applicable (Not Transported) ",88,Not Applicable (Not Transported),,,,,,,1,
2022,41,410511,Oregon,2,2,0,0,0,2,2,51,MULTNOMAH (51),1650,PORTLAND,1,1,12,December,2022,5,Thursday,17,5:00pm-5:59pm,47,47,0,This section IS NOT on the NHS,2,Urban,5,Major Collector,4,City or Municipal Highway Agency,6,Local Street - Municipality,SE 92ND AVE,SE DUKE ST,0,None,45.47603056,45.47603056,-122.568622220,-122.56862222,0,No Special Jurisdiction,12,Motor Vehicle In-Transport,6,Angle,0,No,2,Intersection,3,T-Intersection,0,None,,,1,On Roadway,3,Dark - Lighted,,,,,10,Cloudy,0,No,0000000,Not Applicable,99,Unknown,99,Unknown,99,Unknown EMS Scene Arrival Hour,99,Unknown EMS Scene Arrival Minutes,88,"Not Applicable (Not Transported) ",88,Not Applicable (Not Transported),,,,,,,1,
2022,41,410512,Oregon,2,2,0,0,0,2,2,67,WASHINGTON (67),0,NOT APPLICABLE,3,3,12,December,2022,7,Saturday,16,4:00pm-4:59pm,45,45,0,This section IS NOT on the NHS,2,Urban,5,Major Collector,4,City or Municipal Highway Agency,6,Local Street - Municipality,CR-NW LAIDLAW RD,,0,None,45.55588333,45.55588333,-122.833641670,-122.83364167,0,No Special Jurisdiction,12,Motor Vehicle In-Transport,98,Not Reported,0,No,8,Driveway Access Related,1,Not an Intersection,0,None,,,1,On Roadway,5,Dusk,,,,,1,Clear,0,No,0000000,Not Applicable,99,Unknown,99,Unknown,99,Unknown EMS Scene Arrival Hour,99,Unknown EMS Scene Arrival Minutes,88,"Not Applicable (Not Transported) ",88,Not Applicable (Not Transported),,,,,,,1,
2022,41,410514,Oregon,1,1,0,0,0,1,1,11,COOS (11),0,NOT APPLICABLE,3,3,12,December,2022,7,Saturday,17,5:00pm-5:59pm,59,59,0,This section IS NOT on the NHS,1,Rural,5,Major Collector,2,County Highway Agency,4,County Road,CR-CAPE ARAGO HWY,,138,138,43.32219444,43.32219444,-124.383497220,-124.38349722,0,No Special Jurisdiction,35,Embankment,0,The First Harmful Event was Not a Collision with a Motor Vehicle in Transport,0,No,1,Non-Junction,1,Not an Intersection,0,None,,,4,On Roadside,9,Reported as Unknown,,,,,99,Reported as Unknown,0,No,0000000,Not Applicable,99,Unknown,99,Unknown,99,Unknown EMS Scene Arrival Hour,99,Unknown EMS Scene Arrival Minutes,88,"Not Applicable (Not Transported) ",88,Not Applicable (Not Transported),,,,,,,1,
2022,41,410515,Oregon,3,2,1,0,0,2,2,51,MULTNOMAH (51),1650,PORTLAND,5,5,12,December,2022,2,Monday,12,12:00pm-12:59pm,19,19,0,This section IS NOT on the NHS,2,Urban,5,Major Collector,4,City or Municipal Highway Agency,6,Local Street - Municipality,NE PRESCOTT ST,NE 11TH AVE,0,None,45.55550000,45.55550000,-122.654586110,-122.65458611,0,No Special Jurisdiction,12,Motor Vehicle In-Transport,98,Not Reported,0,No,3,Intersection-Related,2,Four-Way Intersection,0,None,,,1,On Roadway,1,Daylight,,,,,10,Cloudy,0,No,0000000,Not Applicable,99,Unknown,99,Unknown,99,Unknown EMS Scene Arrival Hour,99,Unknown EMS Scene Arrival Minutes,88,"Not Applicable (Not Transported) ",88,Not Applicable (Not Transported),,,,,,,1,
2022,41,410516,Oregon,2,2,0,0,0,2,2,47,MARION (47),1810,SALEM,6,6,12,December,2022,3,Tuesday,16,4:00pm-4:59pm,8,8,0,This section IS NOT on the NHS,2,Urban,4,Minor Arterial,4,City or Municipal Highway Agency,6,Local Street - Municipality,HAWTHORNE AVE NE,STATE ST,0,None,44.92797778,44.92797778,-122.993561110,-122.99356111,0,No Special Jurisdiction,12,Motor Vehicle In-Transport,6,Angle,0,No,2,Intersection,2,Four-Way Intersection,0,None,,,1,On Roadway,1,Daylight,,,,,10,Cloudy,0,No,0000000,Not Applicable,16,4:00pm-4:59pm,8,8,16,4:00pm-4:59pm,11,11,88,"Not Applicable (Not Transported) ",88,Not Applicable (Not Transported),,,,,,,1,
2022,41,410517,Oregon,3,3,0,0,0,3,3,51,MULTNOMAH (51),1650,PORTLAND,7,7,12,December,2022,4,Wednesday,16,4:00pm-4:59pm,56,56,1,This section IS ON the NHS,2,Urban,3,Principal Arterial - Other,4,City or Municipal Highway Agency,6,Local Street - Municipality,NE COLUMBIA BLVD,,0,None,45.57439167,45.57439167,-122.633947220,-122.63394722,0,No Special Jurisdiction,12,Motor Vehicle In-Transport,7,Sideswipe - Same Direction,0,No,1,Non-Junction,1,Not an Intersection,0,None,,,11,Continuous Left - Turn Lane,5,Dusk,,,,,10,Cloudy,0,No,0000000,Not Applicable,16,4:00pm-4:59pm,52,52,16,4:00pm-4:59pm,56,56,17,5:00pm-5:59pm,20,20,,,,,,,1,