caseyear,state,st_case,statename,ve_total,ve_forms,pvh_invl,peds,pernotmvit,permvit,persons,county,countyname,city,cityname,day,dayname,month,monthname,year,day_week,day_weekname,hour,hourname,minute,minutename,nhs,nhsname,rur_urb,rur_urbname,func_sys,func_sysname,rd_owner,rd_ownername,route,routename,tway_id,tway_id2,milept,mileptname,latitude,latitudename,longitud,longitudname,sp_jur,sp_jurname,harm_ev,harm_evname,man_coll,man_collname,reljct1,reljct1name,reljct2,reljct2name,typ_int,typ_intname,wrk_zone,wrk_zonename,road_fnc,road_fncname,rel_road,rel_roadname,lgt_cond,lgt_condname,weather1,weather1name,weather2,weather2name,weather,weathername,sch_bus,sch_busname,rail,railname,not_hour,not_hourname,not_min,not_minname,arr_hour,arr_hourname,arr_min,arr_minname,hosp_hr,hosp_hrname,hosp_mn,hosp_mnname,cf1,cf1name,cf2,cf2name,cf3,cf3name,fatals,drunk_dr
2023,41,410071,Oregon,2,2,0,0,0,2,2,51,MULTNOMAH (51),1650,PORTLAND,24,24,2,February,2023,6,Friday,20,8:00pm-8:59pm,35,35,0,This Section IS NOT on the NHS,2,Urban,5,Major Collector,4,City or Municipal Highway Agency,6,Municipal,MU-NE MARINE DR,,0,None,45.59246667,45.59246667,-122.583291670,-122.58329167,0,No Special Jurisdiction,12,Motor Vehicle In-Transport,8,Sideswipe - Opposite Direction,0,No,1,Non-Junction,1,Not an Intersection,0,None,,,1,On Roadway,2,Dark - Not Lighted,,,,,10,Cloudy,0,No,0000000,Not Applicable,99,Unknown,99,Unknown,99,Unknown EMS Scene Arrival Hour,99,Unknown EMS Scene Arrival Minutes,88,"Not Applicable (Not Transported) ",88,Not Applicable (Not Transported),,,,,,,1,
2023,41,410072,Oregon,2,2,0,0,0,4,4,3,BENTON (3),0,NOT APPLICABLE,25,25,2,February,2023,7,Saturday,9,9:00am-9:59am,40,40,0,This Section IS NOT on the NHS,1,Rural,4,Minor Arterial,1,State Highway Agency,3,State Highway,SR-99W ODOT 91,CR-DAWSON RD,976,976,44.36302222,44.36302222,-123.291605560,-123.29160556,0,No Special Jurisdiction,12,Motor Vehicle In-Transport,6,Angle,0,No,2,Intersection,2,Four-Way Intersection,0,None,,,1,On Roadway,1,Daylight,,,,,1,Clear,0,No,0000000,Not Applicable,9,9:00am-9:59am,43,43,9,9:00am-9:59am,49,49,99,Unknown,99,Unknown EMS Hospital Arrival Time,,,,,,,1,
2023,41,410075,Oregon,1,1,0,0,0,1,1,33,JOSEPHINE (33),0,NOT APPLICABLE,28,28,1,January,2023,7,Saturday,20,8:00pm-8:59pm,40,40,0,This Section IS NOT on the NHS,1,Rural,4,Minor Arterial,1,State Highway Agency,3,State Highway,SR-238 ODOT 272,,80,80,42.34212222,42.34212222,-123.312652780,-123.31265278,0,No Special Jurisdiction,1,Rollover/Overturn,0,The First Harmful Event was Not a Collision with a Motor Vehicle in Transport,0,No,1,Non-Junction,1,Not an Intersection,0,None,,,2,On Shoulder,2,Dark - Not Lighted,,,,,1,Clear,0,No,0000000,Not Applicable,20,8:00pm-8:59pm,45,45,20,8:00pm-8:59pm,54,54,21,9:00pm-9:59pm,57,57,,,,,,,1,
2023,41,410076,Oregon,3,3,0,0,0,6,6,43,LINN (43),0,NOT APPLICABLE,7,7,2,February,2023,3,Tuesday,13,1:00pm-1:59pm,45,45,1,This Section IS ON the NHS,1,Rural,3,Other Principal Arterial,1,State Highway Agency,3,State Highway,SR-22 ODOT 162,,708,708,44.56754444,44.56754444,-122.000555560,-122.00055556,0,No Special Jurisdiction,12,Motor Vehicle In-Transport,6,Angle,0,No,1,Non-Junction,1,Not an Intersection,0,None,,,1,On Roadway,1,Daylight,,,,,10,Cloudy,0,No,0000000,Not Applicable,13,1:00pm-1:59pm,99,Unknown,13,1:00pm-1:59pm,50,50,15,3:00pm-3:59pm,59,59,,,,,,,1,
2023,41,410077,Oregon,1,1,0,0,0,2,2,31,JEFFERSON (31),0,NOT APPLICABLE,3,3,3,March,2023,6,Friday,2,2:00am-2:59am,54,54,1,This Section IS ON the NHS,1,Rural,3,Other Principal Arterial,1,State Highway Agency,2,U.S. Highway,US-26 ODOT 53,,1053,1053,44.76042778,44.76042778,-121.227400000,-121.22740000,0,No Special Jurisdiction,34,Ditch,0,The First Harmful Event was Not a Collision with a Motor Vehicle in Transport,0,No,1,Non-Junction,1,Not an Intersection,0,None,,,4,On Roadside,2,Dark - Not Lighted,,,,,1,Clear,0,No,0000000,Not Applicable,3,3:00am-3:59am,10,10,3,3:00am-3:59am,41,41,99,Unknown,99,Unknown EMS Hospital Arrival Time,,,,,,,1,
2023,41,410078,Oregon,1,1,0,0,0,1,1,51,MULTNOMAH (51),0,NOT APPLICABLE,4,4,3,March,2023,7,Saturday,7,7:00am-7:59am,15,15,1,This Section IS ON the NHS,1,Rural,1,Interstate,1,State Highway Agency,1,Interstate,I-84,,230,230,45.54168333,45.54168333,-122.281780560,-122.28178056,0,No Special Jurisdiction,24,Guardrail Face,0,The First Harmful Event was Not a Collision with a Motor Vehicle in Transport,0,No,1,Non-Junction,1,Not an Intersection,0,None,,,4,On Roadside,1,Daylight,,,,,3,Sleet or Hail,0,No,0000000,Not Applicable,7,7:00am-7:59am,15,15,7,7:00am-7:59am,24,24,88,"Not Applicable (Not Transported) ",88,Not Applicable (Not Transported),,,,,,,1,
2023,41,410079,Oregon,1,1,0,0,0,2,2,47,MARION (47),0,NOT APPLICABLE,3,3,3,March,2023,6,Friday,3,3:00am-3:59am,0,0,1,This Section IS ON the NHS,2,Urban,3,Other Principal Arterial,2,County Highway Agency,4,County,CR-LANCASTER DR NE,,17,17,44.93754444,44.93754444,-122.982827780,-122.98282778,0,No Special Jurisdiction,59,"Traffic Sign Support ",0,The First Harmful Event was Not a Collision with a Motor Vehicle in Transport,0,No,1,Non-Junction,1,Not an Intersection,0,None,,,4,On Roadside,3,Dark - Lighted,,,,,10,Cloudy,0,No,0000000,Not Applicable,3,3:00am-3:59am,16,16,3,3:00am-3:59am,22,22,99,Unknown,99,Unknown EMS Hospital Arrival Time,,,,,,,1,
2023,41,410080,Oregon,1,1,0,1,1,1,1,51,MULTNOMAH (51),1650,PORTLAND,4,4,3,March,2023,7,Saturday,18,6:00pm-6:59pm,29,29,1,This Section IS ON the NHS,2,Urban,3,Other Principal Arterial,1,State Highway Agency,2,U.S. Highway,US-30 ODOT 123,MU-NE 162ND AVE,145,145,45.54940000,45.54940000,-122.496005560,-122.49600556,0,No Special Jurisdiction,8,Pedestrian,0,The First Harmful Event was Not a Collision with a Motor Vehicle in Transport,0,No,3,Intersection-Related,3,T-Intersection,0,None,,,1,On Roadway,8,Not Reported,,,,,10,Cloudy,0,No,0000000,Not Applicable,18,6:00pm-6:59pm,30,30,99,Unknown EMS Scene Arrival Hour,99,Unknown EMS Scene Arrival Minutes,88,"Not Applicable (Not Transported) ",88,Not Applicable (Not Transported),,,,,,,1,
2023,41,410081,Oregon,2,2,0,0,0,5,5,5,CLACKAMAS (5),1580,OREGON CITY,17,17,2,February,2023,6,Friday,20,8:00pm-8:59pm,10,10,1,This Section IS ON the NHS,2,Urban,3,Other Principal Arterial,1,State Highway Agency,3,State Highway,SR-213 FRONTAGE RD ODOT 64,,101,101,45.37396111,45.37396111,-122.586780560,-122.58678056,0,No Special Jurisdiction,12,Motor Vehicle In-Transport,8,Sideswipe - Opposite Direction,0,No,1,Non-Junction,1,Not an Intersection,0,None,,,1,On Roadway,1,Daylight,,,,,1,Clear,0,No,0000000,Not Applicable,20,8:00pm-8:59pm,16,16,20,8:00pm-8:59pm,21,21,20,8:00pm-8:59pm,29,29,,,,,,,1,
2023,41,410082,Oregon,2,2,0,0,0,3,3,19,DOUGLAS (19),0,NOT APPLICABLE,9,9,3,March,2023,5,Thursday,13,1:00pm-1:59pm,29,29,1,This Section IS ON the NHS,1,Rural,3,Other Principal Arterial,1,State Highway Agency,3,State Highway,SR-42 ODOT 35,,680,680,43.11638889,43.11638889,-123.501133330,-123.50113333,0,No Special Jurisdiction,12,Motor Vehicle In-Transport,2,Front-to-Front,0,No,1,Non-Junction,1,Not an Intersection,0,None,,,1,On Roadway,1,Daylight,,,,,10,Cloudy,0,No,0000000,Not Applicable,13,1:00pm-1:59pm,29,29,13,1:00pm-1:59pm,40,40,99,Unknown,99,Unknown EMS Hospital Arrival Time,,,,,,,1,
2023,41,410084,Oregon,1,1,0,0,0,1,1,35,KLAMATH (35),1170,KLAMATH FALLS,2,2,2,February,2023,5,Thursday,16,4:00pm-4:59pm,59,59,1,This Section IS ON the NHS,2,Urban,3,Other Principal Arterial,1,State Highway Agency,3,State Highway,SR-39 ODOT 50,,33,33,42.21864444,42.21864444,-121.749208330,-121.74920833,0,No Special Jurisdiction,42,Tree (Standing Only),0,The First Harmful Event was Not a Collision with a Motor Vehicle in Transport,0,No,1,Non-Junction,1,Not an Intersection,0,None,,,4,On Roadside,1,Daylight,,,,,1,Clear,0,No,0000000,Not Applicable,99,Unknown,99,Unknown,17,5:00pm-5:59pm,5,5,88,"Not Applicable (Not Transported) ",88,Not Applicable (Not Transported),,,,,,,1,
2023,41,410085,Oregon,1,1,0,0,0,1,1,19,DOUGLAS (19),0,NOT APPLICABLE,9,9,3,March,2023,5,Thursday,17,5:00pm-5:59pm,41,41,0,This Section IS NOT on the NHS,1,Rural,6,Minor Collector,2,County Highway Agency,4,County,CR-HAYHURST RD,,8,8,43.59051389,43.59051389,-123.305069440,-123.30506944,0,No Special Jurisdiction,38,Fence,0,The First Harmful Event was Not a Collision with a Motor Vehicle in Transport,0,No,1,Non-Junction,1,Not an Intersection,0,None,,,4,On Roadside,5,Dusk,,,,,10,Cloudy,0,No,0000000,Not Applicable,17,5:00pm-5:59pm,41,41,17,5:00pm-5:59pm,48,48,88,"Not Applicable (Not Transported) ",88,Not Applicable (Not Transported),,,,,,,1,
2023,41,410086,Oregon,2,2,0,0,0,2,2,1,BAKER (1),0,NOT APPLICABLE,12,12,3,March,2023,1,Sunday,13,1:00pm-1:59pm,0,0,0,This Section IS NOT on the NHS,1,Rural,5,Major Collector,1,State Highway Agency,3,State Highway,SR-203 ODOT 340,I-84 RAMP,386,386,44.86163611,44.86163611,-117.818005560,-117.81800556,0,No Special Jurisdiction,12,Motor Vehicle In-Transport,6,Angle,1,Yes,2,Intersection,2,Four-Way Intersection,0,None,,,1,On Roadway,1,Daylight,,,,,10,Cloudy,0,No,0000000,Not Applicable,13,1:00pm-1:59pm,0,0,13,1:00pm-1:59pm,10,10,99,Unknown,99,Unknown EMS Hospital Arrival Time,,,,,,,1,
2023,41,410087,Oregon,1,1,0,0,0,1,1,51,MULTNOMAH (51),1650,PORTLAND,14,14,3,March,2023,3,Tuesday,99,Unknown Hours,99,Unknown Minutes,0,This Section IS NOT on the NHS,2,Urban,5,Major Collector,4,City or Municipal Highway Agency,6,Municipal,MU-NE MARINE DR,,0,None,45.55861389,45.55861389,-122.479208330,-122.47920833,0,No Special Jurisdiction,1,Rollover/Overturn,0,The First Harmful Event was Not a Collision with a Motor Vehicle in Transport,0,No,1,Non-Junction,1,Not an Intersection,0,None,,,4,On Roadside,9,Reported as Unknown,,,,,1,Clear,0,No,0000000,Not Applicable,99,Unknown,99,Unknown,99,Unknown EMS Scene Arrival Hour,99,Unknown EMS Scene Arrival Minutes,88,"Not Applicable (Not Transported) ",88,Not Applicable (Not Transported),,,,,,,1,
2023,41,410090,Oregon,3,3,0,0,0,5,5,41,LINCOLN (41),0,NOT APPLICABLE,15,15,3,March,2023,4,Wednesday,15,3:00pm-3:59pm,28,28,1,This Section IS ON the NHS,1,Rural,3,Other Principal Arterial,1,State Highway Agency,2,U.S. Highway,US-101 ODOT 9,,1525,1525,44.47287778,44.47287778,-124.079786110,-124.07978611,0,No Special Jurisdiction,12,Motor Vehicle In-Transport,2,Front-to-Front,0,No,1,Non-Junction,1,Not an Intersection,0,None,,,1,On Roadway,1,Daylight,,,,,1,Clear,0,No,0000000,Not Applicable,15,3:00pm-3:59pm,28,28,15,3:00pm-3:59pm,36,36,99,Unknown,99,Unknown EMS Hospital Arrival Time,,,,,,,1,
2023,41,410091,Oregon,2,2,0,0,0,5,5,33,JOSEPHINE (33),0,NOT APPLICABLE,16,16,3,March,2023,5,Thursday,18,6:00pm-6:59pm,27,27,1,This Section IS ON the NHS,1,Rural,3,Other Principal Arterial,1,State Highway Agency,2,U.S. Highway,US-199 ODOT 25,,395,395,42.02667222,42.02667222,-123.730013890,-123.73001389,0,No Special Jurisdiction,12,Motor Vehicle In-Transport,2,Front-to-Front,0,No,1,Non-Junction,1,Not an Intersection,0,None,,,1,On Roadway,1,Daylight,,,,,1,Clear,1,Yes,0000000,Not Applicable,18,6:00pm-6:59pm,35,35,18,6:00pm-6:59pm,45,45,99,Unknown,99,Unknown EMS Hospital Arrival Time,,,,,,,1,
2023,41,410092,Oregon,1,1,0,1,1,1,1,67,WASHINGTON (67),0,NOT APPLICABLE,17,17,3,March,2023,6,Friday,3,3:00am-3:59am,48,48,1,This Section IS ON the NHS,2,Urban,3,Other Principal Arterial,1,State Highway Agency,3,State Highway,SR-8 ODOT 29,MU-SW 178TH AVE,62,62,45.49310000,45.49310000,-122.860394440,-122.86039444,0,No Special Jurisdiction,8,Pedestrian,0,The First Harmful Event was Not a Collision with a Motor Vehicle in Transport,0,No,3,Intersection-Related,3,T-Intersection,0,None,,,1,On Roadway,3,Dark - Lighted,,,,,1,Clear,0,No,0000000,Not Applicable,3,3:00am-3:59am,48,48,3,3:00am-3:59am,55,55,99,Unknown,99,Unknown EMS Hospital Arrival Time,,,,,,,1,
2023,41,410095,Oregon,1,1,0,0,0,1,1,17,DESCHUTES (17),0,NOT APPLICABLE,20,20,3,March,2023,2,Monday,7,7:00am-7:59am,45,45,1,This Section IS ON the NHS,1,Rural,3,Other Principal Arterial,1,State Highway Agency,2,U.S. Highway,US-97 ODOT 4,,1509,1509,43.88984167,43.88984167,-121.379827780,-121.37982778,0,No Special Jurisdiction,35,Embankment,0,The First Harmful Event was Not a Collision with a Motor Vehicle in Transport,0,No,1,Non-Junction,1,Not an Intersection,0,None,,,4,On Roadside,1,Daylight,,,,,10,Cloudy,0,No,0000000,Not Applicable,7,7:00am-7:59am,45,45,7,7:00am-7:59am,54,54,88,"Not Applicable (Not Transported) ",88,Not Applicable (Not Transported),,,,,,,1,
2023,41,410097,Oregon,2,2,0,0,0,3,3,71,YAMHILL (71),0,NOT APPLICABLE,18,18,3,March,2023,7,Saturday,16,4:00pm-4:59pm,50,50,1,This Section IS ON the NHS,2,Urban,3,Other Principal Arterial,1,State Highway Agency,3,State Highway,SR-219 ODOT 140,,227,227,45.27816667,45.27816667,-122.944722220,-122.94472222,0,No Special Jurisdiction,12,Motor Vehicle In-Transport,1,Front-to-Rear,0,No,1,Non-Junction,1,Not an Intersection,0,None,,,1,On Roadway,1,Daylight,,,,,1,Clear,0,No,0000000,Not Applicable,16,4:00pm-4:59pm,59,59,17,5:00pm-5:59pm,6,6,99,Unknown,99,Unknown EMS Hospital Arrival Time,,,,,,,2,
2023,41,410098,Oregon,1,1,0,0,0,1,1,19,DOUGLAS (19),0,NOT APPLICABLE,23,23,3,March,2023,5,Thursday,12,12:00pm-12:59pm,36,36,0,This Section IS NOT on the NHS,1,Rural,4,Minor Arterial,1,State Highway Agency,3,State Highway,SR-138W ODOT 231,,187,187,43.44013889,43.44013889,-123.405550000,-123.40555000,0,No Special Jurisdiction,42,Tree (Standing Only),0,The First Harmful Event was Not a Collision with a Motor Vehicle in Transport,0,No,1,Non-Junction,1,Not an Intersection,0,None,,,4,On Roadside,1,Daylight,,,,,2,Rain,0,No,0000000,Not Applicable,12,12:00pm-12:59pm,36,36,12,12:00pm-12:59pm,41,41,88,"Not Applicable (Not Transported) ",88,Not Applicable (Not Transported),,,,,,,1,
2023,41,410099,Oregon,2,2,0,0,0,3,3,19,DOUGLAS (19),0,NOT APPLICABLE,24,24,3,March,2023,6,Friday,5,5:00am-5:59am,58,58,1,This Section IS ON the NHS,1,Rural,1,Interstate,1,State Highway Agency,1,Interstate,I-5,,1664,1664,43.75052222,43.75052222,-123.173133330,-123.17313333,0,No Special Jurisdiction,12,Motor Vehicle In-Transport,1,Front-to-Rear,0,No,1,Non-Junction,1,Not an Intersection,0,None,,,1,On Roadway,2,Dark - Not Lighted,,,,,2,Rain,0,No,0000000,Not Applicable,5,5:00am-5:59am,58,58,6,6:00am-6:59am,15,15,99,Unknown,99,Unknown EMS Hospital Arrival Time,,,,,,,1,
2023,41,410100,Oregon,2,1,1,1,1,1,1,55,SHERMAN (55),0,NOT APPLICABLE,25,25,3,March,2023,7,Saturday,13,1:00pm-1:59pm,14,14,1,This Section IS ON the NHS,1,Rural,1,Interstate,1,State Highway Agency,1,Interstate,I-84,,1079,1079,45.68792222,45.68792222,-120.769025000,-120.76902500,0,No Special Jurisdiction,14,Parked Motor Vehicle,0,The First Harmful Event was Not a Collision with a Motor Vehicle in Transport,0,No,1,Non-Junction,1,Not an Intersection,0,None,,,2,On Shoulder,1,Daylight,,,,,1,Clear,0,No,0000000,Not Applicable,13,1:00pm-1:59pm,15,15,13,1:00pm-1:59pm,41,41,88,"Not Applicable (Not Transported) ",88,Not Applicable (Not Transported),,,,,,,1,
2023,41,410101,Oregon,1,1,0,0,0,1,1,43,LINN (43),0,NOT APPLICABLE,26,26,3,March,2023,1,Sunday,3,3:00am-3:59am,17,17,0,This Section IS NOT on the NHS,1,Rural,4,Minor Arterial,2,County Highway Agency,4,County,CR-DENNY SCHOOL RD,,4,4,44.53777500,44.53777500,-122.955238890,-122.95523889,0,No Special Jurisdiction,34,Ditch,0,The First Harmful Event was Not a Collision with a Motor Vehicle in Transport,0,No,1,Non-Junction,1,Not an Intersection,0,None,,,4,On Roadside,2,Dark - Not Lighted,,,,,10,Cloudy,0,No,0000000,Not Applicable,3,3:00am-3:59am,17,17,3,3:00am-3:59am,24,24,88,"Not Applicable (Not Transported) ",88,Not Applicable (Not Transported),,,,,,,1,
2023,41,410102,Oregon,1,1,0,0,0,1,1,43,LINN (43),0,NOT APPLICABLE,20,20,3,March,2023,2,Monday,19,7:00pm-7:59pm,25,25,0,This Section IS NOT on the NHS,1,Rural,4,Minor Arterial,2,County Highway Agency,4,County,CR-DENNY SCHOOL RD,,0,None,44.52738611,44.52738611,-122.952377780,-122.95237778,0,No Special Jurisdiction,34,Ditch,0,The First Harmful Event was Not a Collision with a Motor Vehicle in Transport,0,No,1,Non-Junction,1,Not an Intersection,0,None,,,4,On Roadside,5,Dusk,,,,,10,Cloudy,0,No,0000000,Not Applicable,19,7:00pm-7:59pm,25,25,19,7:00pm-7:59pm,32,32,88,"Not Applicable (Not Transported) ",88,Not Applicable (Not Transported),,,,,,,1,
2023,41,410103,Oregon,1,1,0,1,1,2,2,51,MULTNOMAH (51),2090,TROUTDALE,4,4,3,March,2023,7,Saturday,21,9:00pm-9:59pm,14,14,0,This Section IS NOT on the NHS,2,Urban,5,Major Collector,4,City or Municipal Highway Agency,6,Municipal,MU-SW CHERRY PARK RD,MU-SW BERRYESSA PL,0,None,45.52999444,45.52999444,-122.405966670,-122.40596667,0,No Special Jurisdiction,8,Pedestrian,0,The First Harmful Event was Not a Collision with a Motor Vehicle in Transport,0,No,3,Intersection-Related,3,T-Intersection,0,None,,,1,On Roadway,6,Dark - Unknown Lighting,,,,,98,Not Reported,0,No,0000000,Not Applicable,21,9:00pm-9:59pm,14,14,99,Unknown EMS Scene Arrival Hour,99,Unknown EMS Scene Arrival Minutes,99,Unknown,99,Unknown EMS Hospital Arrival Time,,,,,,,1,
2023,41,410104,Oregon,1,1,0,1,1,1,1,47,MARION (47),1810,SALEM,6,6,3,March,2023,2,Monday,18,6:00pm-6:59pm,40,40,1,This Section IS ON the NHS,2,Urban,3,Other Principal Arterial,4,City or Municipal Highway Agency,6,Municipal,MU-MARKET ST NE,MU-EVERGREEN AVE NE,0,None,44.94956389,44.94956389,-123.003383330,-123.00338333,0,No Special Jurisdiction,8,Pedestrian,0,The First Harmful Event was Not a Collision with a Motor Vehicle in Transport,0,No,3,Intersection-Related,3,T-Intersection,0,None,,,1,On Roadway,3,Dark - Lighted,,,,,10,Cloudy,0,No,0000000,Not Applicable,99,Unknown,99,Unknown,99,Unknown EMS Scene Arrival Hour,99,Unknown EMS Scene Arrival Minutes,99,Unknown,99,Unknown EMS Hospital Arrival Time,,,,,,,1,
2023,41,410105,Oregon,1,1,0,0,0,1,1,61,UNION (61),0,NOT APPLICABLE,27,27,3,March,2023,2,Monday,10,10:00am-10:59am,0,0,1,This Section IS ON the NHS,1,Rural,1,Interstate,1,State Highway Agency,1,Interstate,I-84,,2562,2562,45.35170000,45.35170000,-118.170752780,-118.17075278,0,No Special Jurisdiction,35,Embankment,0,The First Harmful Event was Not a Collision with a Motor Vehicle in Transport,0,No,1,Non-Junction,1,Not an Intersection,0,None,,,4,On Roadside,9,Reported as Unknown,,,,,1,Clear,0,No,0000000,Not Applicable,10,10:00am-10:59am,0,0,10,10:00am-10:59am,7,7,88,"Not Applicable (Not Transported) ",88,Not Applicable (Not Transported),,,,,,,1,
2023,41,410106,Oregon,2,2,0,0,0,3,3,7,CLATSOP (7),265,CANNON BEACH,27,27,3,March,2023,2,Monday,18,6:00pm-6:59pm,47,47,1,This Section IS ON the NHS,1,Rural,3,Other Principal Arterial,1,State Highway Agency,2,U.S. Highway,US-101 ODOT 9,MU-SUNSET BLVD,294,294,45.88888333,45.88888333,-123.957613890,-123.95761389,0,No Special Jurisdiction,12,Motor Vehicle In-Transport,6,Angle,0,No,2,Intersection,3,T-Intersection,0,None,,,1,On Roadway,3,Dark - Lighted,,,,,10,Cloudy,0,No,0000000,Not Applicable,18,6:00pm-6:59pm,47,47,18,6:00pm-6:59pm,54,54,99,Unknown,99,Unknown EMS Hospital Arrival Time,,,,,,,1,
2023,41,410108,Oregon,1,1,0,1,1,1,1,47,MARION (47),1810,SALEM,28,28,3,March,2023,3,Tuesday,15,3:00pm-3:59pm,43,43,0,This Section IS NOT on the NHS,2,Urban,5,Major Collector,4,City or Municipal Highway Agency,6,Municipal,MU-HIGH ST SE,MU-LESLIE ST SE,0,None,44.93354444,44.93354444,-123.040283330,-123.04028333,0,No Special Jurisdiction,9,Pedalcyclist,0,The First Harmful Event was Not a Collision with a Motor Vehicle in Transport,0,No,2,Intersection,2,Four-Way Intersection,0,None,,,1,On Roadway,1,Daylight,,,,,2,Rain,0,No,0000000,Not Applicable,15,3:00pm-3:59pm,44,44,15,3:00pm-3:59pm,47,47,15,3:00pm-3:59pm,51,51,,,,,,,1,
2023,41,410109,Oregon,1,1,0,1,1,1,1,47,MARION (47),2260,WOODBURN,30,30,3,March,2023,5,Thursday,20,8:00pm-8:59pm,42,42,1,This Section IS ON the NHS,2,Urban,3,Other Principal Arterial,1,State Highway Agency,3,State Highway,SR-99E ODOT 81,,321,321,45.14626667,45.14626667,-122.835752780,-122.83575278,0,No Special Jurisdiction,8,Pedestrian,0,The First Harmful Event was Not a Collision with a Motor Vehicle in Transport,0,No,1,Non-Junction,1,Not an Intersection,0,None,,,1,On Roadway,2,Dark - Not Lighted,,,,,10,Cloudy,0,No,0000000,Not Applicable,20,8:00pm-8:59pm,43,43,20,8:00pm-8:59pm,47,47,21,9:00pm-9:59pm,37,37,,,,,,,1,
2023,41,410110,Oregon,2,2,0,0,0,2,2,39,LANE (39),0,NOT APPLICABLE,31,31,3,March,2023,6,Friday,8,8:00am-8:59am,30,30,0,This Section IS NOT on the NHS,1,Rural,4,Minor Arterial,1,State Highway Agency,3,State Highway,SR-99E ODOT 58,,319,319,44.23456389,44.23456389,-123.199211110,-123.19921111,0,No Special Jurisdiction,12,Motor Vehicle In-Transport,2,Front-to-Front,0,No,1,Non-Junction,1,Not an Intersection,0,None,,,1,On Roadway,1,Daylight,,,,,1,Clear,0,No,0000000,Not Applicable,8,8:00am-8:59am,30,30,8,8:00am-8:59am,38,38,99,Unknown,99,Unknown EMS Hospital Arrival Time,,,,,,,1,
2023,41,410111,Oregon,1,1,0,1,1,1,1,5,CLACKAMAS (5),0,NOT APPLICABLE,1,1,4,April,2023,7,Saturday,0,0:00am-0:59am,49,49,1,This Section IS ON the NHS,2,Urban,3,Other Principal Arterial,1,State Highway Agency,3,State Highway,SR-212 ODOT 174,,76,76,45.43261111,45.43261111,-122.361555560,-122.36155556,0,No Special Jurisdiction,8,Pedestrian,0,The First Harmful Event was Not a Collision with a Motor Vehicle in Transport,0,No,1,Non-Junction,1,Not an Intersection,0,None,,,1,On Roadway,2,Dark - Not Lighted,,,,,2,Rain,0,No,0000000,Not Applicable,0,0:00am-0:59am,56,56,0,0:00am-0:59am,59,59,88,"Not Applicable (Not Transported) ",88,Not Applicable (Not Transported),,,,,,,1,
2023,41,410112,Oregon,1,1,0,0,0,1,1,19,DOUGLAS (19),0,NOT APPLICABLE,3,3,4,April,2023,2,Monday,7,7:00am-7:59am,41,41,1,This Section IS ON the NHS,1,Rural,3,Other Principal Arterial,1,State Highway Agency,3,State Highway,SR-38 ODOT 45,,242,242,43.66173056,43.66173056,-123.709755560,-123.70975556,0,No Special Jurisdiction,32,Culvert,0,The First Harmful Event was Not a Collision with a Motor Vehicle in Transport,0,No,1,Non-Junction,1,Not an Intersection,0,None,,,4,On Roadside,1,Daylight,,,,,10,Cloudy,0,No,0000000,Not Applicable,7,7:00am-7:59am,41,41,7,7:00am-7:59am,59,59,88,"Not Applicable (Not Transported) ",88,Not Applicable (Not Transported),,,,,,,1,
2023,41,410113,Oregon,2,2,0,0,0,2,2,11,COOS (11),0,NOT APPLICABLE,3,3,4,April,2023,2,Monday,14,2:00pm-2:59pm,26,26,1,This Section IS ON the NHS,1,Rural,3,Other Principal Arterial,1,State Highway Agency,2,U.S. Highway,US-101 ODOT 9,,2269,2269,43.52244167,43.52244167,-124.216491670,-124.21649167,0,No Special Jurisdiction,12,Motor Vehicle In-Transport,2,Front-to-Front,0,No,1,Non-Junction,1,Not an Intersection,0,None,,,1,On Roadway,1,Daylight,,,,,1,Clear,0,No,0000000,Not Applicable,14,2:00pm-2:59pm,29,29,14,2:00pm-2:59pm,44,44,99,Unknown,99,Unknown EMS Hospital Arrival Time,,,,,,,1,
2023,41,410114,Oregon,4,4,0,0,0,7,7,31,JEFFERSON (31),0,NOT APPLICABLE,9,9,4,April,2023,1,Sunday,21,9:00pm-9:59pm,36,36,1,This Section IS ON the NHS,1,Rural,3,Other Principal Arterial,1,State Highway Agency,2,U.S. Highway,US-97 ODOT 4,,1022,1022,44.53977778,44.53977778,-121.173511110,-121.17351111,0,No Special Jurisdiction,12,Motor Vehicle In-Transport,8,Sideswipe - Opposite Direction,0,No,1,Non-Junction,1,Not an Intersection,0,None,,,1,On Roadway,2,Dark - Not Lighted,,,,,1,Clear,0,No,0000000,Not Applicable,21,9:00pm-9:59pm,38,38,21,9:00pm-9:59pm,45,45,99,Unknown,99,Unknown EMS Hospital Arrival Time,,,,,,,1,
2023,41,410115,Oregon,1,1,0,0,0,1,1,33,JOSEPHINE (33),0,NOT APPLICABLE,10,10,4,April,2023,2,Monday,18,6:00pm-6:59pm,21,21,0,This Section IS NOT on the NHS,1,Rural,7,Local,2,County Highway Agency,4,County,CR-MCMULLEN CREEK RD,,3,3,42.25902778,42.25902778,-123.566169440,-123.56616944,0,No Special Jurisdiction,42,Tree (Standing Only),0,The First Harmful Event was Not a Collision with a Motor Vehicle in Transport,0,No,1,Non-Junction,1,Not an Intersection,0,None,,,4,On Roadside,1,Daylight,,,,,2,Rain,0,No,0000000,Not Applicable,18,6:00pm-6:59pm,21,21,18,6:00pm-6:59pm,32,32,88,"Not Applicable (Not Transported) ",88,Not Applicable (Not Transported),,,,,,,1,