caseyear,state,st_case,statename,ve_total,ve_forms,pvh_invl,peds,pernotmvit,permvit,persons,county,countyname,city,cityname,day,dayname,month,monthname,year,day_week,day_weekname,hour,hourname,minute,minutename,nhs,nhsname,rur_urb,rur_urbname,func_sys,func_sysname,rd_owner,rd_ownername,route,routename,tway_id,tway_id2,milept,mileptname,latitude,latitudename,longitud,longitudname,sp_jur,sp_jurname,harm_ev,harm_evname,man_coll,man_collname,reljct1,reljct1name,reljct2,reljct2name,typ_int,typ_intname,wrk_zone,wrk_zonename,road_fnc,road_fncname,rel_road,rel_roadname,lgt_cond,lgt_condname,weather1,weather1name,weather2,weather2name,weather,weathername,sch_bus,sch_busname,rail,railname,not_hour,not_hourname,not_min,not_minname,arr_hour,arr_hourname,arr_min,arr_minname,hosp_hr,hosp_hrname,hosp_mn,hosp_mnname,cf1,cf1name,cf2,cf2name,cf3,cf3name,fatals,drunk_dr
2023,41,410157,Oregon,4,3,1,0,0,3,3,51,MULTNOMAH (51),1650,PORTLAND,11,11,5,May,2023,5,Thursday,13,1:00pm-1:59pm,5,5,0,This Section IS NOT on the NHS,2,Urban,5,Major Collector,4,City or Municipal Highway Agency,6,Municipal,MU-SE 72ND AVE,MU-SE DUKE ST,0,None,45.47590000,45.47590000,-122.589361110,-122.58936111,0,No Special Jurisdiction,12,Motor Vehicle In-Transport,6,Angle,0,No,2,Intersection,2,Four-Way Intersection,0,None,,,1,On Roadway,1,Daylight,,,,,1,Clear,0,No,0000000,Not Applicable,13,1:00pm-1:59pm,10,10,13,1:00pm-1:59pm,15,15,99,Unknown,99,Unknown EMS Hospital Arrival Time,,,,,,,1,
2023,41,410158,Oregon,1,1,0,1,1,1,1,51,MULTNOMAH (51),1650,PORTLAND,25,25,4,April,2023,3,Tuesday,5,5:00am-5:59am,21,21,0,This Section IS NOT on the NHS,2,Urban,4,Minor Arterial,4,City or Municipal Highway Agency,6,Municipal,MU-NE 122ND AVE,MU-NE SKIDMORE ST,0,None,45.55367778,45.55367778,-122.537091670,-122.53709167,0,No Special Jurisdiction,8,Pedestrian,0,The First Harmful Event was Not a Collision with a Motor Vehicle in Transport,0,No,3,Intersection-Related,3,T-Intersection,0,None,,,1,On Roadway,3,Dark - Lighted,,,,,1,Clear,0,No,0000000,Not Applicable,5,5:00am-5:59am,21,21,5,5:00am-5:59am,28,28,5,5:00am-5:59am,52,52,,,,,,,1,
2023,41,410159,Oregon,1,1,0,1,1,1,1,51,MULTNOMAH (51),1650,PORTLAND,9,9,5,May,2023,3,Tuesday,13,1:00pm-1:59pm,22,22,0,This Section IS NOT on the NHS,2,Urban,4,Minor Arterial,4,City or Municipal Highway Agency,6,Municipal,MU-NE BROADWAY RD,MU-NE 15TH AVE,0,None,45.53499444,45.53499444,-122.650600000,-122.65060000,0,No Special Jurisdiction,8,Pedestrian,0,The First Harmful Event was Not a Collision with a Motor Vehicle in Transport,0,No,3,Intersection-Related,2,Four-Way Intersection,0,None,,,1,On Roadway,1,Daylight,,,,,1,Clear,0,No,0000000,Not Applicable,13,1:00pm-1:59pm,26,26,13,1:00pm-1:59pm,33,33,99,Unknown,99,Unknown EMS Hospital Arrival Time,,,,,,,1,
2023,41,410160,Oregon,5,5,0,0,0,9,9,67,WASHINGTON (67),2065,TIGARD,11,11,5,May,2023,5,Thursday,19,7:00pm-7:59pm,35,35,1,This Section IS ON the NHS,2,Urban,3,Other Principal Arterial,1,State Highway Agency,3,State Highway,SR-99W ODOT 91,,83,83,45.43736111,45.43736111,-122.756330560,-122.75633056,0,No Special Jurisdiction,12,Motor Vehicle In-Transport,2,Front-to-Front,0,No,1,Non-Junction,1,Not an Intersection,0,None,,,1,On Roadway,1,Daylight,,,,,1,Clear,0,No,0000000,Not Applicable,19,7:00pm-7:59pm,35,35,19,7:00pm-7:59pm,39,39,20,8:00pm-8:59pm,49,49,,,,,,,1,
2023,41,410162,Oregon,2,2,0,0,0,4,4,29,JACKSON (29),1630,PHOENIX,13,13,5,May,2023,7,Saturday,11,11:00am-11:59am,21,21,0,This Section IS NOT on the NHS,2,Urban,4,Minor Arterial,1,State Highway Agency,3,State Highway,SR- 5 CONNECTION 2,,241,241,42.28030556,42.28030556,-122.819597220,-122.81959722,0,No Special Jurisdiction,12,Motor Vehicle In-Transport,7,Sideswipe - Same Direction,1,Yes,20,Entrance/Exit Ramp,1,Not an Intersection,0,None,,,1,On Roadway,1,Daylight,,,,,1,Clear,0,No,0000000,Not Applicable,11,11:00am-11:59am,23,23,11,11:00am-11:59am,29,29,88,"Not Applicable (Not Transported) ",88,Not Applicable (Not Transported),,,,,,,1,
2023,41,410164,Oregon,1,1,0,0,0,3,3,67,WASHINGTON (67),0,NOT APPLICABLE,14,14,5,May,2023,1,Sunday,0,0:00am-0:59am,40,40,1,This Section IS ON the NHS,1,Rural,3,Other Principal Arterial,1,State Highway Agency,2,U.S. Highway,US-26 ODOT 47,,387,387,45.75334167,45.75334167,-123.280091670,-123.28009167,0,No Special Jurisdiction,1,Rollover/Overturn,0,The First Harmful Event was Not a Collision with a Motor Vehicle in Transport,0,No,1,Non-Junction,1,Not an Intersection,0,None,,,4,On Roadside,2,Dark - Not Lighted,,,,,1,Clear,0,No,0000000,Not Applicable,0,0:00am-0:59am,45,45,1,1:00am-1:59am,0,0,99,Unknown,99,Unknown EMS Hospital Arrival Time,,,,,,,1,
2023,41,410165,Oregon,2,2,0,0,0,3,3,51,MULTNOMAH (51),2090,TROUTDALE,14,14,5,May,2023,1,Sunday,0,0:00am-0:59am,51,51,0,This Section IS NOT on the NHS,2,Urban,5,Major Collector,1,State Highway Agency,6,Municipal,MU-FRONTAGE MARINE RAMP,I-84 RAMP,164,164,45.54531389,45.54531389,-122.400672220,-122.40067222,0,No Special Jurisdiction,12,Motor Vehicle In-Transport,6,Angle,1,Yes,2,Intersection,2,Four-Way Intersection,0,None,,,1,On Roadway,3,Dark - Lighted,,,,,1,Clear,0,No,0000000,Not Applicable,0,0:00am-0:59am,51,51,99,Unknown EMS Scene Arrival Hour,99,Unknown EMS Scene Arrival Minutes,88,"Not Applicable (Not Transported) ",88,Not Applicable (Not Transported),,,,,,,1,
2023,41,410166,Oregon,1,1,0,0,0,1,1,51,MULTNOMAH (51),1650,PORTLAND,16,16,5,May,2023,3,Tuesday,1,1:00am-1:59am,37,37,1,This Section IS ON the NHS,2,Urban,1,Interstate,1,State Highway Agency,1,Interstate,I-5 RAMP 2,,3023,3023,45.51650556,45.51650556,-122.665997220,-122.66599722,0,No Special Jurisdiction,23,Bridge Rail (Includes parapet),0,The First Harmful Event was Not a Collision with a Motor Vehicle in Transport,1,Yes,5,Entrance/Exit Ramp Related,1,Not an Intersection,0,None,,,4,On Roadside,3,Dark - Lighted,,,,,10,Cloudy,0,No,0000000,Not Applicable,99,Unknown,99,Unknown,99,Unknown EMS Scene Arrival Hour,99,Unknown EMS Scene Arrival Minutes,88,"Not Applicable (Not Transported) ",88,Not Applicable (Not Transported),,,,,,,1,
2023,41,410167,Oregon,1,1,0,0,0,1,1,29,JACKSON (29),0,NOT APPLICABLE,16,16,5,May,2023,3,Tuesday,10,10:00am-10:59am,46,46,0,This Section IS NOT on the NHS,1,Rural,4,Minor Arterial,1,State Highway Agency,3,State Highway,SR-238 ODOT 272,,261,261,42.24648611,42.24648611,-123.030591670,-123.03059167,0,No Special Jurisdiction,34,Ditch,0,The First Harmful Event was Not a Collision with a Motor Vehicle in Transport,0,No,1,Non-Junction,1,Not an Intersection,0,None,,,4,On Roadside,1,Daylight,,,,,1,Clear,0,No,0000000,Not Applicable,10,10:00am-10:59am,46,46,10,10:00am-10:59am,46,46,88,"Not Applicable (Not Transported) ",88,Not Applicable (Not Transported),,,,,,,1,
2023,41,410168,Oregon,1,1,0,1,1,1,1,51,MULTNOMAH (51),880,GRESHAM,16,16,5,May,2023,3,Tuesday,15,3:00pm-3:59pm,38,38,1,This Section IS ON the NHS,2,Urban,3,Other Principal Arterial,4,City or Municipal Highway Agency,6,Municipal,MU-SW 182ND AVE,,0,None,45.49232222,45.49232222,-122.475716670,-122.47571667,0,No Special Jurisdiction,15,Non-Motorist on Personal Conveyance,0,The First Harmful Event was Not a Collision with a Motor Vehicle in Transport,0,No,8,Driveway Access Related,1,Not an Intersection,0,None,,,1,On Roadway,1,Daylight,,,,,1,Clear,0,No,0000000,Not Applicable,15,3:00pm-3:59pm,31,31,15,3:00pm-3:59pm,31,31,88,"Not Applicable (Not Transported) ",88,Not Applicable (Not Transported),,,,,,,1,
2023,41,410169,Oregon,1,1,0,0,0,1,1,19,DOUGLAS (19),0,NOT APPLICABLE,17,17,5,May,2023,4,Wednesday,12,12:00pm-12:59pm,11,11,1,This Section IS ON the NHS,1,Rural,3,Other Principal Arterial,1,State Highway Agency,3,State Highway,SR-38 ODOT 45,,81,81,43.68405556,43.68405556,-123.953616670,-123.95361667,0,No Special Jurisdiction,42,Tree (Standing Only),0,The First Harmful Event was Not a Collision with a Motor Vehicle in Transport,0,No,1,Non-Junction,1,Not an Intersection,0,None,,,4,On Roadside,1,Daylight,,,,,1,Clear,0,No,0000000,Not Applicable,12,12:00pm-12:59pm,11,11,12,12:00pm-12:59pm,21,21,88,"Not Applicable (Not Transported) ",88,Not Applicable (Not Transported),,,,,,,1,
2023,41,410170,Oregon,3,3,0,0,0,3,3,39,LANE (39),0,NOT APPLICABLE,17,17,5,May,2023,4,Wednesday,12,12:00pm-12:59pm,11,11,0,This Section IS NOT on the NHS,1,Rural,5,Major Collector,2,County Highway Agency,4,County,CR-CLEARK LAKE RD,,40,40,44.10675000,44.10675000,-123.252791670,-123.25279167,0,No Special Jurisdiction,12,Motor Vehicle In-Transport,6,Angle,0,No,1,Non-Junction,1,Not an Intersection,0,None,,,1,On Roadway,1,Daylight,,,,,1,Clear,0,No,0000000,Not Applicable,12,12:00pm-12:59pm,11,11,12,12:00pm-12:59pm,36,36,13,1:00pm-1:59pm,5,5,,,,,,,1,
2023,41,410171,Oregon,2,2,0,0,0,2,2,35,KLAMATH (35),0,NOT APPLICABLE,24,24,1,January,2023,3,Tuesday,16,4:00pm-4:59pm,15,15,0,This Section IS NOT on the NHS,1,Rural,5,Major Collector,2,County Highway Agency,4,County,CR-BLISS RD,,20,20,42.42355556,42.42355556,-121.519819440,-121.51981944,0,No Special Jurisdiction,12,Motor Vehicle In-Transport,6,Angle,0,No,1,Non-Junction,1,Not an Intersection,0,None,,,1,On Roadway,1,Daylight,,,,,1,Clear,0,No,0000000,Not Applicable,99,Unknown,99,Unknown,99,Unknown EMS Scene Arrival Hour,99,Unknown EMS Scene Arrival Minutes,99,Unknown,99,Unknown EMS Hospital Arrival Time,,,,,,,1,
2023,41,410172,Oregon,1,1,0,0,0,1,1,53,POLK (53),0,NOT APPLICABLE,26,26,1,January,2023,5,Thursday,14,2:00pm-2:59pm,14,14,1,This Section IS ON the NHS,1,Rural,3,Other Principal Arterial,1,State Highway Agency,3,State Highway,SR-22 ODOT 30,,44,44,45.01685556,45.01685556,-123.419458330,-123.41945833,0,No Special Jurisdiction,24,Guardrail Face,0,The First Harmful Event was Not a Collision with a Motor Vehicle in Transport,0,No,1,Non-Junction,1,Not an Intersection,0,None,,,4,On Roadside,1,Daylight,,,,,98,Not Reported,0,No,0000000,Not Applicable,99,Unknown,99,Unknown,99,Unknown EMS Scene Arrival Hour,99,Unknown EMS Scene Arrival Minutes,99,Unknown,99,Unknown EMS Hospital Arrival Time,,,,,,,1,
2023,41,410174,Oregon,3,3,0,0,0,4,4,47,MARION (47),1810,SALEM,3,3,2,February,2023,6,Friday,13,1:00pm-1:59pm,49,49,0,This Section IS NOT on the NHS,2,Urban,4,Minor Arterial,4,City or Municipal Highway Agency,6,Municipal,MU-STATE ST,MU-HAWTHORNE AVE SE,0,None,44.92796111,44.92796111,-122.993552780,-122.99355278,0,No Special Jurisdiction,12,Motor Vehicle In-Transport,2,Front-to-Front,0,No,2,Intersection,2,Four-Way Intersection,0,None,,,1,On Roadway,1,Daylight,,,,,1,Clear,0,No,0000000,Not Applicable,13,1:00pm-1:59pm,49,49,13,1:00pm-1:59pm,54,54,14,2:00pm-2:59pm,5,5,,,,,,,1,
2023,41,410176,Oregon,1,1,0,1,1,2,2,39,LANE (39),660,EUGENE,13,13,5,May,2023,7,Saturday,3,3:00am-3:59am,54,54,0,This Section IS NOT on the NHS,2,Urban,4,Minor Arterial,4,City or Municipal Highway Agency,6,Municipal,MU-E 24TH AVE,,0,None,44.03343611,44.03343611,-123.078341670,-123.07834167,0,No Special Jurisdiction,8,Pedestrian,0,The First Harmful Event was Not a Collision with a Motor Vehicle in Transport,0,No,1,Non-Junction,1,Not an Intersection,0,None,,,1,On Roadway,2,Dark - Not Lighted,,,,,1,Clear,0,No,0000000,Not Applicable,99,Unknown,99,Unknown,99,Unknown EMS Scene Arrival Hour,99,Unknown EMS Scene Arrival Minutes,88,"Not Applicable (Not Transported) ",88,Not Applicable (Not Transported),,,,,,,1,
2023,41,410177,Oregon,3,1,2,0,12,1,13,47,MARION (47),0,NOT APPLICABLE,18,18,5,May,2023,5,Thursday,14,2:00pm-2:59pm,5,5,1,This Section IS ON the NHS,1,Rural,1,Interstate,1,State Highway Agency,1,Interstate,I-5,,2410,2410,44.74600833,44.74600833,-123.051505560,-123.05150556,0,No Special Jurisdiction,14,Parked Motor Vehicle,0,The First Harmful Event was Not a Collision with a Motor Vehicle in Transport,0,No,1,Non-Junction,1,Not an Intersection,0,None,,,4,On Roadside,1,Daylight,,,,,1,Clear,0,No,0000000,Not Applicable,99,Unknown,99,Unknown,99,Unknown EMS Scene Arrival Hour,99,Unknown EMS Scene Arrival Minutes,99,Unknown,99,Unknown EMS Hospital Arrival Time,,,,,,,7,
2023,41,410179,Oregon,2,2,0,0,0,4,4,9,COLUMBIA (9),0,NOT APPLICABLE,20,20,5,May,2023,7,Saturday,21,9:00pm-9:59pm,50,50,1,This Section IS ON the NHS,1,Rural,3,Other Principal Arterial,1,State Highway Agency,2,U.S. Highway,US-30 ODOT 92,CR-BUTTERFIELD RD,358,358,45.95202500,45.95202500,-122.863727780,-122.86372778,0,No Special Jurisdiction,12,Motor Vehicle In-Transport,6,Angle,0,No,2,Intersection,3,T-Intersection,0,None,,,1,On Roadway,3,Dark - Lighted,,,,,1,Clear,0,No,0000000,Not Applicable,21,9:00pm-9:59pm,50,50,21,9:00pm-9:59pm,55,55,99,Unknown,99,Unknown EMS Hospital Arrival Time,,,,,,,1,
2023,41,410180,Oregon,2,2,0,0,0,5,5,45,MALHEUR (45),0,NOT APPLICABLE,21,21,5,May,2023,1,Sunday,11,11:00am-11:59am,14,14,1,This Section IS ON the NHS,1,Rural,3,Other Principal Arterial,1,State Highway Agency,2,U.S. Highway,US-95 ODOT 456,,250,250,42.98855833,42.98855833,-117.139725000,-117.13972500,0,No Special Jurisdiction,12,Motor Vehicle In-Transport,2,Front-to-Front,0,No,1,Non-Junction,1,Not an Intersection,0,None,,,1,On Roadway,1,Daylight,,,,,1,Clear,0,No,0000000,Not Applicable,11,11:00am-11:59am,15,15,11,11:00am-11:59am,22,22,99,Unknown,99,Unknown EMS Hospital Arrival Time,,,,,,,2,
2023,41,410181,Oregon,1,1,0,0,0,4,4,67,WASHINGTON (67),1000,HILLSBORO,22,22,5,May,2023,2,Monday,0,0:00am-0:59am,56,56,0,This Section IS NOT on the NHS,2,Urban,4,Minor Arterial,4,City or Municipal Highway Agency,6,Municipal,MU-GLENCOE RD,MU-NW CORY ST,0,None,45.53909444,45.53909444,-122.995863890,-122.99586389,0,No Special Jurisdiction,53,Mail Box,0,The First Harmful Event was Not a Collision with a Motor Vehicle in Transport,0,No,3,Intersection-Related,2,Four-Way Intersection,0,None,,,4,On Roadside,3,Dark - Lighted,,,,,1,Clear,0,No,0000000,Not Applicable,99,Unknown,99,Unknown,99,Unknown EMS Scene Arrival Hour,99,Unknown EMS Scene Arrival Minutes,88,"Not Applicable (Not Transported) ",88,Not Applicable (Not Transported),,,,,,,1,
2023,41,410182,Oregon,1,1,0,0,0,2,2,35,KLAMATH (35),0,NOT APPLICABLE,22,22,5,May,2023,2,Monday,6,6:00am-6:59am,24,24,1,This Section IS ON the NHS,1,Rural,3,Other Principal Arterial,1,State Highway Agency,3,State Highway,SR-140E ODOT 20,,156,156,42.23387500,42.23387500,-121.589433330,-121.58943333,0,No Special Jurisdiction,34,Ditch,0,The First Harmful Event was Not a Collision with a Motor Vehicle in Transport,0,No,1,Non-Junction,1,Not an Intersection,0,None,,,4,On Roadside,9,Reported as Unknown,,,,,1,Clear,0,No,0000000,Not Applicable,6,6:00am-6:59am,24,24,6,6:00am-6:59am,33,33,99,Unknown,99,Unknown EMS Hospital Arrival Time,,,,,,,1,
2023,41,410183,Oregon,1,1,0,0,0,1,1,19,DOUGLAS (19),0,NOT APPLICABLE,22,22,5,May,2023,2,Monday,19,7:00pm-7:59pm,11,11,0,This Section IS NOT on the NHS,1,Rural,5,Major Collector,2,County Highway Agency,4,County,CR-BUCKHORN RD,,88,88,43.25029167,43.25029167,-123.112372220,-123.11237222,0,No Special Jurisdiction,38,Fence,0,The First Harmful Event was Not a Collision with a Motor Vehicle in Transport,0,No,1,Non-Junction,1,Not an Intersection,0,None,,,4,On Roadside,1,Daylight,,,,,1,Clear,0,No,0000000,Not Applicable,19,7:00pm-7:59pm,11,11,19,7:00pm-7:59pm,20,20,88,"Not Applicable (Not Transported) ",88,Not Applicable (Not Transported),,,,,,,1,
2023,41,410184,Oregon,1,1,0,0,0,1,1,53,POLK (53),0,NOT APPLICABLE,6,6,4,April,2023,5,Thursday,15,3:00pm-3:59pm,6,6,0,This Section IS NOT on the NHS,2,Urban,5,Major Collector,2,County Highway Agency,4,County,CR-HOFFMAN RD,,7,7,44.86385556,44.86385556,-123.219811110,-123.21981111,0,No Special Jurisdiction,32,Culvert,0,The First Harmful Event was Not a Collision with a Motor Vehicle in Transport,0,No,1,Non-Junction,1,Not an Intersection,0,None,,,4,On Roadside,1,Daylight,,,,,2,Rain,0,No,0000000,Not Applicable,15,3:00pm-3:59pm,6,6,15,3:00pm-3:59pm,11,11,88,"Not Applicable (Not Transported) ",88,Not Applicable (Not Transported),,,,,,,1,
2023,41,410185,Oregon,1,1,0,0,0,1,1,5,CLACKAMAS (5),0,NOT APPLICABLE,28,28,4,April,2023,6,Friday,22,10:00pm-10:59pm,0,0,0,This Section IS NOT on the NHS,1,Rural,7,Local,2,County Highway Agency,4,County,CR-S BLAIR RD,,20,20,45.05307500,45.05307500,-122.620383330,-122.62038333,0,No Special Jurisdiction,1,Rollover/Overturn,0,The First Harmful Event was Not a Collision with a Motor Vehicle in Transport,0,No,1,Non-Junction,1,Not an Intersection,0,None,,,2,On Shoulder,2,Dark - Not Lighted,,,,,1,Clear,0,No,0000000,Not Applicable,22,10:00pm-10:59pm,0,0,22,10:00pm-10:59pm,45,45,88,"Not Applicable (Not Transported) ",88,Not Applicable (Not Transported),,,,,,,1,
2023,41,410186,Oregon,3,3,0,0,0,5,5,47,MARION (47),1810,SALEM,21,21,5,May,2023,1,Sunday,3,3:00am-3:59am,0,0,1,This Section IS ON the NHS,2,Urban,3,Other Principal Arterial,4,City or Municipal Highway Agency,6,Municipal,MU-LANCASTER DR NE,MU-BEVERLY AVE NE,0,None,44.96128056,44.96128056,-122.983663890,-122.98366389,0,No Special Jurisdiction,12,Motor Vehicle In-Transport,1,Front-to-Rear,0,No,3,Intersection-Related,2,Four-Way Intersection,0,None,,,1,On Roadway,3,Dark - Lighted,,,,,1,Clear,0,No,0000000,Not Applicable,3,3:00am-3:59am,3,3,3,3:00am-3:59am,7,7,99,Unknown,99,Unknown EMS Hospital Arrival Time,,,,,,,1,
2023,41,410187,Oregon,2,2,0,0,0,5,5,11,COOS (11),0,NOT APPLICABLE,23,23,5,May,2023,3,Tuesday,12,12:00pm-12:59pm,16,16,1,This Section IS ON the NHS,1,Rural,3,Other Principal Arterial,1,State Highway Agency,2,U.S. Highway,US-101 ODOT 9,,2522,2522,43.21625000,43.21625000,-124.307455560,-124.30745556,0,No Special Jurisdiction,12,Motor Vehicle In-Transport,2,Front-to-Front,0,No,1,Non-Junction,1,Not an Intersection,0,None,,,1,On Roadway,1,Daylight,,,,,10,Cloudy,0,No,0000000,Not Applicable,12,12:00pm-12:59pm,16,16,12,12:00pm-12:59pm,27,27,99,Unknown,99,Unknown EMS Hospital Arrival Time,,,,,,,2,
2023,41,410188,Oregon,1,1,0,0,0,1,1,43,LINN (43),0,NOT APPLICABLE,23,23,5,May,2023,3,Tuesday,10,10:00am-10:59am,39,39,0,This Section IS NOT on the NHS,1,Rural,5,Major Collector,2,County Highway Agency,4,County,CR-LYONS MILL CITY DR,,26,26,44.76331111,44.76331111,-122.566180560,-122.56618056,0,No Special Jurisdiction,30,Utility Pole/Light Support,0,The First Harmful Event was Not a Collision with a Motor Vehicle in Transport,0,No,1,Non-Junction,1,Not an Intersection,0,None,,,4,On Roadside,1,Daylight,,,,,1,Clear,0,No,0000000,Not Applicable,10,10:00am-10:59am,41,41,10,10:00am-10:59am,48,48,88,"Not Applicable (Not Transported) ",88,Not Applicable (Not Transported),,,,,,,1,
2023,41,410189,Oregon,1,1,0,0,0,1,1,29,JACKSON (29),0,NOT APPLICABLE,24,24,5,May,2023,4,Wednesday,8,8:00am-8:59am,30,30,1,This Section IS ON the NHS,2,Urban,1,Interstate,1,State Highway Agency,1,Interstate,I-5,,208,208,42.23958611,42.23958611,-122.764547220,-122.76454722,0,No Special Jurisdiction,34,Ditch,0,The First Harmful Event was Not a Collision with a Motor Vehicle in Transport,0,No,1,Non-Junction,1,Not an Intersection,0,None,,,4,On Roadside,1,Daylight,,,,,1,Clear,0,No,0000000,Not Applicable,8,8:00am-8:59am,35,35,8,8:00am-8:59am,43,43,88,"Not Applicable (Not Transported) ",88,Not Applicable (Not Transported),,,,,,,1,
2023,41,410190,Oregon,1,1,0,1,1,1,1,51,MULTNOMAH (51),1650,PORTLAND,24,24,5,May,2023,4,Wednesday,13,1:00pm-1:59pm,37,37,1,This Section IS ON the NHS,2,Urban,3,Other Principal Arterial,4,City or Municipal Highway Agency,6,Municipal,MU-SE DIVISION ST,,0,None,45.50403333,45.50403333,-122.536466670,-122.53646667,0,No Special Jurisdiction,8,Pedestrian,0,The First Harmful Event was Not a Collision with a Motor Vehicle in Transport,0,No,1,Non-Junction,1,Not an Intersection,0,None,,,1,On Roadway,1,Daylight,,,,,98,Not Reported,0,No,0000000,Not Applicable,99,Unknown,99,Unknown,99,Unknown EMS Scene Arrival Hour,99,Unknown EMS Scene Arrival Minutes,13,1:00pm-1:59pm,51,51,,,,,,,1,
2023,41,410191,Oregon,1,1,0,0,0,1,1,43,LINN (43),0,NOT APPLICABLE,15,15,4,April,2023,7,Saturday,7,7:00am-7:59am,40,40,0,This Section IS NOT on the NHS,1,Rural,7,Local,2,County Highway Agency,4,County,CR-TOTEM POLE RD,,10,10,44.56553611,44.56553611,-122.814661110,-122.81466111,0,No Special Jurisdiction,24,Guardrail Face,0,The First Harmful Event was Not a Collision with a Motor Vehicle in Transport,0,No,1,Non-Junction,1,Not an Intersection,0,None,,,4,On Roadside,4,Dawn,,,,,1,Clear,0,No,0000000,Not Applicable,8,8:00am-8:59am,24,24,8,8:00am-8:59am,36,36,88,"Not Applicable (Not Transported) ",88,Not Applicable (Not Transported),,,,,,,1,
2023,41,410192,Oregon,1,1,0,0,0,1,1,35,KLAMATH (35),0,NOT APPLICABLE,28,28,4,April,2023,6,Friday,23,11:00pm-11:59pm,6,6,0,This Section IS NOT on the NHS,1,Rural,7,Local,2,County Highway Agency,4,County,CR-TEARE LN,,39,39,42.18253611,42.18253611,-121.363236110,-121.36323611,0,No Special Jurisdiction,34,Ditch,0,The First Harmful Event was Not a Collision with a Motor Vehicle in Transport,0,No,1,Non-Junction,1,Not an Intersection,0,None,,,4,On Roadside,2,Dark - Not Lighted,,,,,1,Clear,0,No,0000000,Not Applicable,23,11:00pm-11:59pm,12,12,23,11:00pm-11:59pm,19,19,88,"Not Applicable (Not Transported) ",88,Not Applicable (Not Transported),,,,,,,1,
2023,41,410193,Oregon,2,2,0,0,0,2,2,51,MULTNOMAH (51),1650,PORTLAND,30,30,4,April,2023,1,Sunday,0,0:00am-0:59am,45,45,0,This Section IS NOT on the NHS,2,Urban,4,Minor Arterial,4,City or Municipal Highway Agency,6,Municipal,MU-SE FOSTER RD,MU-SE 65TH AVE,0,None,45.48926111,45.48926111,-122.595952780,-122.59595278,0,No Special Jurisdiction,12,Motor Vehicle In-Transport,6,Angle,0,No,2,Intersection,2,Four-Way Intersection,0,None,,,1,On Roadway,3,Dark - Lighted,,,,,1,Clear,0,No,0000000,Not Applicable,99,Unknown,99,Unknown,99,Unknown EMS Scene Arrival Hour,99,Unknown EMS Scene Arrival Minutes,99,Unknown,99,Unknown EMS Hospital Arrival Time,,,,,,,1,
2023,41,410194,Oregon,2,2,0,0,0,2,2,29,JACKSON (29),0,NOT APPLICABLE,27,27,5,May,2023,7,Saturday,17,5:00pm-5:59pm,4,4,0,This Section IS NOT on the NHS,1,Rural,4,Minor Arterial,1,State Highway Agency,3,State Highway,SR-62 ODOT 22,,168,168,42.57168611,42.57168611,-122.815505560,-122.81550556,0,No Special Jurisdiction,12,Motor Vehicle In-Transport,6,Angle,0,No,1,Non-Junction,1,Not an Intersection,0,None,,,1,On Roadway,1,Daylight,,,,,1,Clear,0,No,0000000,Not Applicable,17,5:00pm-5:59pm,4,4,17,5:00pm-5:59pm,10,10,99,Unknown,99,Unknown EMS Hospital Arrival Time,,,,,,,1,
2023,41,410195,Oregon,2,2,0,0,0,5,5,51,MULTNOMAH (51),1650,PORTLAND,28,28,5,May,2023,1,Sunday,1,1:00am-1:59am,9,9,0,This Section IS NOT on the NHS,2,Urban,4,Minor Arterial,4,City or Municipal Highway Agency,6,Municipal,MU-SE STARK ST,MU-SE 139TH AVE,0,None,45.51916111,45.51916111,-122.521000000,-122.52100000,0,No Special Jurisdiction,12,Motor Vehicle In-Transport,6,Angle,0,No,2,Intersection,2,Four-Way Intersection,0,None,,,1,On Roadway,3,Dark - Lighted,,,,,1,Clear,0,No,0000000,Not Applicable,1,1:00am-1:59am,9,9,1,1:00am-1:59am,16,16,1,1:00am-1:59am,41,41,,,,,,,1,
2023,41,410196,Oregon,1,1,0,0,0,7,7,39,LANE (39),0,NOT APPLICABLE,27,27,5,May,2023,7,Saturday,17,5:00pm-5:59pm,38,38,0,This Section IS NOT on the NHS,1,Rural,5,Major Collector,2,County Highway Agency,4,County,CR-BIG FALL CREEK RD,,39,39,43.95602500,43.95602500,-122.719358330,-122.71935833,0,No Special Jurisdiction,42,Tree (Standing Only),0,The First Harmful Event was Not a Collision with a Motor Vehicle in Transport,0,No,1,Non-Junction,1,Not an Intersection,0,None,,,4,On Roadside,1,Daylight,,,,,1,Clear,0,No,0000000,Not Applicable,17,5:00pm-5:59pm,40,40,17,5:00pm-5:59pm,43,43,18,6:00pm-6:59pm,4,4,,,,,,,1,
2023,41,410197,Oregon,1,1,0,1,1,1,1,47,MARION (47),0,NOT APPLICABLE,24,24,5,May,2023,4,Wednesday,0,0:00am-0:59am,44,44,0,This Section IS NOT on the NHS,1,Rural,5,Major Collector,2,County Highway Agency,4,County,CR-MERIDIAN RD NE,,15,15,45.03367500,45.03367500,-122.759852780,-122.75985278,0,No Special Jurisdiction,9,Pedalcyclist,0,The First Harmful Event was Not a Collision with a Motor Vehicle in Transport,0,No,1,Non-Junction,1,Not an Intersection,0,None,,,1,On Roadway,2,Dark - Not Lighted,,,,,1,Clear,0,No,0000000,Not Applicable,0,0:00am-0:59am,44,44,0,0:00am-0:59am,47,47,88,"Not Applicable (Not Transported) ",88,Not Applicable (Not Transported),,,,,,,1,