caseyear,state,st_case,statename,ve_total,ve_forms,pvh_invl,peds,pernotmvit,permvit,persons,county,countyname,city,cityname,day,dayname,month,monthname,year,day_week,day_weekname,hour,hourname,minute,minutename,nhs,nhsname,rur_urb,rur_urbname,func_sys,func_sysname,rd_owner,rd_ownername,route,routename,tway_id,tway_id2,milept,mileptname,latitude,latitudename,longitud,longitudname,sp_jur,sp_jurname,harm_ev,harm_evname,man_coll,man_collname,reljct1,reljct1name,reljct2,reljct2name,typ_int,typ_intname,wrk_zone,wrk_zonename,road_fnc,road_fncname,rel_road,rel_roadname,lgt_cond,lgt_condname,weather1,weather1name,weather2,weather2name,weather,weathername,sch_bus,sch_busname,rail,railname,not_hour,not_hourname,not_min,not_minname,arr_hour,arr_hourname,arr_min,arr_minname,hosp_hr,hosp_hrname,hosp_mn,hosp_mnname,cf1,cf1name,cf2,cf2name,cf3,cf3name,fatals,drunk_dr
2023,41,410198,Oregon,1,1,0,1,1,1,1,59,UMATILLA (59),990,HERMISTON,11,11,3,March,2023,7,Saturday,2,2:00am-2:59am,36,36,0,This Section IS NOT on the NHS,2,Urban,5,Major Collector,4,City or Municipal Highway Agency,6,Municipal,MU-S 1ST PL,MU-W ORCHARD AVE,0,None,45.83942222,45.83942222,-119.290825000,-119.29082500,0,No Special Jurisdiction,8,Pedestrian,0,The First Harmful Event was Not a Collision with a Motor Vehicle in Transport,0,No,2,Intersection,2,Four-Way Intersection,0,None,,,1,On Roadway,3,Dark - Lighted,,,,,1,Clear,0,No,0000000,Not Applicable,99,Unknown,99,Unknown,99,Unknown EMS Scene Arrival Hour,99,Unknown EMS Scene Arrival Minutes,99,Unknown,99,Unknown EMS Hospital Arrival Time,,,,,,,1,
2023,41,410200,Oregon,1,1,0,0,0,1,1,5,CLACKAMAS (5),0,NOT APPLICABLE,14,14,5,May,2023,1,Sunday,18,6:00pm-6:59pm,33,33,0,This Section IS NOT on the NHS,2,Urban,4,Minor Arterial,2,County Highway Agency,4,County,CR-SE RICHEY RD,,7,7,45.42844167,45.42844167,-122.375252780,-122.37525278,0,No Special Jurisdiction,21,Bridge Pier or Support,0,The First Harmful Event was Not a Collision with a Motor Vehicle in Transport,0,No,1,Non-Junction,1,Not an Intersection,0,None,,,4,On Roadside,1,Daylight,,,,,1,Clear,0,No,0000000,Not Applicable,18,6:00pm-6:59pm,33,33,18,6:00pm-6:59pm,36,36,99,Unknown,99,Unknown EMS Hospital Arrival Time,,,,,,,1,
2023,41,410201,Oregon,2,2,0,0,0,4,4,33,JOSEPHINE (33),0,NOT APPLICABLE,1,1,6,June,2023,5,Thursday,11,11:00am-11:59am,46,46,1,This Section IS ON the NHS,2,Urban,3,Other Principal Arterial,1,State Highway Agency,2,U.S. Highway,US-199 ODOT 25,CR-ROBINSON RD,55,55,42.40948056,42.40948056,-123.433136110,-123.43313611,0,No Special Jurisdiction,12,Motor Vehicle In-Transport,6,Angle,0,No,2,Intersection,2,Four-Way Intersection,0,None,,,1,On Roadway,1,Daylight,,,,,1,Clear,0,No,0000000,Not Applicable,11,11:00am-11:59am,49,49,11,11:00am-11:59am,54,54,13,1:00pm-1:59pm,3,3,,,,,,,1,
2023,41,410202,Oregon,2,2,0,0,0,2,2,43,LINN (43),0,NOT APPLICABLE,2,2,6,June,2023,6,Friday,20,8:00pm-8:59pm,51,51,1,This Section IS ON the NHS,1,Rural,3,Other Principal Arterial,1,State Highway Agency,3,State Highway,SR-126 ODOT 215,,128,128,44.25549722,44.25549722,-122.039030560,-122.03903056,0,No Special Jurisdiction,12,Motor Vehicle In-Transport,6,Angle,0,No,8,Driveway Access Related,1,Not an Intersection,0,None,,,1,On Roadway,5,Dusk,,,,,1,Clear,0,No,0000000,Not Applicable,20,8:00pm-8:59pm,51,51,21,9:00pm-9:59pm,22,22,99,Unknown,99,Unknown EMS Hospital Arrival Time,,,,,,,1,
2023,41,410203,Oregon,1,1,0,0,0,2,2,51,MULTNOMAH (51),1650,PORTLAND,4,4,6,June,2023,1,Sunday,2,2:00am-2:59am,15,15,0,This Section IS NOT on the NHS,2,Urban,4,Minor Arterial,1,State Highway Agency,6,Municipal,MU-SE MORRISON BRG-BELMONT ST,,0,None,45.51649167,45.51649167,-122.665902780,-122.66590278,0,No Special Jurisdiction,25,Concrete Traffic Barrier,0,The First Harmful Event was Not a Collision with a Motor Vehicle in Transport,1,Yes,5,Entrance/Exit Ramp Related,1,Not an Intersection,2,Maintenance,,,4,On Roadside,2,Dark - Not Lighted,,,,,1,Clear,0,No,0000000,Not Applicable,99,Unknown,99,Unknown,99,Unknown EMS Scene Arrival Hour,99,Unknown EMS Scene Arrival Minutes,88,"Not Applicable (Not Transported) ",88,Not Applicable (Not Transported),,,,,,,2,
2023,41,410204,Oregon,1,1,0,0,0,1,1,29,JACKSON (29),0,NOT APPLICABLE,5,5,6,June,2023,2,Monday,3,3:00am-3:59am,30,30,1,This Section IS ON the NHS,2,Urban,1,Interstate,1,State Highway Agency,1,Interstate,I-5,,331,331,42.38308056,42.38308056,-122.909794440,-122.90979444,0,No Special Jurisdiction,38,Fence,0,The First Harmful Event was Not a Collision with a Motor Vehicle in Transport,0,No,1,Non-Junction,1,Not an Intersection,0,None,,,4,On Roadside,3,Dark - Lighted,,,,,1,Clear,0,No,0000000,Not Applicable,3,3:00am-3:59am,32,32,3,3:00am-3:59am,45,45,88,"Not Applicable (Not Transported) ",88,Not Applicable (Not Transported),,,,,,,1,
2023,41,410205,Oregon,2,1,1,0,1,1,2,51,MULTNOMAH (51),0,NOT APPLICABLE,31,31,5,May,2023,4,Wednesday,23,11:00pm-11:59pm,0,0,1,This Section IS ON the NHS,1,Rural,1,Interstate,1,State Highway Agency,1,Interstate,I-84,,350,350,45.59990833,45.59990833,-122.050077780,-122.05007778,0,No Special Jurisdiction,14,Parked Motor Vehicle,0,The First Harmful Event was Not a Collision with a Motor Vehicle in Transport,0,No,1,Non-Junction,1,Not an Intersection,1,Construction,,,2,On Shoulder,2,Dark - Not Lighted,,,,,1,Clear,0,No,0000000,Not Applicable,23,11:00pm-11:59pm,0,0,0,0:00am-0:59am,12,12,0,0:00am-0:59am,43,43,,,,,,,1,
2023,41,410206,Oregon,2,2,0,0,0,3,3,11,COOS (11),0,NOT APPLICABLE,5,5,6,June,2023,2,Monday,18,6:00pm-6:59pm,40,40,1,This Section IS ON the NHS,1,Rural,3,Other Principal Arterial,1,State Highway Agency,2,U.S. Highway,US-101 ODOT 9,,2838,2838,42.97832778,42.97832778,-124.423700000,-124.42370000,0,No Special Jurisdiction,12,Motor Vehicle In-Transport,6,Angle,0,No,1,Non-Junction,1,Not an Intersection,0,None,,,1,On Roadway,1,Daylight,,,,,1,Clear,0,No,0000000,Not Applicable,18,6:00pm-6:59pm,42,42,18,6:00pm-6:59pm,52,52,99,Unknown,99,Unknown EMS Hospital Arrival Time,,,,,,,1,
2023,41,410207,Oregon,2,2,0,0,0,2,2,51,MULTNOMAH (51),1650,PORTLAND,6,6,6,June,2023,3,Tuesday,19,7:00pm-7:59pm,41,41,0,This Section IS NOT on the NHS,2,Urban,5,Major Collector,4,City or Municipal Highway Agency,6,Municipal,MU-NE FREMONT ST,MU-N WILLIAMS AVE,0,None,45.54829444,45.54829444,-122.666650000,-122.66665000,0,No Special Jurisdiction,12,Motor Vehicle In-Transport,6,Angle,0,No,2,Intersection,2,Four-Way Intersection,0,None,,,1,On Roadway,1,Daylight,,,,,1,Clear,0,No,0000000,Not Applicable,19,7:00pm-7:59pm,42,42,19,7:00pm-7:59pm,47,47,20,8:00pm-8:59pm,3,3,,,,,,,1,
2023,41,410208,Oregon,2,2,0,1,1,2,2,51,MULTNOMAH (51),1650,PORTLAND,6,6,6,June,2023,3,Tuesday,22,10:00pm-10:59pm,10,10,1,This Section IS ON the NHS,2,Urban,3,Other Principal Arterial,1,State Highway Agency,2,U.S. Highway,US-30 ODOT 123,,77,77,45.57249444,45.57249444,-122.630622220,-122.63062222,0,No Special Jurisdiction,8,Pedestrian,0,The First Harmful Event was Not a Collision with a Motor Vehicle in Transport,0,No,1,Non-Junction,1,Not an Intersection,0,None,,,1,On Roadway,3,Dark - Lighted,,,,,1,Clear,0,No,0000000,Not Applicable,99,Unknown,99,Unknown,99,Unknown EMS Scene Arrival Hour,99,Unknown EMS Scene Arrival Minutes,88,"Not Applicable (Not Transported) ",88,Not Applicable (Not Transported),,,,,,,1,
2023,41,410209,Oregon,1,1,0,1,1,1,1,29,JACKSON (29),0,NOT APPLICABLE,6,6,6,June,2023,3,Tuesday,22,10:00pm-10:59pm,28,28,1,This Section IS ON the NHS,2,Urban,1,Interstate,1,State Highway Agency,1,Interstate,I-5,,328,328,42.38001944,42.38001944,-122.905833330,-122.90583333,0,No Special Jurisdiction,8,Pedestrian,0,The First Harmful Event was Not a Collision with a Motor Vehicle in Transport,0,No,1,Non-Junction,1,Not an Intersection,0,None,,,1,On Roadway,3,Dark - Lighted,,,,,10,Cloudy,0,No,0000000,Not Applicable,22,10:00pm-10:59pm,28,28,22,10:00pm-10:59pm,30,30,88,"Not Applicable (Not Transported) ",88,Not Applicable (Not Transported),,,,,,,1,
2023,41,410210,Oregon,1,1,0,1,1,1,1,53,POLK (53),0,NOT APPLICABLE,10,10,6,June,2023,7,Saturday,11,11:00am-11:59am,24,24,0,This Section IS NOT on the NHS,1,Rural,4,Minor Arterial,1,State Highway Agency,3,State Highway,SR-221 ODOT 150,,113,113,45.07019167,45.07019167,-123.072663890,-123.07266389,0,No Special Jurisdiction,9,Pedalcyclist,0,The First Harmful Event was Not a Collision with a Motor Vehicle in Transport,0,No,1,Non-Junction,1,Not an Intersection,0,None,,,1,On Roadway,1,Daylight,,,,,1,Clear,0,No,0000000,Not Applicable,11,11:00am-11:59am,29,29,11,11:00am-11:59am,38,38,88,"Not Applicable (Not Transported) ",88,Not Applicable (Not Transported),,,,,,,1,
2023,41,410211,Oregon,3,3,0,0,0,4,4,29,JACKSON (29),0,NOT APPLICABLE,10,10,6,June,2023,7,Saturday,22,10:00pm-10:59pm,35,35,0,This Section IS NOT on the NHS,1,Rural,4,Minor Arterial,1,State Highway Agency,3,State Highway,SR-34 ODOT 271,,148,148,42.52044722,42.52044722,-122.861997220,-122.86199722,0,No Special Jurisdiction,12,Motor Vehicle In-Transport,8,Sideswipe - Opposite Direction,0,No,1,Non-Junction,1,Not an Intersection,0,None,,,1,On Roadway,2,Dark - Not Lighted,,,,,1,Clear,0,No,0000000,Not Applicable,22,10:00pm-10:59pm,38,38,22,10:00pm-10:59pm,47,47,99,Unknown,99,Unknown EMS Hospital Arrival Time,,,,,,,1,
2023,41,410212,Oregon,3,3,0,0,0,4,4,47,MARION (47),0,NOT APPLICABLE,11,11,6,June,2023,1,Sunday,15,3:00pm-3:59pm,51,51,1,This Section IS ON the NHS,1,Rural,3,Other Principal Arterial,1,State Highway Agency,3,State Highway,SR-22E ODOT 162,,605,605,44.69258333,44.69258333,-121.973488890,-121.97348889,0,No Special Jurisdiction,17,Boulder,0,The First Harmful Event was Not a Collision with a Motor Vehicle in Transport,0,No,1,Non-Junction,1,Not an Intersection,0,None,,,4,On Roadside,1,Daylight,,,,,1,Clear,0,No,0000000,Not Applicable,15,3:00pm-3:59pm,51,51,16,4:00pm-4:59pm,6,6,99,Unknown,99,Unknown EMS Hospital Arrival Time,,,,,,,1,
2023,41,410214,Oregon,2,2,0,0,0,2,2,17,DESCHUTES (17),1720,REDMOND,8,8,6,June,2023,5,Thursday,22,10:00pm-10:59pm,52,52,1,This Section IS ON the NHS,2,Urban,3,Other Principal Arterial,1,State Highway Agency,2,U.S. Highway,US-97 ODOT 4,,1202,1202,44.28701944,44.28701944,-121.167655560,-121.16765556,0,No Special Jurisdiction,12,Motor Vehicle In-Transport,1,Front-to-Rear,0,No,1,Non-Junction,1,Not an Intersection,0,None,,,1,On Roadway,3,Dark - Lighted,,,,,10,Cloudy,0,No,0000000,Not Applicable,22,10:00pm-10:59pm,56,56,23,11:00pm-11:59pm,3,3,23,11:00pm-11:59pm,12,12,,,,,,,1,
2023,41,410215,Oregon,2,2,0,0,0,2,2,67,WASHINGTON (67),1000,HILLSBORO,14,14,6,June,2023,4,Wednesday,15,3:00pm-3:59pm,46,46,0,This Section IS NOT on the NHS,2,Urban,4,Minor Arterial,4,City or Municipal Highway Agency,6,Municipal,MU-E MAIN ST,MU-NE 55TH AVE,0,None,45.51995556,45.51995556,-122.926011110,-122.92601111,0,No Special Jurisdiction,12,Motor Vehicle In-Transport,6,Angle,0,No,2,Intersection,3,T-Intersection,0,None,,,1,On Roadway,1,Daylight,,,,,1,Clear,1,Yes,0000000,Not Applicable,99,Unknown,99,Unknown,99,Unknown EMS Scene Arrival Hour,99,Unknown EMS Scene Arrival Minutes,88,"Not Applicable (Not Transported) ",88,Not Applicable (Not Transported),,,,,,,1,
2023,41,410216,Oregon,2,2,0,0,0,4,4,53,POLK (53),0,NOT APPLICABLE,15,15,6,June,2023,5,Thursday,11,11:00am-11:59am,47,47,0,This Section IS NOT on the NHS,1,Rural,3,Other Principal Arterial,1,State Highway Agency,3,State Highway,SR-223 ODOT 189,,32,32,44.92885278,44.92885278,-123.246230560,-123.24623056,0,No Special Jurisdiction,12,Motor Vehicle In-Transport,6,Angle,0,No,1,Non-Junction,1,Not an Intersection,0,None,,,1,On Roadway,1,Daylight,,,,,1,Clear,0,No,0000000,Not Applicable,11,11:00am-11:59am,47,47,11,11:00am-11:59am,50,50,99,Unknown,99,Unknown EMS Hospital Arrival Time,,,,,,,1,
2023,41,410217,Oregon,1,1,0,0,0,1,1,5,CLACKAMAS (5),0,NOT APPLICABLE,14,14,5,May,2023,1,Sunday,11,11:00am-11:59am,22,22,0,This Section IS NOT on the NHS,1,Rural,4,Minor Arterial,2,County Highway Agency,4,County,CR-S BEAVERCREEK RD,,91,91,45.26385278,45.26385278,-122.517736110,-122.51773611,0,No Special Jurisdiction,42,Tree (Standing Only),0,The First Harmful Event was Not a Collision with a Motor Vehicle in Transport,0,No,1,Non-Junction,1,Not an Intersection,0,None,,,4,On Roadside,1,Daylight,,,,,1,Clear,0,No,0000000,Not Applicable,11,11:00am-11:59am,22,22,11,11:00am-11:59am,34,34,88,"Not Applicable (Not Transported) ",88,Not Applicable (Not Transported),,,,,,,1,
2023,41,410218,Oregon,2,2,0,0,0,2,2,65,WASCO (65),1300,MAUPIN,15,15,6,June,2023,5,Thursday,15,3:00pm-3:59pm,20,20,0,This Section IS NOT on the NHS,1,Rural,4,Minor Arterial,1,State Highway Agency,2,U.S. Highway,US-197 ODOT 4,,441,441,45.17213889,45.17213889,-121.091900000,-121.09190000,0,No Special Jurisdiction,12,Motor Vehicle In-Transport,1,Front-to-Rear,0,No,8,Driveway Access Related,1,Not an Intersection,0,None,,,1,On Roadway,1,Daylight,,,,,1,Clear,0,No,0000000,Not Applicable,15,3:00pm-3:59pm,21,21,15,3:00pm-3:59pm,31,31,88,"Not Applicable (Not Transported) ",88,Not Applicable (Not Transported),,,,,,,1,
2023,41,410219,Oregon,2,2,0,0,0,2,2,9,COLUMBIA (9),0,NOT APPLICABLE,20,20,6,June,2023,3,Tuesday,5,5:00am-5:59am,15,15,1,This Section IS ON the NHS,1,Rural,3,Other Principal Arterial,1,State Highway Agency,2,U.S. Highway,US-30 ODOT 92,,409,409,46.02175278,46.02175278,-122.878777780,-122.87877778,0,No Special Jurisdiction,12,Motor Vehicle In-Transport,2,Front-to-Front,0,No,1,Non-Junction,1,Not an Intersection,0,None,,,1,On Roadway,4,Dawn,,,,,10,Cloudy,0,No,0000000,Not Applicable,5,5:00am-5:59am,16,16,5,5:00am-5:59am,23,23,88,"Not Applicable (Not Transported) ",88,Not Applicable (Not Transported),,,,,,,1,
2023,41,410220,Oregon,1,1,0,1,1,1,1,47,MARION (47),1810,SALEM,17,17,6,June,2023,7,Saturday,4,4:00am-4:59am,55,55,1,This Section IS ON the NHS,2,Urban,3,Other Principal Arterial,4,City or Municipal Highway Agency,6,Municipal,MU-CHEMAWA RD NE,,0,None,45.00449167,45.00449167,-122.983013890,-122.98301389,0,No Special Jurisdiction,15,Non-Motorist on Personal Conveyance,0,The First Harmful Event was Not a Collision with a Motor Vehicle in Transport,0,No,1,Non-Junction,1,Not an Intersection,0,None,,,1,On Roadway,2,Dark - Not Lighted,,,,,10,Cloudy,0,No,0000000,Not Applicable,4,4:00am-4:59am,57,57,5,5:00am-5:59am,4,4,88,"Not Applicable (Not Transported) ",88,Not Applicable (Not Transported),,,,,,,1,
2023,41,410221,Oregon,1,1,0,2,2,1,1,17,DESCHUTES (17),190,BEND,17,17,6,June,2023,7,Saturday,16,4:00pm-4:59pm,30,30,1,This Section IS ON the NHS,2,Urban,3,Other Principal Arterial,1,State Highway Agency,3,State Highway,SR-20 ODOT 7,MU-DEAN SWIFT RD,21,21,44.05490833,44.05490833,-121.271097220,-121.27109722,0,No Special Jurisdiction,9,Pedalcyclist,0,The First Harmful Event was Not a Collision with a Motor Vehicle in Transport,0,No,3,Intersection-Related,3,T-Intersection,0,None,,,1,On Roadway,1,Daylight,,,,,1,Clear,0,No,0000000,Not Applicable,16,4:00pm-4:59pm,32,32,16,4:00pm-4:59pm,36,36,16,4:00pm-4:59pm,44,44,,,,,,,1,
2023,41,410222,Oregon,2,2,0,0,0,3,3,9,COLUMBIA (9),1790,ST. HELENS,17,17,6,June,2023,7,Saturday,19,7:00pm-7:59pm,46,46,1,This Section IS ON the NHS,2,Urban,3,Other Principal Arterial,1,State Highway Agency,2,U.S. Highway,US-30 ODOT 92,MU-COLUMBIA BLVD,285,285,45.85902778,45.85902778,-122.821305560,-122.82130556,0,No Special Jurisdiction,12,Motor Vehicle In-Transport,6,Angle,0,No,2,Intersection,2,Four-Way Intersection,0,None,,,1,On Roadway,1,Daylight,,,,,1,Clear,0,No,0000000,Not Applicable,19,7:00pm-7:59pm,46,46,19,7:00pm-7:59pm,53,53,88,"Not Applicable (Not Transported) ",88,Not Applicable (Not Transported),,,,,,,1,
2023,41,410223,Oregon,3,2,1,0,0,2,2,51,MULTNOMAH (51),1650,PORTLAND,22,22,6,June,2023,5,Thursday,17,5:00pm-5:59pm,43,43,0,This Section IS NOT on the NHS,2,Urban,4,Minor Arterial,4,City or Municipal Highway Agency,6,Municipal,MU-SE STARK ST,MU-SE 135TH AVE,0,None,45.51903611,45.51903611,-122.524847220,-122.52484722,0,No Special Jurisdiction,12,Motor Vehicle In-Transport,6,Angle,0,No,2,Intersection,3,T-Intersection,0,None,,,1,On Roadway,1,Daylight,,,,,1,Clear,0,No,0000000,Not Applicable,17,5:00pm-5:59pm,43,43,17,5:00pm-5:59pm,48,48,18,6:00pm-6:59pm,18,18,,,,,,,1,
2023,41,410224,Oregon,1,1,0,0,0,5,5,47,MARION (47),1810,SALEM,23,23,6,June,2023,6,Friday,2,2:00am-2:59am,3,3,1,This Section IS ON the NHS,2,Urban,3,Other Principal Arterial,1,State Highway Agency,6,Municipal,MU-KUEBLER BLVD,,0,None,44.88534444,44.88534444,-123.003230560,-123.00323056,0,No Special Jurisdiction,35,Embankment,0,The First Harmful Event was Not a Collision with a Motor Vehicle in Transport,0,No,1,Non-Junction,1,Not an Intersection,0,None,,,4,On Roadside,3,Dark - Lighted,,,,,1,Clear,0,No,0000000,Not Applicable,2,2:00am-2:59am,3,3,2,2:00am-2:59am,8,8,88,"Not Applicable (Not Transported) ",88,Not Applicable (Not Transported),,,,,,,2,
2023,41,410226,Oregon,2,2,0,0,0,3,3,35,KLAMATH (35),0,NOT APPLICABLE,23,23,6,June,2023,6,Friday,3,3:00am-3:59am,20,20,1,This Section IS ON the NHS,1,Rural,3,Other Principal Arterial,1,State Highway Agency,2,U.S. Highway,US-97 ODOT 4,,2170,2170,43.02401111,43.02401111,-121.825905560,-121.82590556,0,No Special Jurisdiction,12,Motor Vehicle In-Transport,6,Angle,0,No,1,Non-Junction,1,Not an Intersection,0,None,,,1,On Roadway,2,Dark - Not Lighted,,,,,1,Clear,0,No,0000000,Not Applicable,3,3:00am-3:59am,19,19,4,4:00am-4:59am,14,14,99,Unknown,99,Unknown EMS Hospital Arrival Time,,,,,,,2,
2023,41,410227,Oregon,1,1,0,1,1,1,1,39,LANE (39),0,NOT APPLICABLE,23,23,6,June,2023,6,Friday,3,3:00am-3:59am,35,35,1,This Section IS ON the NHS,1,Rural,3,Other Principal Arterial,1,State Highway Agency,3,State Highway,SR-126 ODOT 62,,185,185,44.01409722,44.01409722,-123.787355560,-123.78735556,0,No Special Jurisdiction,8,Pedestrian,0,The First Harmful Event was Not a Collision with a Motor Vehicle in Transport,0,No,1,Non-Junction,1,Not an Intersection,0,None,,,1,On Roadway,2,Dark - Not Lighted,,,,,10,Cloudy,0,No,0000000,Not Applicable,3,3:00am-3:59am,39,39,3,3:00am-3:59am,43,43,88,"Not Applicable (Not Transported) ",88,Not Applicable (Not Transported),,,,,,,1,
2023,41,410228,Oregon,2,2,0,0,0,2,2,39,LANE (39),0,NOT APPLICABLE,24,24,6,June,2023,7,Saturday,22,10:00pm-10:59pm,11,11,1,This Section IS ON the NHS,1,Rural,3,Other Principal Arterial,1,State Highway Agency,2,U.S. Highway,US-101 ODOT 9,CR-SUTTON LAKE RD,1849,1849,44.05133056,44.05133056,-124.097802780,-124.09780278,0,No Special Jurisdiction,12,Motor Vehicle In-Transport,6,Angle,0,No,2,Intersection,3,T-Intersection,0,None,,,1,On Roadway,2,Dark - Not Lighted,,,,,1,Clear,0,No,0000000,Not Applicable,22,10:00pm-10:59pm,11,11,22,10:00pm-10:59pm,13,13,88,"Not Applicable (Not Transported) ",88,Not Applicable (Not Transported),,,,,,,1,
2023,41,410229,Oregon,1,1,0,0,0,1,1,53,POLK (53),1810,SALEM,25,25,6,June,2023,1,Sunday,0,0:00am-0:59am,1,1,0,This Section IS NOT on the NHS,2,Urban,4,Minor Arterial,4,City or Municipal Highway Agency,6,Municipal,MU-DOAKS FERRY RD NW,MU-GLEN CREEK RD NW,0,None,44.95219722,44.95219722,-123.084663890,-123.08466389,0,No Special Jurisdiction,1,Rollover/Overturn,0,The First Harmful Event was Not a Collision with a Motor Vehicle in Transport,0,No,3,Intersection-Related,3,T-Intersection,0,None,,,1,On Roadway,3,Dark - Lighted,,,,,1,Clear,0,No,0000000,Not Applicable,0,0:00am-0:59am,5,5,0,0:00am-0:59am,9,9,88,"Not Applicable (Not Transported) ",88,Not Applicable (Not Transported),,,,,,,1,
2023,41,410230,Oregon,1,1,0,1,1,1,1,39,LANE (39),1960,SPRINGFIELD,25,25,6,June,2023,1,Sunday,1,1:00am-1:59am,49,49,1,This Section IS ON the NHS,2,Urban,3,Other Principal Arterial,1,State Highway Agency,3,State Highway,SR-126 ODOT 15,,36,36,44.04591667,44.04591667,-122.982252780,-122.98225278,0,No Special Jurisdiction,15,Non-Motorist on Personal Conveyance,0,The First Harmful Event was Not a Collision with a Motor Vehicle in Transport,0,No,1,Non-Junction,1,Not an Intersection,0,None,,,1,On Roadway,3,Dark - Lighted,,,,,10,Cloudy,0,No,0000000,Not Applicable,1,1:00am-1:59am,50,50,1,1:00am-1:59am,50,50,88,"Not Applicable (Not Transported) ",88,Not Applicable (Not Transported),,,,,,,1,
2023,41,410231,Oregon,1,1,0,0,0,1,1,5,CLACKAMAS (5),2253,WILSONVILLE,25,25,6,June,2023,1,Sunday,1,1:00am-1:59am,50,50,0,This Section IS NOT on the NHS,2,Urban,4,Minor Arterial,4,City or Municipal Highway Agency,6,Municipal,MU-SW WILSONVILLE RD,,0,None,45.30276389,45.30276389,-122.785111110,-122.78511111,0,No Special Jurisdiction,42,Tree (Standing Only),0,The First Harmful Event was Not a Collision with a Motor Vehicle in Transport,0,No,1,Non-Junction,1,Not an Intersection,0,None,,,4,On Roadside,3,Dark - Lighted,,,,,1,Clear,0,No,0000000,Not Applicable,1,1:00am-1:59am,50,50,1,1:00am-1:59am,53,53,88,"Not Applicable (Not Transported) ",88,Not Applicable (Not Transported),,,,,,,1,
2023,41,410232,Oregon,5,4,1,0,0,8,8,51,MULTNOMAH (51),1650,PORTLAND,25,25,6,June,2023,1,Sunday,18,6:00pm-6:59pm,11,11,1,This Section IS ON the NHS,2,Urban,3,Other Principal Arterial,4,City or Municipal Highway Agency,6,Municipal,MU-NE GLISAN ST,,0,None,45.52647778,45.52647778,-122.511683330,-122.51168333,0,No Special Jurisdiction,12,Motor Vehicle In-Transport,1,Front-to-Rear,0,No,1,Non-Junction,1,Not an Intersection,0,None,,,1,On Roadway,1,Daylight,,,,,1,Clear,0,No,0000000,Not Applicable,18,6:00pm-6:59pm,15,15,18,6:00pm-6:59pm,24,24,99,Unknown,99,Unknown EMS Hospital Arrival Time,,,,,,,1,
2023,41,410233,Oregon,2,2,0,1,1,3,3,19,DOUGLAS (19),0,NOT APPLICABLE,24,24,6,June,2023,7,Saturday,22,10:00pm-10:59pm,19,19,1,This Section IS ON the NHS,2,Urban,1,Interstate,1,State Highway Agency,1,Interstate,I-5,,1223,1223,43.19112500,43.19112500,-123.365611110,-123.36561111,0,No Special Jurisdiction,8,Pedestrian,0,The First Harmful Event was Not a Collision with a Motor Vehicle in Transport,0,No,1,Non-Junction,1,Not an Intersection,0,None,,,1,On Roadway,2,Dark - Not Lighted,,,,,1,Clear,0,No,0000000,Not Applicable,22,10:00pm-10:59pm,20,20,22,10:00pm-10:59pm,29,29,88,"Not Applicable (Not Transported) ",88,Not Applicable (Not Transported),,,,,,,1,
2023,41,410234,Oregon,2,2,0,0,0,2,2,5,CLACKAMAS (5),1830,SANDY,26,26,6,June,2023,2,Monday,0,0:00am-0:59am,22,22,1,This Section IS ON the NHS,2,Urban,3,Other Principal Arterial,1,State Highway Agency,2,U.S. Highway,US-26 ODOT 26,,243,243,45.39625556,45.39625556,-122.261338890,-122.26133889,0,No Special Jurisdiction,12,Motor Vehicle In-Transport,1,Front-to-Rear,0,No,1,Non-Junction,1,Not an Intersection,0,None,,,1,On Roadway,3,Dark - Lighted,,,,,1,Clear,0,No,0000000,Not Applicable,0,0:00am-0:59am,22,22,0,0:00am-0:59am,22,22,88,"Not Applicable (Not Transported) ",88,Not Applicable (Not Transported),,,,,,,1,
2023,41,410235,Oregon,2,2,0,0,0,3,3,19,DOUGLAS (19),0,NOT APPLICABLE,28,28,6,June,2023,4,Wednesday,12,12:00pm-12:59pm,8,8,1,This Section IS ON the NHS,1,Rural,3,Other Principal Arterial,1,State Highway Agency,2,U.S. Highway,US-101 ODOT 9,,2086,2086,43.74096389,43.74096389,-124.111758330,-124.11175833,0,No Special Jurisdiction,12,Motor Vehicle In-Transport,2,Front-to-Front,0,No,1,Non-Junction,1,Not an Intersection,0,None,,,1,On Roadway,1,Daylight,,,,,1,Clear,0,No,0000000,Not Applicable,12,12:00pm-12:59pm,8,8,12,12:00pm-12:59pm,24,24,99,Unknown,99,Unknown EMS Hospital Arrival Time,,,,,,,2,
2023,41,410236,Oregon,1,1,0,0,0,1,1,67,WASHINGTON (67),2065,TIGARD,29,29,6,June,2023,5,Thursday,2,2:00am-2:59am,33,33,0,This Section IS NOT on the NHS,2,Urban,4,Minor Arterial,4,City or Municipal Highway Agency,6,Municipal,MU-SW WALNUT ST,,0,None,45.42966389,45.42966389,-122.785252780,-122.78525278,0,No Special Jurisdiction,42,Tree (Standing Only),0,The First Harmful Event was Not a Collision with a Motor Vehicle in Transport,0,No,1,Non-Junction,1,Not an Intersection,0,None,,,4,On Roadside,3,Dark - Lighted,,,,,1,Clear,0,No,0000000,Not Applicable,99,Unknown,99,Unknown,99,Unknown EMS Scene Arrival Hour,99,Unknown EMS Scene Arrival Minutes,88,"Not Applicable (Not Transported) ",88,Not Applicable (Not Transported),,,,,,,1,