caseyear,state,st_case,statename,ve_total,ve_forms,pvh_invl,peds,pernotmvit,permvit,persons,county,countyname,city,cityname,day,dayname,month,monthname,year,day_week,day_weekname,hour,hourname,minute,minutename,nhs,nhsname,rur_urb,rur_urbname,func_sys,func_sysname,rd_owner,rd_ownername,route,routename,tway_id,tway_id2,milept,mileptname,latitude,latitudename,longitud,longitudname,sp_jur,sp_jurname,harm_ev,harm_evname,man_coll,man_collname,reljct1,reljct1name,reljct2,reljct2name,typ_int,typ_intname,wrk_zone,wrk_zonename,road_fnc,road_fncname,rel_road,rel_roadname,lgt_cond,lgt_condname,weather1,weather1name,weather2,weather2name,weather,weathername,sch_bus,sch_busname,rail,railname,not_hour,not_hourname,not_min,not_minname,arr_hour,arr_hourname,arr_min,arr_minname,hosp_hr,hosp_hrname,hosp_mn,hosp_mnname,cf1,cf1name,cf2,cf2name,cf3,cf3name,fatals,drunk_dr
2023,41,410237,Oregon,2,2,0,0,0,5,5,43,LINN (43),20,ALBANY,19,19,5,May,2023,6,Friday,15,3:00pm-3:59pm,51,51,1,This Section IS ON the NHS,2,Urban,3,Other Principal Arterial,1,State Highway Agency,3,State Highway,SR-99 ODOT 58,,47,47,44.59973333,44.59973333,-123.113405560,-123.11340556,0,No Special Jurisdiction,12,Motor Vehicle In-Transport,6,Angle,0,No,8,Driveway Access Related,1,Not an Intersection,0,None,,,1,On Roadway,1,Daylight,,,,,1,Clear,0,No,0000000,Not Applicable,15,3:00pm-3:59pm,51,51,15,3:00pm-3:59pm,52,52,99,Unknown,99,Unknown EMS Hospital Arrival Time,,,,,,,1,
2023,41,410238,Oregon,1,1,0,0,0,1,1,37,LAKE (37),0,NOT APPLICABLE,28,28,5,May,2023,1,Sunday,19,7:00pm-7:59pm,30,30,0,This Section IS NOT on the NHS,1,Rural,5,Major Collector,11,"State Park, Forest, or Reservation Agency",4,County,CR-FOREST SERVICE RD 27,,0,None,42.94927500,42.94927500,-121.113958330,-121.11395833,1,National Park Service,34,Ditch,0,The First Harmful Event was Not a Collision with a Motor Vehicle in Transport,0,No,1,Non-Junction,1,Not an Intersection,0,None,,,4,On Roadside,1,Daylight,,,,,1,Clear,0,No,0000000,Not Applicable,99,Unknown,99,Unknown,99,Unknown EMS Scene Arrival Hour,99,Unknown EMS Scene Arrival Minutes,99,Unknown,99,Unknown EMS Hospital Arrival Time,,,,,,,1,
2023,41,410239,Oregon,2,2,0,0,0,2,2,65,WASCO (65),0,NOT APPLICABLE,29,29,6,June,2023,5,Thursday,14,2:00pm-2:59pm,10,10,1,This Section IS ON the NHS,1,Rural,3,Other Principal Arterial,1,State Highway Agency,2,U.S. Highway,US-97 ODOT 42,,686,686,44.92010278,44.92010278,-120.945588890,-120.94558889,0,No Special Jurisdiction,12,Motor Vehicle In-Transport,2,Front-to-Front,0,No,1,Non-Junction,1,Not an Intersection,0,None,,,1,On Roadway,1,Daylight,,,,,1,Clear,0,No,0000000,Not Applicable,14,2:00pm-2:59pm,17,17,14,2:00pm-2:59pm,36,36,88,"Not Applicable (Not Transported) ",88,Not Applicable (Not Transported),,,,,,,1,
2023,41,410240,Oregon,1,1,0,1,1,1,1,51,MULTNOMAH (51),1650,PORTLAND,29,29,6,June,2023,5,Thursday,23,11:00pm-11:59pm,41,41,0,This Section IS NOT on the NHS,2,Urban,4,Minor Arterial,4,City or Municipal Highway Agency,6,Municipal,MU-NE 33RD DR,,0,None,45.58670833,45.58670833,-122.631933330,-122.63193333,0,No Special Jurisdiction,8,Pedestrian,0,The First Harmful Event was Not a Collision with a Motor Vehicle in Transport,0,No,1,Non-Junction,1,Not an Intersection,0,None,,,1,On Roadway,3,Dark - Lighted,,,,,1,Clear,0,No,0000000,Not Applicable,99,Unknown,99,Unknown,99,Unknown EMS Scene Arrival Hour,99,Unknown EMS Scene Arrival Minutes,88,"Not Applicable (Not Transported) ",88,Not Applicable (Not Transported),,,,,,,1,
2023,41,410241,Oregon,1,1,0,0,0,6,6,29,JACKSON (29),0,NOT APPLICABLE,2,2,7,July,2023,1,Sunday,4,4:00am-4:59am,57,57,1,This Section IS ON the NHS,1,Rural,1,Interstate,1,State Highway Agency,1,Interstate,I-5 RAMP,,54,54,42.07465556,42.07465556,-122.605000000,-122.60500000,0,No Special Jurisdiction,1,Rollover/Overturn,0,The First Harmful Event was Not a Collision with a Motor Vehicle in Transport,1,Yes,5,Entrance/Exit Ramp Related,1,Not an Intersection,0,None,,,4,On Roadside,6,Dark - Unknown Lighting,,,,,1,Clear,0,No,0000000,Not Applicable,4,4:00am-4:59am,57,57,5,5:00am-5:59am,12,12,5,5:00am-5:59am,57,57,,,,,,,1,
2023,41,410242,Oregon,1,1,0,0,0,2,2,23,GRANT (23),0,NOT APPLICABLE,2,2,7,July,2023,1,Sunday,12,12:00pm-12:59pm,20,20,1,This Section IS ON the NHS,1,Rural,3,Other Principal Arterial,1,State Highway Agency,2,U.S. Highway,US-26 ODOT 5,,1982,1982,44.56029444,44.56029444,-118.367311110,-118.36731111,0,No Special Jurisdiction,24,Guardrail Face,0,The First Harmful Event was Not a Collision with a Motor Vehicle in Transport,0,No,1,Non-Junction,1,Not an Intersection,0,None,,,4,On Roadside,1,Daylight,,,,,1,Clear,0,No,0000000,Not Applicable,12,12:00pm-12:59pm,20,20,12,12:00pm-12:59pm,40,40,99,Unknown,99,Unknown EMS Hospital Arrival Time,,,,,,,1,
2023,41,410243,Oregon,2,2,0,0,0,4,4,45,MALHEUR (45),0,NOT APPLICABLE,30,30,6,June,2023,6,Friday,5,5:00am-5:59am,36,36,1,This Section IS ON the NHS,1,Rural,3,Other Principal Arterial,1,State Highway Agency,2,U.S. Highway,US-98 ODOT 456,,652,652,42.77740833,42.77740833,-117.836841670,-117.83684167,0,No Special Jurisdiction,12,Motor Vehicle In-Transport,6,Angle,0,No,1,Non-Junction,1,Not an Intersection,0,None,,,1,On Roadway,4,Dawn,,,,,1,Clear,0,No,0000000,Not Applicable,5,5:00am-5:59am,44,44,6,6:00am-6:59am,39,39,99,Unknown,99,Unknown EMS Hospital Arrival Time,,,,,,,1,
2023,41,410244,Oregon,2,2,0,0,0,3,3,33,JOSEPHINE (33),860,GRANTS PASS,2,2,7,July,2023,1,Sunday,19,7:00pm-7:59pm,4,4,1,This Section IS ON the NHS,2,Urban,3,Other Principal Arterial,1,State Highway Agency,2,U.S. Highway,US-199 ODOT 60,SR-99 ODOT 482,1,1,42.42554167,42.42554167,-123.328538890,-123.32853889,0,No Special Jurisdiction,12,Motor Vehicle In-Transport,6,Angle,0,No,2,Intersection,2,Four-Way Intersection,0,None,,,1,On Roadway,1,Daylight,,,,,1,Clear,0,No,0000000,Not Applicable,99,Unknown,99,Unknown,99,Unknown EMS Scene Arrival Hour,99,Unknown EMS Scene Arrival Minutes,88,"Not Applicable (Not Transported) ",88,Not Applicable (Not Transported),,,,,,,1,
2023,41,410245,Oregon,1,1,0,0,0,1,1,53,POLK (53),0,NOT APPLICABLE,3,3,7,July,2023,2,Monday,14,2:00pm-2:59pm,35,35,1,This Section IS ON the NHS,1,Rural,3,Other Principal Arterial,1,State Highway Agency,3,State Highway,SR-22W ODOT 30,,199,199,44.93272222,44.93272222,-123.148611110,-123.14861111,0,No Special Jurisdiction,38,Fence,0,The First Harmful Event was Not a Collision with a Motor Vehicle in Transport,0,No,1,Non-Junction,1,Not an Intersection,0,None,,,4,On Roadside,1,Daylight,,,,,1,Clear,0,No,0000000,Not Applicable,14,2:00pm-2:59pm,31,31,14,2:00pm-2:59pm,35,35,88,"Not Applicable (Not Transported) ",88,Not Applicable (Not Transported),,,,,,,1,
2023,41,410246,Oregon,2,2,0,0,0,7,7,51,MULTNOMAH (51),1650,PORTLAND,5,5,7,July,2023,4,Wednesday,21,9:00pm-9:59pm,40,40,1,This Section IS ON the NHS,2,Urban,1,Interstate,1,State Highway Agency,1,Interstate,I-205 RAMP 5,MU-SE FOSTER RD,178,178,45.47877778,45.47877778,-122.564802780,-122.56480278,0,No Special Jurisdiction,12,Motor Vehicle In-Transport,6,Angle,1,Yes,2,Intersection,2,Four-Way Intersection,0,None,,,1,On Roadway,3,Dark - Lighted,,,,,1,Clear,0,No,0000000,Not Applicable,99,Unknown,99,Unknown,99,Unknown EMS Scene Arrival Hour,99,Unknown EMS Scene Arrival Minutes,99,Unknown,99,Unknown EMS Hospital Arrival Time,,,,,,,2,
2023,41,410247,Oregon,3,3,0,0,0,7,7,39,LANE (39),0,NOT APPLICABLE,5,5,7,July,2023,4,Wednesday,17,5:00pm-5:59pm,45,45,1,This Section IS ON the NHS,1,Rural,3,Other Principal Arterial,1,State Highway Agency,3,State Highway,SR-126 ODOT 62,,310,310,44.02176667,44.02176667,-123.608302780,-123.60830278,0,No Special Jurisdiction,12,Motor Vehicle In-Transport,8,Sideswipe - Opposite Direction,0,No,1,Non-Junction,1,Not an Intersection,0,None,,,1,On Roadway,1,Daylight,,,,,1,Clear,0,No,0000000,Not Applicable,17,5:00pm-5:59pm,45,45,18,6:00pm-6:59pm,28,28,19,7:00pm-7:59pm,18,18,,,,,,,3,
2023,41,410248,Oregon,2,2,0,0,0,5,5,45,MALHEUR (45),0,NOT APPLICABLE,6,6,7,July,2023,5,Thursday,8,8:00am-8:59am,29,29,1,This Section IS ON the NHS,1,Rural,3,Other Principal Arterial,1,State Highway Agency,3,State Highway,SR-20 ODOT 7,,2347,2347,43.91810278,43.91810278,-117.410825000,-117.41082500,0,No Special Jurisdiction,12,Motor Vehicle In-Transport,2,Front-to-Front,0,No,1,Non-Junction,1,Not an Intersection,0,None,,,1,On Roadway,1,Daylight,,,,,1,Clear,0,No,0000000,Not Applicable,8,8:00am-8:59am,32,32,8,8:00am-8:59am,43,43,88,"Not Applicable (Not Transported) ",88,Not Applicable (Not Transported),,,,,,,5,
2023,41,410249,Oregon,1,1,0,0,0,1,1,43,LINN (43),0,NOT APPLICABLE,4,4,5,May,2023,5,Thursday,15,3:00pm-3:59pm,25,25,0,This Section IS NOT on the NHS,1,Rural,5,Major Collector,2,County Highway Agency,4,County,CR-PEORIA RD,,166,166,44.35005833,44.35005833,-123.192275000,-123.19227500,0,No Special Jurisdiction,34,Ditch,0,The First Harmful Event was Not a Collision with a Motor Vehicle in Transport,0,No,1,Non-Junction,1,Not an Intersection,0,None,,,4,On Roadside,1,Daylight,,,,,10,Cloudy,0,No,0000000,Not Applicable,15,3:00pm-3:59pm,29,29,15,3:00pm-3:59pm,39,39,88,"Not Applicable (Not Transported) ",88,Not Applicable (Not Transported),,,,,,,1,
2023,41,410250,Oregon,2,2,0,0,0,3,3,33,JOSEPHINE (33),860,GRANTS PASS,29,29,6,June,2023,5,Thursday,9,9:00am-9:59am,54,54,0,This Section IS NOT on the NHS,2,Urban,4,Minor Arterial,4,City or Municipal Highway Agency,6,Municipal,MU-REDWOOD AVE,MU-DARNEILLE LN,0,None,42.42238611,42.42238611,-123.386397220,-123.38639722,0,No Special Jurisdiction,12,Motor Vehicle In-Transport,6,Angle,0,No,2,Intersection,2,Four-Way Intersection,0,None,,,1,On Roadway,1,Daylight,,,,,1,Clear,0,No,0000000,Not Applicable,9,9:00am-9:59am,55,55,10,10:00am-10:59am,7,7,10,10:00am-10:59am,39,39,,,,,,,1,
2023,41,410251,Oregon,2,2,0,0,0,2,2,47,MARION (47),0,NOT APPLICABLE,22,22,6,June,2023,5,Thursday,18,6:00pm-6:59pm,4,4,0,This Section IS NOT on the NHS,1,Rural,5,Major Collector,2,County Highway Agency,4,County,CR-MILL CREEK RD SE,CR-75TH PL SE,20,20,44.83871667,44.83871667,-122.906769440,-122.90676944,0,No Special Jurisdiction,12,Motor Vehicle In-Transport,6,Angle,0,No,2,Intersection,3,T-Intersection,0,None,,,1,On Roadway,1,Daylight,,,,,1,Clear,0,No,0000000,Not Applicable,18,6:00pm-6:59pm,4,4,18,6:00pm-6:59pm,7,7,99,Unknown,99,Unknown EMS Hospital Arrival Time,,,,,,,1,
2023,41,410252,Oregon,1,1,0,0,0,1,1,19,DOUGLAS (19),0,NOT APPLICABLE,5,5,7,July,2023,4,Wednesday,16,4:00pm-4:59pm,30,30,0,This Section IS NOT on the NHS,1,Rural,4,Minor Arterial,2,County Highway Agency,4,County,CR-GARDEN VALLEY RD,,7,7,43.27982778,43.27982778,-123.410500000,-123.41050000,0,No Special Jurisdiction,38,Fence,0,The First Harmful Event was Not a Collision with a Motor Vehicle in Transport,0,No,1,Non-Junction,1,Not an Intersection,0,None,,,4,On Roadside,1,Daylight,,,,,1,Clear,0,No,0000000,Not Applicable,16,4:00pm-4:59pm,31,31,16,4:00pm-4:59pm,35,35,16,4:00pm-4:59pm,57,57,,,,,,,1,
2023,41,410253,Oregon,3,3,0,0,0,7,7,3,BENTON (3),420,CORVALLIS,6,6,7,July,2023,5,Thursday,17,5:00pm-5:59pm,48,48,1,This Section IS ON the NHS,2,Urban,3,Other Principal Arterial,1,State Highway Agency,3,State Highway,SR-99W 91,,808,808,44.60198333,44.60198333,-123.247644440,-123.24764444,0,No Special Jurisdiction,12,Motor Vehicle In-Transport,2,Front-to-Front,0,No,1,Non-Junction,1,Not an Intersection,0,None,,,1,On Roadway,1,Daylight,,,,,1,Clear,0,No,0000000,Not Applicable,17,5:00pm-5:59pm,52,52,18,6:00pm-6:59pm,3,3,18,6:00pm-6:59pm,26,26,,,,,,,1,
2023,41,410254,Oregon,1,1,0,0,0,1,1,47,MARION (47),1810,SALEM,7,7,7,July,2023,6,Friday,5,5:00am-5:59am,40,40,0,This Section IS NOT on the NHS,2,Urban,5,Major Collector,4,City or Municipal Highway Agency,6,Municipal,MU-FAIRWAY AVE SE,,0,None,44.85875278,44.85875278,-123.018611110,-123.01861111,0,No Special Jurisdiction,35,Embankment,0,The First Harmful Event was Not a Collision with a Motor Vehicle in Transport,0,No,1,Non-Junction,1,Not an Intersection,0,None,,,4,On Roadside,4,Dawn,,,,,10,Cloudy,0,No,0000000,Not Applicable,5,5:00am-5:59am,40,40,5,5:00am-5:59am,49,49,88,"Not Applicable (Not Transported) ",88,Not Applicable (Not Transported),,,,,,,1,
2023,41,410255,Oregon,1,1,0,1,1,1,1,41,LINCOLN (41),0,NOT APPLICABLE,7,7,7,July,2023,6,Friday,13,1:00pm-1:59pm,10,10,1,This Section IS ON the NHS,2,Urban,3,Other Principal Arterial,1,State Highway Agency,2,U.S. Highway,US-101 ODOT 9,,1246,1246,44.84831389,44.84831389,-124.045158330,-124.04515833,0,No Special Jurisdiction,9,Pedalcyclist,0,The First Harmful Event was Not a Collision with a Motor Vehicle in Transport,0,No,1,Non-Junction,1,Not an Intersection,0,None,,,1,On Roadway,1,Daylight,,,,,1,Clear,0,No,0000000,Not Applicable,13,1:00pm-1:59pm,10,10,13,1:00pm-1:59pm,10,10,88,"Not Applicable (Not Transported) ",88,Not Applicable (Not Transported),,,,,,,1,
2023,41,410256,Oregon,2,2,0,0,0,3,3,35,KLAMATH (35),0,NOT APPLICABLE,8,8,7,July,2023,7,Saturday,1,1:00am-1:59am,11,11,1,This Section IS ON the NHS,1,Rural,3,Other Principal Arterial,1,State Highway Agency,2,U.S. Highway,US-97 ODOT 4,,2641,2641,42.36975556,42.36975556,-121.818769440,-121.81876944,0,No Special Jurisdiction,12,Motor Vehicle In-Transport,2,Front-to-Front,0,No,1,Non-Junction,1,Not an Intersection,0,None,,,1,On Roadway,2,Dark - Not Lighted,,,,,1,Clear,0,No,0000000,Not Applicable,1,1:00am-1:59am,12,12,1,1:00am-1:59am,24,24,99,Unknown,99,Unknown EMS Hospital Arrival Time,,,,,,,1,
2023,41,410257,Oregon,2,2,0,0,0,5,5,65,WASCO (65),0,NOT APPLICABLE,8,8,7,July,2023,7,Saturday,15,3:00pm-3:59pm,19,19,1,This Section IS ON the NHS,1,Rural,3,Other Principal Arterial,1,State Highway Agency,2,U.S. Highway,US-26 ODOT 53,,790,790,45.04816667,45.04816667,-121.510394440,-121.51039444,3,Indian Reservation,12,Motor Vehicle In-Transport,2,Front-to-Front,0,No,1,Non-Junction,1,Not an Intersection,0,None,,,1,On Roadway,1,Daylight,,,,,1,Clear,0,No,0000000,Not Applicable,15,3:00pm-3:59pm,19,19,15,3:00pm-3:59pm,26,26,99,Unknown,99,Unknown EMS Hospital Arrival Time,,,,,,,2,
2023,41,410258,Oregon,1,1,0,0,0,1,1,59,UMATILLA (59),0,NOT APPLICABLE,8,8,7,July,2023,7,Saturday,16,4:00pm-4:59pm,22,22,1,This Section IS ON the NHS,1,Rural,3,Other Principal Arterial,1,State Highway Agency,2,U.S. Highway,US-395B ODOT 28,,518,518,45.11253889,45.11253889,-118.973250000,-118.97325000,0,No Special Jurisdiction,35,Embankment,0,The First Harmful Event was Not a Collision with a Motor Vehicle in Transport,0,No,1,Non-Junction,1,Not an Intersection,0,None,,,4,On Roadside,1,Daylight,,,,,1,Clear,0,No,0000000,Not Applicable,16,4:00pm-4:59pm,22,22,16,4:00pm-4:59pm,30,30,88,"Not Applicable (Not Transported) ",88,Not Applicable (Not Transported),,,,,,,1,
2023,41,410259,Oregon,2,2,0,0,0,4,4,51,MULTNOMAH (51),1650,PORTLAND,8,8,7,July,2023,7,Saturday,22,10:00pm-10:59pm,19,19,0,This Section IS NOT on the NHS,2,Urban,4,Minor Arterial,4,City or Municipal Highway Agency,6,Municipal,MU-SE STARK ST,MU-SE 102ND AVE,0,None,45.51905000,45.51905000,-122.558466670,-122.55846667,0,No Special Jurisdiction,12,Motor Vehicle In-Transport,6,Angle,0,No,2,Intersection,2,Four-Way Intersection,0,None,,,1,On Roadway,3,Dark - Lighted,,,,,1,Clear,0,No,0000000,Not Applicable,22,10:00pm-10:59pm,19,19,22,10:00pm-10:59pm,30,30,23,11:00pm-11:59pm,4,4,,,,,,,1,
2023,41,410260,Oregon,2,2,0,0,0,2,2,59,UMATILLA (59),0,NOT APPLICABLE,9,9,7,July,2023,1,Sunday,13,1:00pm-1:59pm,45,45,1,This Section IS ON the NHS,1,Rural,3,Other Principal Arterial,1,State Highway Agency,3,State Highway,SR-11 ODOT 8,SR-331 ODOT 331,44,44,45.70325556,45.70325556,-118.683669440,-118.68366944,0,No Special Jurisdiction,12,Motor Vehicle In-Transport,6,Angle,0,No,2,Intersection,7,"Five Point, or More",0,None,,,1,On Roadway,1,Daylight,,,,,1,Clear,0,No,0000000,Not Applicable,13,1:00pm-1:59pm,45,45,13,1:00pm-1:59pm,50,50,99,Unknown,99,Unknown EMS Hospital Arrival Time,,,,,,,1,
2023,41,410261,Oregon,2,2,0,0,0,2,2,39,LANE (39),0,NOT APPLICABLE,11,11,7,July,2023,3,Tuesday,3,3:00am-3:59am,5,5,0,This Section IS NOT on the NHS,1,Rural,5,Major Collector,2,County Highway Agency,4,County,CR-LONDON RD,,115,115,43.61396111,43.61396111,-123.081477780,-123.08147778,0,No Special Jurisdiction,12,Motor Vehicle In-Transport,2,Front-to-Front,0,No,1,Non-Junction,1,Not an Intersection,0,None,,,1,On Roadway,2,Dark - Not Lighted,,,,,1,Clear,0,No,0000000,Not Applicable,3,3:00am-3:59am,25,25,3,3:00am-3:59am,25,25,99,Unknown,99,Unknown EMS Hospital Arrival Time,,,,,,,1,
2023,41,410262,Oregon,1,1,0,0,0,1,1,65,WASCO (65),0,NOT APPLICABLE,11,11,7,July,2023,3,Tuesday,14,2:00pm-2:59pm,38,38,0,This Section IS NOT on the NHS,1,Rural,4,Minor Arterial,1,State Highway Agency,2,U.S. Highway,US-197 ODOT 4,,309,309,45.28649722,45.28649722,-121.183891670,-121.18389167,0,No Special Jurisdiction,34,Ditch,0,The First Harmful Event was Not a Collision with a Motor Vehicle in Transport,0,No,1,Non-Junction,1,Not an Intersection,0,None,,,4,On Roadside,1,Daylight,,,,,1,Clear,0,No,0000000,Not Applicable,14,2:00pm-2:59pm,36,36,14,2:00pm-2:59pm,36,36,88,"Not Applicable (Not Transported) ",88,Not Applicable (Not Transported),,,,,,,1,
2023,41,410263,Oregon,2,2,0,0,0,3,3,25,HARNEY (25),0,NOT APPLICABLE,11,11,7,July,2023,3,Tuesday,16,4:00pm-4:59pm,53,53,1,This Section IS ON the NHS,1,Rural,3,Other Principal Arterial,1,State Highway Agency,2,U.S. Highway,US-20 ODOT 7,,850,850,43.55717500,43.55717500,-119.875825000,-119.87582500,0,No Special Jurisdiction,12,Motor Vehicle In-Transport,2,Front-to-Front,0,No,1,Non-Junction,1,Not an Intersection,0,None,,,1,On Roadway,1,Daylight,,,,,1,Clear,0,No,0000000,Not Applicable,15,3:00pm-3:59pm,10,10,99,Unknown EMS Scene Arrival Hour,99,Unknown EMS Scene Arrival Minutes,88,"Not Applicable (Not Transported) ",88,Not Applicable (Not Transported),,,,,,,3,
2023,41,410264,Oregon,1,1,0,1,1,1,1,47,MARION (47),0,NOT APPLICABLE,12,12,7,July,2023,4,Wednesday,4,4:00am-4:59am,44,44,0,This Section IS NOT on the NHS,1,Rural,4,Minor Arterial,1,State Highway Agency,3,State Highway,SR-164 ODOT 164 RAMP,,0,None,44.79545278,44.79545278,-123.033502780,-123.03350278,0,No Special Jurisdiction,8,Pedestrian,0,The First Harmful Event was Not a Collision with a Motor Vehicle in Transport,1,Yes,20,Entrance/Exit Ramp,1,Not an Intersection,0,None,,,1,On Roadway,4,Dawn,,,,,1,Clear,0,No,0000000,Not Applicable,4,4:00am-4:59am,44,44,4,4:00am-4:59am,55,55,88,"Not Applicable (Not Transported) ",88,Not Applicable (Not Transported),,,,,,,1,
2023,41,410265,Oregon,1,1,0,0,0,1,1,35,KLAMATH (35),0,NOT APPLICABLE,11,11,7,July,2023,3,Tuesday,99,Unknown Hours,99,Unknown Minutes,0,This Section IS NOT on the NHS,1,Rural,5,Major Collector,2,County Highway Agency,4,County,CR-BLISS RD,,81,81,42.39054722,42.39054722,-121.546261110,-121.54626111,0,No Special Jurisdiction,17,Boulder,0,The First Harmful Event was Not a Collision with a Motor Vehicle in Transport,0,No,1,Non-Junction,1,Not an Intersection,0,None,,,4,On Roadside,9,Reported as Unknown,,,,,1,Clear,0,No,0000000,Not Applicable,99,Unknown,99,Unknown,99,Unknown EMS Scene Arrival Hour,99,Unknown EMS Scene Arrival Minutes,88,"Not Applicable (Not Transported) ",88,Not Applicable (Not Transported),,,,,,,1,
2023,41,410267,Oregon,2,2,0,0,0,3,3,33,JOSEPHINE (33),0,NOT APPLICABLE,14,14,7,July,2023,6,Friday,13,1:00pm-1:59pm,14,14,0,This Section IS NOT on the NHS,1,Rural,4,Minor Arterial,1,State Highway Agency,3,State Highway,SR-238 ODOT 272,,83,83,42.33543611,42.33543611,-123.302619440,-123.30261944,0,No Special Jurisdiction,12,Motor Vehicle In-Transport,6,Angle,0,No,8,Driveway Access Related,1,Not an Intersection,0,None,,,1,On Roadway,1,Daylight,,,,,1,Clear,0,No,0000000,Not Applicable,13,1:00pm-1:59pm,14,14,13,1:00pm-1:59pm,25,25,88,"Not Applicable (Not Transported) ",88,Not Applicable (Not Transported),,,,,,,1,
2023,41,410268,Oregon,2,2,0,0,0,2,2,51,MULTNOMAH (51),1650,PORTLAND,14,14,7,July,2023,6,Friday,14,2:00pm-2:59pm,24,24,1,This Section IS ON the NHS,2,Urban,3,Other Principal Arterial,1,State Highway Agency,3,State Highway,SR-99W ODOT 91,,57,57,45.45658333,45.45658333,-122.713908330,-122.71390833,0,No Special Jurisdiction,12,Motor Vehicle In-Transport,6,Angle,0,No,8,Driveway Access Related,1,Not an Intersection,0,None,,,4,On Roadside,1,Daylight,,,,,1,Clear,0,No,0000000,Not Applicable,14,2:00pm-2:59pm,27,27,14,2:00pm-2:59pm,36,36,15,3:00pm-3:59pm,0,0,,,,,,,1,
2023,41,410269,Oregon,1,1,0,0,0,1,1,23,GRANT (23),0,NOT APPLICABLE,15,15,7,July,2023,7,Saturday,9,9:00am-9:59am,0,0,1,This Section IS ON the NHS,1,Rural,3,Other Principal Arterial,1,State Highway Agency,2,U.S. Highway,US-395B ODOT 28,,882,882,44.74066389,44.74066389,-119.101811110,-119.10181111,0,No Special Jurisdiction,1,Rollover/Overturn,0,The First Harmful Event was Not a Collision with a Motor Vehicle in Transport,0,No,1,Non-Junction,1,Not an Intersection,0,None,,,4,On Roadside,1,Daylight,,,,,1,Clear,0,No,0000000,Not Applicable,9,9:00am-9:59am,3,3,9,9:00am-9:59am,14,14,88,"Not Applicable (Not Transported) ",88,Not Applicable (Not Transported),,,,,,,1,
2023,41,410270,Oregon,2,2,0,1,1,2,2,51,MULTNOMAH (51),1650,PORTLAND,15,15,7,July,2023,7,Saturday,18,6:00pm-6:59pm,24,24,1,This Section IS ON the NHS,2,Urban,3,Other Principal Arterial,4,City or Municipal Highway Agency,6,Municipal,MU-SE CESAR E CHAVEZ BLVD,MU-SE TAYLOR ST,0,None,45.51511389,45.51511389,-122.623000000,-122.62300000,0,No Special Jurisdiction,12,Motor Vehicle In-Transport,1,Front-to-Rear,0,No,3,Intersection-Related,2,Four-Way Intersection,0,None,,,1,On Roadway,1,Daylight,,,,,1,Clear,0,No,0000000,Not Applicable,99,Unknown,99,Unknown,99,Unknown EMS Scene Arrival Hour,99,Unknown EMS Scene Arrival Minutes,88,"Not Applicable (Not Transported) ",88,Not Applicable (Not Transported),,,,,,,1,
2023,41,410271,Oregon,2,2,0,0,0,3,3,51,MULTNOMAH (51),1650,PORTLAND,15,15,7,July,2023,7,Saturday,23,11:00pm-11:59pm,30,30,1,This Section IS ON the NHS,2,Urban,4,Minor Arterial,4,City or Municipal Highway Agency,6,Municipal,MU-N MARINE DR,MU-N BYBEE LAKE RD,0,None,45.62831667,45.62831667,-122.741752780,-122.74175278,0,No Special Jurisdiction,12,Motor Vehicle In-Transport,6,Angle,0,No,2,Intersection,2,Four-Way Intersection,0,None,,,1,On Roadway,3,Dark - Lighted,,,,,1,Clear,0,No,0000000,Not Applicable,99,Unknown,99,Unknown,99,Unknown EMS Scene Arrival Hour,99,Unknown EMS Scene Arrival Minutes,88,"Not Applicable (Not Transported) ",88,Not Applicable (Not Transported),,,,,,,1,
2023,41,410272,Oregon,1,1,0,1,1,3,3,51,MULTNOMAH (51),1650,PORTLAND,16,16,7,July,2023,1,Sunday,22,10:00pm-10:59pm,40,40,1,This Section IS ON the NHS,2,Urban,1,Interstate,1,State Highway Agency,1,Interstate,I-5,,3020,3020,45.53145833,45.53145833,-122.665188890,-122.66518889,0,No Special Jurisdiction,8,Pedestrian,0,The First Harmful Event was Not a Collision with a Motor Vehicle in Transport,0,No,1,Non-Junction,1,Not an Intersection,0,None,,,1,On Roadway,3,Dark - Lighted,,,,,1,Clear,0,No,0000000,Not Applicable,99,Unknown,99,Unknown,99,Unknown EMS Scene Arrival Hour,99,Unknown EMS Scene Arrival Minutes,88,"Not Applicable (Not Transported) ",88,Not Applicable (Not Transported),,,,,,,1,
2023,41,410273,Oregon,1,1,0,0,0,1,1,19,DOUGLAS (19),0,NOT APPLICABLE,18,18,7,July,2023,3,Tuesday,4,4:00am-4:59am,35,35,0,This Section IS NOT on the NHS,1,Rural,4,Minor Arterial,1,State Highway Agency,3,State Highway,SR-138W ODOT 231,,194,194,43.43003056,43.43003056,-123.399586110,-123.39958611,0,No Special Jurisdiction,34,Ditch,0,The First Harmful Event was Not a Collision with a Motor Vehicle in Transport,0,No,1,Non-Junction,1,Not an Intersection,0,None,,,4,On Roadside,2,Dark - Not Lighted,,,,,1,Clear,0,No,0000000,Not Applicable,4,4:00am-4:59am,40,40,4,4:00am-4:59am,45,45,88,"Not Applicable (Not Transported) ",88,Not Applicable (Not Transported),,,,,,,1,
2023,41,410274,Oregon,2,2,0,0,0,5,5,39,LANE (39),0,NOT APPLICABLE,15,15,7,July,2023,7,Saturday,11,11:00am-11:59am,16,16,0,This Section IS NOT on the NHS,1,Rural,5,Major Collector,2,County Highway Agency,4,County,CR-ROW RIVER RD,,136,136,43.72528333,43.72528333,-122.863219440,-122.86321944,0,No Special Jurisdiction,24,Guardrail Face,0,The First Harmful Event was Not a Collision with a Motor Vehicle in Transport,0,No,1,Non-Junction,1,Not an Intersection,0,None,,,4,On Roadside,1,Daylight,,,,,1,Clear,0,No,0000000,Not Applicable,11,11:00am-11:59am,18,18,11,11:00am-11:59am,43,43,12,12:00pm-12:59pm,33,33,,,,,,,1,