caseyear,state,st_case,statename,ve_total,ve_forms,pvh_invl,peds,pernotmvit,permvit,persons,county,countyname,city,cityname,day,dayname,month,monthname,year,day_week,day_weekname,hour,hourname,minute,minutename,nhs,nhsname,rur_urb,rur_urbname,func_sys,func_sysname,rd_owner,rd_ownername,route,routename,tway_id,tway_id2,milept,mileptname,latitude,latitudename,longitud,longitudname,sp_jur,sp_jurname,harm_ev,harm_evname,man_coll,man_collname,reljct1,reljct1name,reljct2,reljct2name,typ_int,typ_intname,wrk_zone,wrk_zonename,road_fnc,road_fncname,rel_road,rel_roadname,lgt_cond,lgt_condname,weather1,weather1name,weather2,weather2name,weather,weathername,sch_bus,sch_busname,rail,railname,not_hour,not_hourname,not_min,not_minname,arr_hour,arr_hourname,arr_min,arr_minname,hosp_hr,hosp_hrname,hosp_mn,hosp_mnname,cf1,cf1name,cf2,cf2name,cf3,cf3name,fatals,drunk_dr
2023,41,410428,Oregon,1,1,0,0,0,1,1,43,LINN (43),0,NOT APPLICABLE,12,12,8,August,2023,7,Saturday,22,10:00pm-10:59pm,44,44,0,This Section IS NOT on the NHS,1,Rural,5,Major Collector,2,County Highway Agency,4,County,CR-NORTH RIVER RD,,35,35,44.41676667,44.41676667,-122.673652780,-122.67365278,0,No Special Jurisdiction,1,Rollover/Overturn,0,The First Harmful Event was Not a Collision with a Motor Vehicle in Transport,0,No,1,Non-Junction,1,Not an Intersection,0,None,,,4,On Roadside,2,Dark - Not Lighted,,,,,1,Clear,0,No,0000000,Not Applicable,22,10:00pm-10:59pm,44,44,22,10:00pm-10:59pm,54,54,88,"Not Applicable (Not Transported) ",88,Not Applicable (Not Transported),,,,,,,1,
2023,41,410429,Oregon,1,1,0,0,0,1,1,47,MARION (47),0,NOT APPLICABLE,11,11,9,September,2023,2,Monday,21,9:00pm-9:59pm,15,15,0,This Section IS NOT on the NHS,2,Urban,5,Major Collector,4,City or Municipal Highway Agency,6,Municipal,MU-35TH AVE NE,,12,12,45.01977500,45.01977500,-122.989347220,-122.98934722,0,No Special Jurisdiction,34,Ditch,0,The First Harmful Event was Not a Collision with a Motor Vehicle in Transport,0,No,1,Non-Junction,1,Not an Intersection,0,None,,,4,On Roadside,2,Dark - Not Lighted,,,,,1,Clear,0,No,0000000,Not Applicable,2,2:00am-2:59am,46,46,2,2:00am-2:59am,54,54,88,"Not Applicable (Not Transported) ",88,Not Applicable (Not Transported),,,,,,,1,
2023,41,410431,Oregon,1,1,0,1,1,2,2,47,MARION (47),0,NOT APPLICABLE,13,13,10,October,2023,6,Friday,20,8:00pm-8:59pm,44,44,1,This Section IS ON the NHS,2,Urban,1,Interstate,1,State Highway Agency,1,Interstate,I-5,,2630,2630,45.04351111,45.04351111,-122.976202780,-122.97620278,0,No Special Jurisdiction,8,Pedestrian,0,The First Harmful Event was Not a Collision with a Motor Vehicle in Transport,0,No,1,Non-Junction,1,Not an Intersection,0,None,,,1,On Roadway,2,Dark - Not Lighted,,,,,2,Rain,0,No,0000000,Not Applicable,20,8:00pm-8:59pm,44,44,20,8:00pm-8:59pm,57,57,99,Unknown,99,Unknown EMS Hospital Arrival Time,,,,,,,1,
2023,41,410432,Oregon,1,1,0,1,1,2,2,51,MULTNOMAH (51),880,GRESHAM,13,13,10,October,2023,6,Friday,19,7:00pm-7:59pm,5,5,0,This Section IS NOT on the NHS,2,Urban,4,Minor Arterial,4,City or Municipal Highway Agency,6,Municipal,MU-SE STARK ST,,0,None,45.51913333,45.51913333,-122.438763890,-122.43876389,0,No Special Jurisdiction,8,Pedestrian,0,The First Harmful Event was Not a Collision with a Motor Vehicle in Transport,0,No,1,Non-Junction,1,Not an Intersection,0,None,,,1,On Roadway,3,Dark - Lighted,,,,,2,Rain,0,No,0000000,Not Applicable,19,7:00pm-7:59pm,5,5,19,7:00pm-7:59pm,8,8,88,"Not Applicable (Not Transported) ",88,Not Applicable (Not Transported),,,,,,,1,
2023,41,410433,Oregon,1,1,0,0,0,2,2,51,MULTNOMAH (51),1650,PORTLAND,14,14,10,October,2023,7,Saturday,0,0:00am-0:59am,43,43,1,This Section IS ON the NHS,2,Urban,3,Other Principal Arterial,1,State Highway Agency,1,Interstate,I-5 CONNECTION 2,,3,3,45.49979722,45.49979722,-122.674013890,-122.67401389,0,No Special Jurisdiction,35,Embankment,0,The First Harmful Event was Not a Collision with a Motor Vehicle in Transport,1,Yes,5,Entrance/Exit Ramp Related,1,Not an Intersection,0,None,,,4,On Roadside,3,Dark - Lighted,,,,,2,Rain,0,No,0000000,Not Applicable,0,0:00am-0:59am,50,50,0,0:00am-0:59am,54,54,1,1:00am-1:59am,17,17,,,,,,,1,
2023,41,410434,Oregon,2,2,0,0,0,2,2,47,MARION (47),0,NOT APPLICABLE,15,15,10,October,2023,1,Sunday,14,2:00pm-2:59pm,23,23,0,This Section IS NOT on the NHS,2,Urban,6,Minor Collector,2,County Highway Agency,4,County,CR-MACLEAY RD SE,,32,32,44.90790833,44.90790833,-122.923197220,-122.92319722,0,No Special Jurisdiction,12,Motor Vehicle In-Transport,2,Front-to-Front,0,No,1,Non-Junction,1,Not an Intersection,0,None,,,1,On Roadway,1,Daylight,,,,,1,Clear,0,No,0000000,Not Applicable,14,2:00pm-2:59pm,23,23,14,2:00pm-2:59pm,29,29,99,Unknown,99,Unknown EMS Hospital Arrival Time,,,,,,,1,
2023,41,410435,Oregon,2,2,0,0,0,2,2,11,COOS (11),390,COOS BAY,15,15,10,October,2023,1,Sunday,18,6:00pm-6:59pm,43,43,1,This Section IS ON the NHS,2,Urban,3,Other Principal Arterial,1,State Highway Agency,2,U.S. Highway,US-101 ODOT 9,,2377,2377,43.37462222,43.37462222,-124.213036110,-124.21303611,0,No Special Jurisdiction,30,Utility Pole/Light Support,0,The First Harmful Event was Not a Collision with a Motor Vehicle in Transport,0,No,1,Non-Junction,1,Not an Intersection,0,None,,,4,On Roadside,5,Dusk,,,,,1,Clear,0,No,0000000,Not Applicable,18,6:00pm-6:59pm,44,44,18,6:00pm-6:59pm,49,49,88,"Not Applicable (Not Transported) ",88,Not Applicable (Not Transported),,,,,,,1,
2023,41,410436,Oregon,2,2,0,0,0,7,7,67,WASHINGTON (67),0,NOT APPLICABLE,13,13,10,October,2023,6,Friday,19,7:00pm-7:59pm,25,25,0,This Section IS NOT on the NHS,2,Urban,4,Minor Arterial,2,County Highway Agency,4,County,CR-SE CORNELIUS PASS RD,CR-SW AUGUSTA LN,0,None,45.50350556,45.50350556,-122.902238890,-122.90223889,0,No Special Jurisdiction,12,Motor Vehicle In-Transport,6,Angle,0,No,2,Intersection,2,Four-Way Intersection,0,None,,,1,On Roadway,3,Dark - Lighted,,,,,2,Rain,0,No,0000000,Not Applicable,19,7:00pm-7:59pm,27,27,19,7:00pm-7:59pm,38,38,20,8:00pm-8:59pm,25,25,,,,,,,1,
2023,41,410437,Oregon,2,2,0,0,0,2,2,51,MULTNOMAH (51),0,NOT APPLICABLE,16,16,10,October,2023,2,Monday,10,10:00am-10:59am,30,30,1,This Section IS ON the NHS,1,Rural,1,Interstate,1,State Highway Agency,1,Interstate,I-84,,385,385,45.62022222,45.62022222,-121.985797220,-121.98579722,0,No Special Jurisdiction,24,Guardrail Face,0,The First Harmful Event was Not a Collision with a Motor Vehicle in Transport,0,No,1,Non-Junction,1,Not an Intersection,0,None,,,4,On Roadside,1,Daylight,,,,,2,Rain,0,No,0000000,Not Applicable,10,10:00am-10:59am,30,30,10,10:00am-10:59am,46,46,88,"Not Applicable (Not Transported) ",88,Not Applicable (Not Transported),,,,,,,1,
2023,41,410438,Oregon,1,1,0,0,0,2,2,51,MULTNOMAH (51),1650,PORTLAND,18,18,10,October,2023,4,Wednesday,22,10:00pm-10:59pm,50,50,0,This Section IS NOT on the NHS,2,Urban,5,Major Collector,4,City or Municipal Highway Agency,6,Municipal,MU-SE HOLGATE BLVD,,0,None,45.48886111,45.48886111,-122.524283330,-122.52428333,0,No Special Jurisdiction,42,Tree (Standing Only),0,The First Harmful Event was Not a Collision with a Motor Vehicle in Transport,0,No,1,Non-Junction,1,Not an Intersection,0,None,,,4,On Roadside,3,Dark - Lighted,,,,,1,Clear,0,No,0000000,Not Applicable,22,10:00pm-10:59pm,50,50,22,10:00pm-10:59pm,59,59,23,11:00pm-11:59pm,29,29,,,,,,,1,
2023,41,410439,Oregon,2,2,0,0,0,4,4,1,BAKER (1),0,NOT APPLICABLE,19,19,10,October,2023,5,Thursday,21,9:00pm-9:59pm,45,45,1,This Section IS ON the NHS,1,Rural,1,Interstate,1,State Highway Agency,1,Interstate,I-84,,2935,2935,44.93221667,44.93221667,-117.836636110,-117.83663611,0,No Special Jurisdiction,12,Motor Vehicle In-Transport,1,Front-to-Rear,0,No,1,Non-Junction,1,Not an Intersection,0,None,,,1,On Roadway,2,Dark - Not Lighted,,,,,1,Clear,0,No,0000000,Not Applicable,21,9:00pm-9:59pm,59,59,22,10:00pm-10:59pm,18,18,23,11:00pm-11:59pm,40,40,,,,,,,1,
2023,41,410440,Oregon,2,2,0,0,0,2,2,57,TILLAMOOK (57),0,NOT APPLICABLE,21,21,10,October,2023,7,Saturday,3,3:00am-3:59am,20,20,1,This Section IS ON the NHS,2,Urban,3,Other Principal Arterial,1,State Highway Agency,2,U.S. Highway,US-101 ODOT 9,,630,630,45.49442500,45.49442500,-123.849233330,-123.84923333,0,No Special Jurisdiction,12,Motor Vehicle In-Transport,2,Front-to-Front,0,No,1,Non-Junction,1,Not an Intersection,0,None,,,1,On Roadway,2,Dark - Not Lighted,,,,,2,Rain,0,No,0000000,Not Applicable,3,3:00am-3:59am,24,24,3,3:00am-3:59am,34,34,4,4:00am-4:59am,19,19,,,,,,,1,
2023,41,410441,Oregon,1,1,0,1,1,1,1,51,MULTNOMAH (51),1650,PORTLAND,21,21,10,October,2023,7,Saturday,4,4:00am-4:59am,25,25,0,This Section IS NOT on the NHS,2,Urban,4,Minor Arterial,4,City or Municipal Highway Agency,6,Municipal,MU-SW NAITO PKWY,,0,None,45.51776389,45.51776389,-122.672355560,-122.67235556,0,No Special Jurisdiction,8,Pedestrian,0,The First Harmful Event was Not a Collision with a Motor Vehicle in Transport,0,No,1,Non-Junction,1,Not an Intersection,0,None,,,1,On Roadway,3,Dark - Lighted,,,,,10,Cloudy,0,No,0000000,Not Applicable,99,Unknown,99,Unknown,99,Unknown EMS Scene Arrival Hour,99,Unknown EMS Scene Arrival Minutes,88,"Not Applicable (Not Transported) ",88,Not Applicable (Not Transported),,,,,,,1,
2023,41,410442,Oregon,1,1,0,1,1,2,2,47,MARION (47),0,NOT APPLICABLE,21,21,10,October,2023,7,Saturday,12,12:00pm-12:59pm,0,0,1,This Section IS ON the NHS,2,Urban,1,Interstate,1,State Highway Agency,1,Interstate,I-5,,2713,2713,45.14585000,45.14585000,-122.885719440,-122.88571944,0,No Special Jurisdiction,8,Pedestrian,0,The First Harmful Event was Not a Collision with a Motor Vehicle in Transport,0,No,1,Non-Junction,1,Not an Intersection,0,None,,,1,On Roadway,1,Daylight,,,,,1,Clear,0,No,0000000,Not Applicable,12,12:00pm-12:59pm,2,2,12,12:00pm-12:59pm,9,9,12,12:00pm-12:59pm,46,46,,,,,,,1,
2023,41,410443,Oregon,1,1,0,1,1,1,1,51,MULTNOMAH (51),1650,PORTLAND,21,21,10,October,2023,7,Saturday,23,11:00pm-11:59pm,37,37,1,This Section IS ON the NHS,2,Urban,3,Other Principal Arterial,4,City or Municipal Highway Agency,6,Municipal,MU-SE 82ND AVE,MU-E BURNSIDE ST,0,None,45.52277778,45.52277778,-122.579044440,-122.57904444,0,No Special Jurisdiction,8,Pedestrian,0,The First Harmful Event was Not a Collision with a Motor Vehicle in Transport,0,No,3,Intersection-Related,2,Four-Way Intersection,0,None,,,1,On Roadway,3,Dark - Lighted,,,,,1,Clear,0,No,0000000,Not Applicable,23,11:00pm-11:59pm,38,38,23,11:00pm-11:59pm,46,46,0,0:00am-0:59am,11,11,,,,,,,1,
2023,41,410444,Oregon,1,1,0,0,0,2,2,47,MARION (47),0,NOT APPLICABLE,13,13,10,October,2023,6,Friday,14,2:00pm-2:59pm,24,24,1,This Section IS ON the NHS,1,Rural,3,Other Principal Arterial,1,State Highway Agency,3,State Highway,SR-22W ODOT 162,,320,320,44.75686667,44.75686667,-122.438858330,-122.43885833,0,No Special Jurisdiction,1,Rollover/Overturn,0,The First Harmful Event was Not a Collision with a Motor Vehicle in Transport,0,No,1,Non-Junction,1,Not an Intersection,0,None,,,4,On Roadside,1,Daylight,,,,,1,Clear,0,No,0000000,Not Applicable,14,2:00pm-2:59pm,47,47,15,3:00pm-3:59pm,30,30,16,4:00pm-4:59pm,21,21,,,,,,,1,
2023,41,410445,Oregon,2,2,0,1,1,2,2,29,JACKSON (29),0,NOT APPLICABLE,10,10,10,October,2023,3,Tuesday,0,0:00am-0:59am,4,4,1,This Section IS ON the NHS,2,Urban,3,Other Principal Arterial,1,State Highway Agency,3,State Highway,SR-99 ODOT 63,,40,40,42.35868056,42.35868056,-122.904166670,-122.90416667,0,No Special Jurisdiction,8,Pedestrian,0,The First Harmful Event was Not a Collision with a Motor Vehicle in Transport,0,No,1,Non-Junction,1,Not an Intersection,0,None,,,1,On Roadway,2,Dark - Not Lighted,,,,,10,Cloudy,0,No,0000000,Not Applicable,0,0:00am-0:59am,4,4,0,0:00am-0:59am,6,6,99,Unknown,99,Unknown EMS Hospital Arrival Time,,,,,,,1,
2023,41,410447,Oregon,1,1,0,0,0,1,1,5,CLACKAMAS (5),0,NOT APPLICABLE,26,26,10,October,2023,5,Thursday,7,7:00am-7:59am,45,45,0,This Section IS NOT on the NHS,1,Rural,4,Minor Arterial,1,State Highway Agency,3,State Highway,SR-211 ODOT 161,,86,86,45.15109444,45.15109444,-122.660741670,-122.66074167,0,No Special Jurisdiction,42,Tree (Standing Only),0,The First Harmful Event was Not a Collision with a Motor Vehicle in Transport,0,No,1,Non-Junction,1,Not an Intersection,0,None,,,4,On Roadside,4,Dawn,,,,,10,Cloudy,0,No,0000000,Not Applicable,7,7:00am-7:59am,51,51,7,7:00am-7:59am,58,58,88,"Not Applicable (Not Transported) ",88,Not Applicable (Not Transported),,,,,,,1,
2023,41,410448,Oregon,1,1,0,1,1,1,1,39,LANE (39),660,EUGENE,29,29,9,September,2023,6,Friday,16,4:00pm-4:59pm,33,33,0,This Section IS NOT on the NHS,2,Urban,5,Major Collector,4,City or Municipal Highway Agency,6,Municipal,MU-WASHINGTON ST,MU-W FIFTH AVE,0,None,44.05438333,44.05438333,-123.100336110,-123.10033611,0,No Special Jurisdiction,9,Pedalcyclist,0,The First Harmful Event was Not a Collision with a Motor Vehicle in Transport,0,No,2,Intersection,2,Four-Way Intersection,0,None,,,1,On Roadway,1,Daylight,,,,,1,Clear,0,No,0000000,Not Applicable,16,4:00pm-4:59pm,33,33,16,4:00pm-4:59pm,39,39,16,4:00pm-4:59pm,47,47,,,,,,,1,
2023,41,410449,Oregon,1,1,0,1,1,1,1,39,LANE (39),660,EUGENE,23,23,10,October,2023,2,Monday,18,6:00pm-6:59pm,52,52,1,This Section IS ON the NHS,2,Urban,3,Other Principal Arterial,1,State Highway Agency,6,Municipal,MU-CHAMBERS ST,MU-W SECOND AVE,0,None,44.05752500,44.05752500,-123.117427780,-123.11742778,0,No Special Jurisdiction,15,Non-Motorist on Personal Conveyance,0,The First Harmful Event was Not a Collision with a Motor Vehicle in Transport,0,No,2,Intersection,2,Four-Way Intersection,0,None,,,1,On Roadway,3,Dark - Lighted,,,,,1,Clear,0,No,0000000,Not Applicable,18,6:00pm-6:59pm,53,53,18,6:00pm-6:59pm,58,58,99,Unknown,99,Unknown EMS Hospital Arrival Time,,,,,,,1,
2023,41,410450,Oregon,5,5,0,0,0,6,6,51,MULTNOMAH (51),1650,PORTLAND,26,26,10,October,2023,5,Thursday,15,3:00pm-3:59pm,29,29,1,This Section IS ON the NHS,2,Urban,1,Interstate,1,State Highway Agency,1,Interstate,I-5,,3035,3035,45.55034722,45.55034722,-122.678750000,-122.67875000,0,No Special Jurisdiction,12,Motor Vehicle In-Transport,1,Front-to-Rear,0,No,1,Non-Junction,1,Not an Intersection,0,None,,,1,On Roadway,1,Daylight,,,,,1,Clear,0,No,0000000,Not Applicable,99,Unknown,99,Unknown,99,Unknown EMS Scene Arrival Hour,99,Unknown EMS Scene Arrival Minutes,88,"Not Applicable (Not Transported) ",88,Not Applicable (Not Transported),,,,,,,1,
2023,41,410451,Oregon,2,2,0,0,0,3,3,43,LINN (43),0,NOT APPLICABLE,14,14,9,September,2023,5,Thursday,17,5:00pm-5:59pm,4,4,0,This Section IS NOT on the NHS,1,Rural,6,Minor Collector,2,County Highway Agency,4,County,CR-TANGENT DR,CR-TANGENT LP,12,12,44.54124444,44.54124444,-123.074380560,-123.07438056,0,No Special Jurisdiction,12,Motor Vehicle In-Transport,6,Angle,0,No,2,Intersection,2,Four-Way Intersection,0,None,,,1,On Roadway,1,Daylight,,,,,1,Clear,0,No,0000000,Not Applicable,17,5:00pm-5:59pm,4,4,17,5:00pm-5:59pm,6,6,99,Unknown,99,Unknown EMS Hospital Arrival Time,,,,,,,1,
2023,41,410452,Oregon,2,2,0,0,0,2,2,5,CLACKAMAS (5),0,NOT APPLICABLE,7,7,10,October,2023,7,Saturday,19,7:00pm-7:59pm,33,33,0,This Section IS NOT on the NHS,1,Rural,5,Major Collector,2,County Highway Agency,4,County,CR-SE WILDCAT MOUNTAIN DR,,42,42,45.34368056,45.34368056,-122.310355560,-122.31035556,0,No Special Jurisdiction,12,Motor Vehicle In-Transport,2,Front-to-Front,0,No,1,Non-Junction,1,Not an Intersection,0,None,,,1,On Roadway,2,Dark - Not Lighted,,,,,1,Clear,0,No,0000000,Not Applicable,99,Unknown,99,Unknown,99,Unknown EMS Scene Arrival Hour,99,Unknown EMS Scene Arrival Minutes,99,Unknown,99,Unknown EMS Hospital Arrival Time,,,,,,,1,
2023,41,410453,Oregon,2,2,0,0,0,3,3,51,MULTNOMAH (51),1650,PORTLAND,28,28,10,October,2023,7,Saturday,17,5:00pm-5:59pm,57,57,1,This Section IS ON the NHS,2,Urban,3,Other Principal Arterial,1,State Highway Agency,2,U.S. Highway,US-30 ODOT 123,MU-NE LOMBARD ST-33RD AVE RAMP,77,77,45.57227222,45.57227222,-122.629702780,-122.62970278,0,No Special Jurisdiction,12,Motor Vehicle In-Transport,6,Angle,0,No,2,Intersection,3,T-Intersection,0,None,,,1,On Roadway,3,Dark - Lighted,,,,,1,Clear,0,No,0000000,Not Applicable,99,Unknown,99,Unknown,99,Unknown EMS Scene Arrival Hour,99,Unknown EMS Scene Arrival Minutes,88,"Not Applicable (Not Transported) ",88,Not Applicable (Not Transported),,,,,,,2,
2023,41,410454,Oregon,2,2,0,0,0,2,2,67,WASHINGTON (67),180,BEAVERTON,30,30,10,October,2023,2,Monday,16,4:00pm-4:59pm,27,27,1,This Section IS ON the NHS,2,Urban,3,Other Principal Arterial,4,City or Municipal Highway Agency,6,Municipal,MU-SW MURRAY BLVD,MU-SW SIXTH ST,0,None,45.48187222,45.48187222,-122.826211110,-122.82621111,0,No Special Jurisdiction,12,Motor Vehicle In-Transport,6,Angle,0,No,2,Intersection,2,Four-Way Intersection,0,None,,,1,On Roadway,1,Daylight,,,,,1,Clear,0,No,0000000,Not Applicable,16,4:00pm-4:59pm,28,28,16,4:00pm-4:59pm,33,33,88,"Not Applicable (Not Transported) ",88,Not Applicable (Not Transported),,,,,,,1,
2023,41,410455,Oregon,1,1,0,1,1,1,1,51,MULTNOMAH (51),1650,PORTLAND,16,16,9,September,2023,7,Saturday,21,9:00pm-9:59pm,9,9,1,This Section IS ON the NHS,2,Urban,3,Other Principal Arterial,4,City or Municipal Highway Agency,6,Municipal,MU-SE 82ND AVE,MU-SE CRYSTAL SPRINGS BLVD,0,None,45.46515000,45.46515000,-122.579141670,-122.57914167,0,No Special Jurisdiction,8,Pedestrian,0,The First Harmful Event was Not a Collision with a Motor Vehicle in Transport,0,No,2,Intersection,2,Four-Way Intersection,0,None,,,1,On Roadway,3,Dark - Lighted,,,,,1,Clear,0,No,0000000,Not Applicable,21,9:00pm-9:59pm,10,10,21,9:00pm-9:59pm,29,29,21,9:00pm-9:59pm,51,51,,,,,,,1,
2023,41,410456,Oregon,2,2,0,0,0,2,2,39,LANE (39),0,NOT APPLICABLE,31,31,10,October,2023,3,Tuesday,14,2:00pm-2:59pm,59,59,1,This Section IS ON the NHS,2,Urban,1,Interstate,1,State Highway Agency,1,Interstate,I-5,,1897,1897,44.01202500,44.01202500,-123.022572220,-123.02257222,0,No Special Jurisdiction,12,Motor Vehicle In-Transport,1,Front-to-Rear,0,No,1,Non-Junction,1,Not an Intersection,0,None,,,1,On Roadway,1,Daylight,,,,,1,Clear,0,No,0000000,Not Applicable,15,3:00pm-3:59pm,0,0,15,3:00pm-3:59pm,5,5,88,"Not Applicable (Not Transported) ",88,Not Applicable (Not Transported),,,,,,,1,
2023,41,410457,Oregon,2,2,0,0,0,4,4,35,KLAMATH (35),0,NOT APPLICABLE,5,5,10,October,2023,5,Thursday,14,2:00pm-2:59pm,33,33,1,This Section IS ON the NHS,1,Rural,3,Other Principal Arterial,1,State Highway Agency,3,State Highway,SR-58 ODOT 18,CR-EAST ODELL RD,675,675,43.55328056,43.55328056,-121.956805560,-121.95680556,0,No Special Jurisdiction,12,Motor Vehicle In-Transport,6,Angle,0,No,2,Intersection,3,T-Intersection,0,None,,,1,On Roadway,1,Daylight,,,,,1,Clear,0,No,0000000,Not Applicable,14,2:00pm-2:59pm,34,34,14,2:00pm-2:59pm,50,50,99,Unknown,99,Unknown EMS Hospital Arrival Time,,,,,,,1,
2023,41,410458,Oregon,2,2,0,0,0,1,1,9,COLUMBIA (9),0,NOT APPLICABLE,4,4,10,October,2023,4,Wednesday,19,7:00pm-7:59pm,1,1,1,This Section IS ON the NHS,2,Urban,3,Other Principal Arterial,1,State Highway Agency,2,U.S. Highway,US-30 ODOT 92,MU-CHURCH RD,254,254,45.81901667,45.81901667,-122.849238890,-122.84923889,0,No Special Jurisdiction,12,Motor Vehicle In-Transport,2,Front-to-Front,0,No,2,Intersection,3,T-Intersection,0,None,,,1,On Roadway,1,Daylight,,,,,10,Cloudy,0,No,0000000,Not Applicable,19,7:00pm-7:59pm,1,1,19,7:00pm-7:59pm,5,5,19,7:00pm-7:59pm,44,44,,,,,,,1,
2023,41,410459,Oregon,1,1,0,1,1,1,1,51,MULTNOMAH (51),1650,PORTLAND,20,20,10,October,2023,6,Friday,4,4:00am-4:59am,36,36,0,This Section IS NOT on the NHS,2,Urban,5,Major Collector,4,City or Municipal Highway Agency,6,Municipal,MU-N WHITAKER RD,,0,None,45.59298333,45.59298333,-122.681730560,-122.68173056,0,No Special Jurisdiction,8,Pedestrian,0,The First Harmful Event was Not a Collision with a Motor Vehicle in Transport,0,No,1,Non-Junction,1,Not an Intersection,0,None,,,1,On Roadway,3,Dark - Lighted,,,,,1,Clear,0,No,0000000,Not Applicable,4,4:00am-4:59am,38,38,4,4:00am-4:59am,46,46,5,5:00am-5:59am,3,3,,,,,,,1,
2023,41,410460,Oregon,2,2,0,0,0,2,2,57,TILLAMOOK (57),0,NOT APPLICABLE,3,3,11,November,2023,6,Friday,7,7:00am-7:59am,8,8,0,This Section IS NOT on the NHS,1,Rural,4,Minor Arterial,1,State Highway Agency,3,State Highway,SR-6 ODOT 37,,122,122,45.49321111,45.49321111,-123.628186110,-123.62818611,0,No Special Jurisdiction,12,Motor Vehicle In-Transport,2,Front-to-Front,0,No,1,Non-Junction,1,Not an Intersection,0,None,,,1,On Roadway,2,Dark - Not Lighted,,,,,1,Clear,0,No,0000000,Not Applicable,7,7:00am-7:59am,8,8,7,7:00am-7:59am,17,17,88,"Not Applicable (Not Transported) ",88,Not Applicable (Not Transported),,,,,,,1,
2023,41,410461,Oregon,1,1,0,1,1,1,1,51,MULTNOMAH (51),1650,PORTLAND,2,2,11,November,2023,5,Thursday,19,7:00pm-7:59pm,19,19,1,This Section IS ON the NHS,2,Urban,3,Other Principal Arterial,4,City or Municipal Highway Agency,6,Municipal,MU-SE DIVISION ST,,0,None,45.50406111,45.50406111,-122.525541670,-122.52554167,0,No Special Jurisdiction,8,Pedestrian,0,The First Harmful Event was Not a Collision with a Motor Vehicle in Transport,0,No,1,Non-Junction,1,Not an Intersection,0,None,,,1,On Roadway,6,Dark - Unknown Lighting,,,,,10,Cloudy,0,No,0000000,Not Applicable,99,Unknown,99,Unknown,99,Unknown EMS Scene Arrival Hour,99,Unknown EMS Scene Arrival Minutes,88,"Not Applicable (Not Transported) ",88,Not Applicable (Not Transported),,,,,,,1,
2023,41,410462,Oregon,2,2,0,0,0,2,2,11,COOS (11),0,NOT APPLICABLE,3,3,11,November,2023,6,Friday,13,1:00pm-1:59pm,20,20,1,This Section IS ON the NHS,1,Rural,3,Other Principal Arterial,1,State Highway Agency,2,U.S. Highway,US-101 ODOT 9,,2575,2575,43.17247778,43.17247778,-124.373869440,-124.37386944,0,No Special Jurisdiction,12,Motor Vehicle In-Transport,2,Front-to-Front,0,No,1,Non-Junction,1,Not an Intersection,0,None,,,1,On Roadway,1,Daylight,,,,,10,Cloudy,0,No,0000000,Not Applicable,13,1:00pm-1:59pm,21,21,13,1:00pm-1:59pm,27,27,13,1:00pm-1:59pm,56,56,,,,,,,1,
2023,41,410463,Oregon,1,1,0,1,1,1,1,5,CLACKAMAS (5),926,HAPPY VALLEY,7,7,11,November,2023,3,Tuesday,19,7:00pm-7:59pm,30,30,0,This Section IS NOT on the NHS,2,Urban,4,Minor Arterial,4,City or Municipal Highway Agency,6,Municipal,MU-SE SUNNYSIDE RD,MU-SE 142ND AVE,0,None,45.42489444,45.42489444,-122.517491670,-122.51749167,0,No Special Jurisdiction,8,Pedestrian,0,The First Harmful Event was Not a Collision with a Motor Vehicle in Transport,0,No,3,Intersection-Related,2,Four-Way Intersection,0,None,,,1,On Roadway,3,Dark - Lighted,,,,,1,Clear,0,No,0000000,Not Applicable,99,Unknown,99,Unknown,99,Unknown EMS Scene Arrival Hour,99,Unknown EMS Scene Arrival Minutes,88,"Not Applicable (Not Transported) ",88,Not Applicable (Not Transported),,,,,,,1,
2023,41,410464,Oregon,1,1,0,0,0,1,1,1,BAKER (1),0,NOT APPLICABLE,3,3,10,October,2023,3,Tuesday,8,8:00am-8:59am,5,5,1,This Section IS ON the NHS,1,Rural,3,Other Principal Arterial,1,State Highway Agency,2,U.S. Highway,US-26 ODOT 5,,2094,2094,44.46876667,44.46876667,-118.220613890,-118.22061389,0,No Special Jurisdiction,34,Ditch,0,The First Harmful Event was Not a Collision with a Motor Vehicle in Transport,0,No,1,Non-Junction,1,Not an Intersection,0,None,,,4,On Roadside,1,Daylight,,,,,10,Cloudy,0,No,0000000,Not Applicable,8,8:00am-8:59am,5,5,9,9:00am-9:59am,1,1,10,10:00am-10:59am,36,36,,,,,,,1,
2023,41,410465,Oregon,2,2,0,0,0,4,4,39,LANE (39),0,NOT APPLICABLE,8,8,11,November,2023,4,Wednesday,17,5:00pm-5:59pm,6,6,1,This Section IS ON the NHS,1,Rural,3,Other Principal Arterial,1,State Highway Agency,3,State Highway,SR-58 ODOT 18,,444,444,43.71138889,43.71138889,-122.303961110,-122.30396111,0,No Special Jurisdiction,12,Motor Vehicle In-Transport,2,Front-to-Front,0,No,1,Non-Junction,1,Not an Intersection,0,None,,,1,On Roadway,5,Dusk,,,,,1,Clear,0,No,0000000,Not Applicable,17,5:00pm-5:59pm,6,6,17,5:00pm-5:59pm,33,33,99,Unknown,99,Unknown EMS Hospital Arrival Time,,,,,,,1,