caseyear,state,st_case,statename,ve_total,ve_forms,pvh_invl,peds,pernotmvit,permvit,persons,county,countyname,city,cityname,day,dayname,month,monthname,year,day_week,day_weekname,hour,hourname,minute,minutename,nhs,nhsname,rur_urb,rur_urbname,func_sys,func_sysname,rd_owner,rd_ownername,route,routename,tway_id,tway_id2,milept,mileptname,latitude,latitudename,longitud,longitudname,sp_jur,sp_jurname,harm_ev,harm_evname,man_coll,man_collname,reljct1,reljct1name,reljct2,reljct2name,typ_int,typ_intname,wrk_zone,wrk_zonename,road_fnc,road_fncname,rel_road,rel_roadname,lgt_cond,lgt_condname,weather1,weather1name,weather2,weather2name,weather,weathername,sch_bus,sch_busname,rail,railname,not_hour,not_hourname,not_min,not_minname,arr_hour,arr_hourname,arr_min,arr_minname,hosp_hr,hosp_hrname,hosp_mn,hosp_mnname,cf1,cf1name,cf2,cf2name,cf3,cf3name,fatals,drunk_dr
2023,41,410466,Oregon,1,1,0,0,0,1,1,5,CLACKAMAS (5),0,NOT APPLICABLE,12,12,11,November,2023,1,Sunday,1,1:00am-1:59am,54,54,0,This Section IS NOT on the NHS,1,Rural,4,Minor Arterial,1,State Highway Agency,3,State Highway,SR-551 ODOT 51,,5,5,45.27238889,45.27238889,-122.769108330,-122.76910833,0,No Special Jurisdiction,93,Unknown Fixed Object,0,The First Harmful Event was Not a Collision with a Motor Vehicle in Transport,0,No,1,Non-Junction,1,Not an Intersection,0,None,,,4,On Roadside,2,Dark - Not Lighted,,,,,1,Clear,0,No,0000000,Not Applicable,1,1:00am-1:59am,54,54,2,2:00am-2:59am,0,0,88,"Not Applicable (Not Transported) ",88,Not Applicable (Not Transported),,,,,,,1,
2023,41,410467,Oregon,2,2,0,0,0,5,5,29,JACKSON (29),0,NOT APPLICABLE,29,29,10,October,2023,1,Sunday,4,4:00am-4:59am,53,53,0,This Section IS NOT on the NHS,2,Urban,5,Major Collector,2,County Highway Agency,4,County,CR-DEAD INDIAN MEMORIA RD,,19,19,42.20098889,42.20098889,-122.635272220,-122.63527222,0,No Special Jurisdiction,12,Motor Vehicle In-Transport,2,Front-to-Front,0,No,1,Non-Junction,1,Not an Intersection,0,None,,,1,On Roadway,2,Dark - Not Lighted,,,,,1,Clear,0,No,0000000,Not Applicable,4,4:00am-4:59am,53,53,4,4:00am-4:59am,56,56,5,5:00am-5:59am,38,38,,,,,,,1,
2023,41,410468,Oregon,1,1,0,1,1,1,1,51,MULTNOMAH (51),1650,PORTLAND,14,14,11,November,2023,3,Tuesday,6,6:00am-6:59am,13,13,1,This Section IS ON the NHS,2,Urban,3,Other Principal Arterial,1,State Highway Agency,3,State Highway,SR-99 ODOT 81,,16,16,45.49971944,45.49971944,-122.660280560,-122.66028056,0,No Special Jurisdiction,8,Pedestrian,0,The First Harmful Event was Not a Collision with a Motor Vehicle in Transport,0,No,1,Non-Junction,1,Not an Intersection,0,None,,,1,On Roadway,3,Dark - Lighted,,,,,1,Clear,0,No,0000000,Not Applicable,99,Unknown,99,Unknown,99,Unknown EMS Scene Arrival Hour,99,Unknown EMS Scene Arrival Minutes,88,"Not Applicable (Not Transported) ",88,Not Applicable (Not Transported),,,,,,,1,
2023,41,410469,Oregon,1,1,0,0,0,1,1,39,LANE (39),660,EUGENE,3,3,6,June,2023,7,Saturday,14,2:00pm-2:59pm,37,37,1,This Section IS ON the NHS,2,Urban,2,Other Freeways and Expressways,1,State Highway Agency,3,State Highway,SR-569 ODOT 69,,61,61,44.09264167,44.09264167,-123.171152780,-123.17115278,0,No Special Jurisdiction,25,Concrete Traffic Barrier,0,The First Harmful Event was Not a Collision with a Motor Vehicle in Transport,0,No,1,Non-Junction,1,Not an Intersection,0,None,,,4,On Roadside,1,Daylight,,,,,1,Clear,0,No,0000000,Not Applicable,14,2:00pm-2:59pm,37,37,14,2:00pm-2:59pm,40,40,14,2:00pm-2:59pm,58,58,,,,,,,1,
2023,41,410470,Oregon,1,1,0,0,0,2,2,35,KLAMATH (35),0,NOT APPLICABLE,12,12,6,June,2023,2,Monday,13,1:00pm-1:59pm,0,0,0,This Section IS NOT on the NHS,1,Rural,5,Major Collector,2,County Highway Agency,4,County,CR-S CHILOQUUIN RD,CR-MODOC POINT RD,41,41,42.52553611,42.52553611,-121.926061110,-121.92606111,0,No Special Jurisdiction,34,Ditch,0,The First Harmful Event was Not a Collision with a Motor Vehicle in Transport,0,No,3,Intersection-Related,3,T-Intersection,0,None,,,4,On Roadside,1,Daylight,,,,,1,Clear,0,No,0000000,Not Applicable,13,1:00pm-1:59pm,44,44,13,1:00pm-1:59pm,59,59,14,2:00pm-2:59pm,31,31,,,,,,,1,
2023,41,410471,Oregon,2,2,0,0,0,3,3,9,COLUMBIA (9),0,NOT APPLICABLE,17,17,6,June,2023,7,Saturday,12,12:00pm-12:59pm,25,25,0,This Section IS NOT on the NHS,1,Rural,5,Major Collector,2,County Highway Agency,4,County,CR-ALSTON MAYGER RD,,34,34,46.10664722,46.10664722,-123.044505560,-123.04450556,0,No Special Jurisdiction,12,Motor Vehicle In-Transport,2,Front-to-Front,0,No,1,Non-Junction,1,Not an Intersection,0,None,,,1,On Roadway,1,Daylight,,,,,1,Clear,0,No,0000000,Not Applicable,99,Unknown,99,Unknown,99,Unknown EMS Scene Arrival Hour,99,Unknown EMS Scene Arrival Minutes,99,Unknown,99,Unknown EMS Hospital Arrival Time,,,,,,,1,
2023,41,410472,Oregon,1,1,0,0,0,1,1,11,COOS (11),390,COOS BAY,1,1,7,July,2023,7,Saturday,2,2:00am-2:59am,56,56,1,This Section IS ON the NHS,2,Urban,3,Other Principal Arterial,1,State Highway Agency,2,U.S. Highway,US-101 ODOT 9,,2377,2377,43.37539167,43.37539167,-124.212977780,-124.21297778,0,No Special Jurisdiction,43,Other Fixed Object,0,The First Harmful Event was Not a Collision with a Motor Vehicle in Transport,0,No,1,Non-Junction,1,Not an Intersection,0,None,,,4,On Roadside,6,Dark - Unknown Lighting,,,,,98,Not Reported,0,No,0000000,Not Applicable,2,2:00am-2:59am,58,58,3,3:00am-3:59am,4,4,3,3:00am-3:59am,30,30,,,,,,,1,
2023,41,410473,Oregon,1,1,0,0,0,3,3,67,WASHINGTON (67),1900,SHERWOOD,4,4,7,July,2023,3,Tuesday,12,12:00pm-12:59pm,33,33,0,This Section IS NOT on the NHS,2,Urban,7,Local,4,City or Municipal Highway Agency,6,Municipal,MU-SW ELDERBERRY LN,,0,None,45.36724444,45.36724444,-122.865061110,-122.86506111,0,No Special Jurisdiction,5,Fell/Jumped from Vehicle,0,The First Harmful Event was Not a Collision with a Motor Vehicle in Transport,0,No,1,Non-Junction,1,Not an Intersection,0,None,,,1,On Roadway,1,Daylight,,,,,98,Not Reported,0,No,0000000,Not Applicable,12,12:00pm-12:59pm,34,34,12,12:00pm-12:59pm,39,39,13,1:00pm-1:59pm,30,30,,,,,,,1,
2023,41,410474,Oregon,1,1,0,0,0,1,1,51,MULTNOMAH (51),1650,PORTLAND,24,24,7,July,2023,2,Monday,9,9:00am-9:59am,20,20,0,This Section IS NOT on the NHS,2,Urban,4,Minor Arterial,4,City or Municipal Highway Agency,6,Municipal,MU-W BURNSIDE RD,,0,None,45.52186667,45.52186667,-122.716544440,-122.71654444,0,No Special Jurisdiction,1,Rollover/Overturn,0,The First Harmful Event was Not a Collision with a Motor Vehicle in Transport,0,No,1,Non-Junction,1,Not an Intersection,0,None,,,4,On Roadside,1,Daylight,,,,,10,Cloudy,0,No,0000000,Not Applicable,9,9:00am-9:59am,21,21,9,9:00am-9:59am,29,29,9,9:00am-9:59am,49,49,,,,,,,1,
2023,41,410475,Oregon,1,1,0,0,0,1,1,43,LINN (43),0,NOT APPLICABLE,4,4,8,August,2023,6,Friday,21,9:00pm-9:59pm,58,58,0,This Section IS NOT on the NHS,1,Rural,5,Major Collector,2,County Highway Agency,4,County,CR-ROCK HILL DR,,31,31,44.49328889,44.49328889,-122.934877780,-122.93487778,0,No Special Jurisdiction,1,Rollover/Overturn,0,The First Harmful Event was Not a Collision with a Motor Vehicle in Transport,0,No,1,Non-Junction,1,Not an Intersection,0,None,,,1,On Roadway,2,Dark - Not Lighted,,,,,1,Clear,0,No,0000000,Not Applicable,21,9:00pm-9:59pm,58,58,22,10:00pm-10:59pm,6,6,88,"Not Applicable (Not Transported) ",88,Not Applicable (Not Transported),,,,,,,1,
2023,41,410476,Oregon,1,1,0,1,1,1,1,67,WASHINGTON (67),0,NOT APPLICABLE,14,14,8,August,2023,2,Monday,23,11:00pm-11:59pm,34,34,0,This Section IS NOT on the NHS,1,Rural,5,Major Collector,2,County Highway Agency,4,County,CR-NW SUSBAUER RD,,0,None,45.56353889,45.56353889,-123.035805560,-123.03580556,0,No Special Jurisdiction,8,Pedestrian,0,The First Harmful Event was Not a Collision with a Motor Vehicle in Transport,0,No,1,Non-Junction,1,Not an Intersection,0,None,,,1,On Roadway,2,Dark - Not Lighted,,,,,10,Cloudy,0,No,0000000,Not Applicable,99,Unknown,99,Unknown,99,Unknown EMS Scene Arrival Hour,99,Unknown EMS Scene Arrival Minutes,88,"Not Applicable (Not Transported) ",88,Not Applicable (Not Transported),,,,,,,1,
2023,41,410477,Oregon,1,1,0,0,0,1,1,51,MULTNOMAH (51),880,GRESHAM,21,21,8,August,2023,2,Monday,22,10:00pm-10:59pm,33,33,1,This Section IS ON the NHS,2,Urban,3,Other Principal Arterial,4,City or Municipal Highway Agency,6,Municipal,MU-W POWELL BLVD,,0,None,45.49672500,45.49672500,-122.457766670,-122.45776667,0,No Special Jurisdiction,42,Tree (Standing Only),0,The First Harmful Event was Not a Collision with a Motor Vehicle in Transport,0,No,1,Non-Junction,1,Not an Intersection,0,None,,,3,On Median,3,Dark - Lighted,,,,,1,Clear,0,No,0000000,Not Applicable,22,10:00pm-10:59pm,33,33,22,10:00pm-10:59pm,39,39,88,"Not Applicable (Not Transported) ",88,Not Applicable (Not Transported),,,,,,,1,
2023,41,410478,Oregon,1,1,0,0,0,1,1,57,TILLAMOOK (57),0,NOT APPLICABLE,28,28,8,August,2023,2,Monday,99,Unknown Hours,99,Unknown Minutes,0,This Section IS NOT on the NHS,1,Rural,5,Major Collector,2,County Highway Agency,4,County,CR-SLAB CREEK RD,,34,34,45.06498056,45.06498056,-123.914675000,-123.91467500,0,No Special Jurisdiction,35,Embankment,0,The First Harmful Event was Not a Collision with a Motor Vehicle in Transport,0,No,1,Non-Junction,1,Not an Intersection,0,None,,,4,On Roadside,9,Reported as Unknown,,,,,99,Reported as Unknown,0,No,0000000,Not Applicable,99,Unknown,99,Unknown,99,Unknown EMS Scene Arrival Hour,99,Unknown EMS Scene Arrival Minutes,88,"Not Applicable (Not Transported) ",88,Not Applicable (Not Transported),,,,,,,1,
2023,41,410479,Oregon,1,1,0,0,0,1,1,39,LANE (39),0,NOT APPLICABLE,18,18,8,August,2023,6,Friday,20,8:00pm-8:59pm,3,3,0,This Section IS NOT on the NHS,2,Urban,5,Major Collector,2,County Highway Agency,4,County,CR-S SIXTH ST,,16,16,43.76855833,43.76855833,-123.062730560,-123.06273056,0,No Special Jurisdiction,34,Ditch,0,The First Harmful Event was Not a Collision with a Motor Vehicle in Transport,0,No,1,Non-Junction,1,Not an Intersection,0,None,,,4,On Roadside,8,Not Reported,,,,,98,Not Reported,0,No,0000000,Not Applicable,99,Unknown,99,Unknown,99,Unknown EMS Scene Arrival Hour,99,Unknown EMS Scene Arrival Minutes,88,"Not Applicable (Not Transported) ",88,Not Applicable (Not Transported),,,,,,,1,
2023,41,410480,Oregon,1,1,0,0,0,2,2,9,COLUMBIA (9),0,NOT APPLICABLE,1,1,9,September,2023,6,Friday,17,5:00pm-5:59pm,38,38,0,This Section IS NOT on the NHS,1,Rural,6,Minor Collector,2,County Highway Agency,4,County,CR-CEDAR GROVE RD,,34,34,46.06618333,46.06618333,-123.135852780,-123.13585278,0,No Special Jurisdiction,34,Ditch,0,The First Harmful Event was Not a Collision with a Motor Vehicle in Transport,0,No,1,Non-Junction,1,Not an Intersection,0,None,,,4,On Roadside,1,Daylight,,,,,1,Clear,0,No,0000000,Not Applicable,17,5:00pm-5:59pm,38,38,17,5:00pm-5:59pm,45,45,99,Unknown,99,Unknown EMS Hospital Arrival Time,,,,,,,1,
2023,41,410481,Oregon,1,1,0,0,0,1,1,17,DESCHUTES (17),190,BEND,2,2,9,September,2023,7,Saturday,23,11:00pm-11:59pm,30,30,0,This Section IS NOT on the NHS,2,Urban,5,Major Collector,4,City or Municipal Highway Agency,6,Municipal,MU-OB RILEY RD,MU-FIREROCK RD,0,None,44.09589722,44.09589722,-121.313544440,-121.31354444,0,No Special Jurisdiction,1,Rollover/Overturn,0,The First Harmful Event was Not a Collision with a Motor Vehicle in Transport,0,No,3,Intersection-Related,3,T-Intersection,0,None,,,4,On Roadside,2,Dark - Not Lighted,,,,,1,Clear,0,No,0000000,Not Applicable,23,11:00pm-11:59pm,41,41,23,11:00pm-11:59pm,44,44,0,0:00am-0:59am,7,7,,,,,,,1,
2023,41,410482,Oregon,1,1,0,0,0,1,1,45,MALHEUR (45),0,NOT APPLICABLE,19,19,9,September,2023,3,Tuesday,99,Unknown Hours,99,Unknown Minutes,0,This Section IS NOT on the NHS,1,Rural,6,Minor Collector,2,County Highway Agency,4,County,CR-THREE FORKS RD,,271,271,42.58313889,42.58313889,-117.155475000,-117.15547500,0,No Special Jurisdiction,35,Embankment,0,The First Harmful Event was Not a Collision with a Motor Vehicle in Transport,0,No,1,Non-Junction,1,Not an Intersection,0,None,,,4,On Roadside,8,Not Reported,,,,,98,Not Reported,0,No,0000000,Not Applicable,99,Unknown,99,Unknown,99,Unknown EMS Scene Arrival Hour,99,Unknown EMS Scene Arrival Minutes,88,"Not Applicable (Not Transported) ",88,Not Applicable (Not Transported),,,,,,,1,
2023,41,410483,Oregon,2,2,0,0,0,2,2,29,JACKSON (29),0,NOT APPLICABLE,17,17,11,November,2023,6,Friday,15,3:00pm-3:59pm,15,15,0,This Section IS NOT on the NHS,1,Rural,4,Minor Arterial,1,State Highway Agency,3,State Highway,SR-238 ODOT 272,CR-UPPER APPLEGATE RD,256,256,42.23791667,42.23791667,-123.040163890,-123.04016389,0,No Special Jurisdiction,12,Motor Vehicle In-Transport,6,Angle,0,No,2,Intersection,3,T-Intersection,0,None,,,1,On Roadway,1,Daylight,,,,,1,Clear,0,No,0000000,Not Applicable,15,3:00pm-3:59pm,17,17,15,3:00pm-3:59pm,21,21,99,Unknown,99,Unknown EMS Hospital Arrival Time,,,,,,,1,
2023,41,410484,Oregon,2,2,0,0,0,2,2,51,MULTNOMAH (51),880,GRESHAM,17,17,11,November,2023,6,Friday,17,5:00pm-5:59pm,50,50,1,This Section IS ON the NHS,2,Urban,3,Other Principal Arterial,4,City or Municipal Highway Agency,6,Municipal,MU-NE 181ST AVE,MU-NE WILKES RD,0,None,45.53938889,45.53938889,-122.477241670,-122.47724167,0,No Special Jurisdiction,12,Motor Vehicle In-Transport,6,Angle,0,No,2,Intersection,3,T-Intersection,0,None,,,1,On Roadway,3,Dark - Lighted,,,,,1,Clear,0,No,0000000,Not Applicable,17,5:00pm-5:59pm,50,50,17,5:00pm-5:59pm,54,54,88,"Not Applicable (Not Transported) ",88,Not Applicable (Not Transported),,,,,,,1,
2023,41,410485,Oregon,1,1,0,0,0,1,1,51,MULTNOMAH (51),1650,PORTLAND,18,18,11,November,2023,7,Saturday,2,2:00am-2:59am,36,36,1,This Section IS ON the NHS,2,Urban,3,Other Principal Arterial,1,State Highway Agency,2,U.S. Highway,US-26 ODOT 26,,23,23,45.49731111,45.49731111,-122.635197220,-122.63519722,0,No Special Jurisdiction,33,Curb,0,The First Harmful Event was Not a Collision with a Motor Vehicle in Transport,0,No,1,Non-Junction,1,Not an Intersection,0,None,,,4,On Roadside,3,Dark - Lighted,,,,,1,Clear,0,No,0000000,Not Applicable,2,2:00am-2:59am,38,38,2,2:00am-2:59am,43,43,88,"Not Applicable (Not Transported) ",88,Not Applicable (Not Transported),,,,,,,1,
2023,41,410486,Oregon,2,2,0,0,0,2,2,57,TILLAMOOK (57),0,NOT APPLICABLE,18,18,11,November,2023,7,Saturday,5,5:00am-5:59am,8,8,1,This Section IS ON the NHS,1,Rural,3,Other Principal Arterial,1,State Highway Agency,2,U.S. Highway,US-26 ODOT 47,,329,329,45.77307778,45.77307778,-123.383472220,-123.38347222,0,No Special Jurisdiction,12,Motor Vehicle In-Transport,2,Front-to-Front,0,No,1,Non-Junction,1,Not an Intersection,0,None,,,1,On Roadway,2,Dark - Not Lighted,,,,,1,Clear,0,No,0000000,Not Applicable,5,5:00am-5:59am,12,12,5,5:00am-5:59am,30,30,88,"Not Applicable (Not Transported) ",88,Not Applicable (Not Transported),,,,,,,2,
2023,41,410488,Oregon,1,1,0,1,1,2,2,67,WASHINGTON (67),0,NOT APPLICABLE,20,20,11,November,2023,2,Monday,11,11:00am-11:59am,38,38,0,This Section IS NOT on the NHS,2,Urban,4,Minor Arterial,2,County Highway Agency,4,County,CR-SW ROY ROGERS RD,,0,None,45.39667222,45.39667222,-122.851988890,-122.85198889,0,No Special Jurisdiction,9,Pedalcyclist,0,The First Harmful Event was Not a Collision with a Motor Vehicle in Transport,0,No,1,Non-Junction,1,Not an Intersection,1,Construction,,,1,On Roadway,1,Daylight,,,,,1,Clear,0,No,0000000,Not Applicable,11,11:00am-11:59am,38,38,11,11:00am-11:59am,45,45,88,"Not Applicable (Not Transported) ",88,Not Applicable (Not Transported),,,,,,,1,
2023,41,410489,Oregon,2,2,0,0,0,2,2,51,MULTNOMAH (51),880,GRESHAM,22,22,11,November,2023,4,Wednesday,18,6:00pm-6:59pm,55,55,1,This Section IS ON the NHS,2,Urban,3,Other Principal Arterial,4,City or Municipal Highway Agency,6,Municipal,MU-SE DIVISION ST,MU-SE 176TH PL,0,None,45.50457500,45.50457500,-122.481416670,-122.48141667,0,No Special Jurisdiction,12,Motor Vehicle In-Transport,6,Angle,0,No,2,Intersection,3,T-Intersection,0,None,,,1,On Roadway,3,Dark - Lighted,,,,,1,Clear,0,No,0000000,Not Applicable,99,Unknown,99,Unknown,99,Unknown EMS Scene Arrival Hour,99,Unknown EMS Scene Arrival Minutes,88,"Not Applicable (Not Transported) ",88,Not Applicable (Not Transported),,,,,,,1,
2023,41,410490,Oregon,1,1,0,0,0,1,1,51,MULTNOMAH (51),1650,PORTLAND,23,23,11,November,2023,5,Thursday,9,9:00am-9:59am,46,46,1,This Section IS ON the NHS,2,Urban,1,Interstate,1,State Highway Agency,1,Interstate,I-5,,3006,3006,45.50948056,45.50948056,-122.667052780,-122.66705278,0,No Special Jurisdiction,25,Concrete Traffic Barrier,0,The First Harmful Event was Not a Collision with a Motor Vehicle in Transport,0,No,1,Non-Junction,1,Not an Intersection,0,None,,,4,On Roadside,1,Daylight,,,,,1,Clear,0,No,0000000,Not Applicable,9,9:00am-9:59am,47,47,9,9:00am-9:59am,54,54,10,10:00am-10:59am,9,9,,,,,,,1,
2023,41,410491,Oregon,2,2,0,0,0,2,2,29,JACKSON (29),0,NOT APPLICABLE,25,25,11,November,2023,7,Saturday,14,2:00pm-2:59pm,36,36,1,This Section IS ON the NHS,2,Urban,3,Other Principal Arterial,1,State Highway Agency,3,State Highway,SR-99 ODOT 63,CR-ELK ST,43,43,42.35523611,42.35523611,-122.900827780,-122.90082778,0,No Special Jurisdiction,12,Motor Vehicle In-Transport,6,Angle,0,No,2,Intersection,2,Four-Way Intersection,0,None,,,1,On Roadway,1,Daylight,,,,,1,Clear,0,No,0000000,Not Applicable,99,Unknown,99,Unknown,99,Unknown EMS Scene Arrival Hour,99,Unknown EMS Scene Arrival Minutes,88,"Not Applicable (Not Transported) ",88,Not Applicable (Not Transported),,,,,,,1,
2023,41,410492,Oregon,1,1,0,0,0,1,1,19,DOUGLAS (19),0,NOT APPLICABLE,25,25,11,November,2023,7,Saturday,22,10:00pm-10:59pm,50,50,0,This Section IS NOT on the NHS,2,Urban,4,Minor Arterial,2,County Highway Agency,4,County,CR-OL HIGHWAY 99 N,,34,34,43.41846944,43.41846944,-123.299355560,-123.29935556,0,No Special Jurisdiction,32,Culvert,0,The First Harmful Event was Not a Collision with a Motor Vehicle in Transport,0,No,1,Non-Junction,1,Not an Intersection,0,None,,,4,On Roadside,2,Dark - Not Lighted,,,,,10,Cloudy,0,No,0000000,Not Applicable,22,10:00pm-10:59pm,50,50,22,10:00pm-10:59pm,58,58,88,"Not Applicable (Not Transported) ",88,Not Applicable (Not Transported),,,,,,,1,
2023,41,410493,Oregon,2,2,0,0,0,3,3,39,LANE (39),0,NOT APPLICABLE,26,26,11,November,2023,1,Sunday,12,12:00pm-12:59pm,15,15,0,This Section IS NOT on the NHS,1,Rural,5,Major Collector,1,State Highway Agency,3,State Highway,SR-36 ODOT 229,,10,10,44.04069444,44.04069444,-123.872605560,-123.87260556,0,No Special Jurisdiction,12,Motor Vehicle In-Transport,6,Angle,0,No,1,Non-Junction,1,Not an Intersection,0,None,,,1,On Roadway,1,Daylight,,,,,1,Clear,0,No,0000000,Not Applicable,12,12:00pm-12:59pm,20,20,12,12:00pm-12:59pm,36,36,13,1:00pm-1:59pm,7,7,,,,,,,1,
2023,41,410494,Oregon,2,2,0,0,0,2,2,11,COOS (11),0,NOT APPLICABLE,27,27,11,November,2023,2,Monday,11,11:00am-11:59am,35,35,1,This Section IS ON the NHS,1,Rural,3,Other Principal Arterial,1,State Highway Agency,2,U.S. Highway,US-101 ODOT 9,,2260,2260,43.53949444,43.53949444,-124.214180560,-124.21418056,0,No Special Jurisdiction,12,Motor Vehicle In-Transport,6,Angle,0,No,1,Non-Junction,1,Not an Intersection,0,None,,,1,On Roadway,1,Daylight,,,,,1,Clear,0,No,0000000,Not Applicable,11,11:00am-11:59am,35,35,11,11:00am-11:59am,49,49,88,"Not Applicable (Not Transported) ",88,Not Applicable (Not Transported),,,,,,,1,
2023,41,410496,Oregon,1,1,0,0,0,4,4,47,MARION (47),0,NOT APPLICABLE,27,27,11,November,2023,2,Monday,20,8:00pm-8:59pm,20,20,0,This Section IS NOT on the NHS,1,Rural,7,Local,2,County Highway Agency,4,County,CR-LARDON RD NE,,24,24,44.96979444,44.96979444,-122.910008330,-122.91000833,0,No Special Jurisdiction,1,Rollover/Overturn,0,The First Harmful Event was Not a Collision with a Motor Vehicle in Transport,0,No,1,Non-Junction,1,Not an Intersection,0,None,,,4,On Roadside,2,Dark - Not Lighted,,,,,10,Cloudy,0,No,0000000,Not Applicable,20,8:00pm-8:59pm,24,24,20,8:00pm-8:59pm,33,33,21,9:00pm-9:59pm,4,4,,,,,,,1,
2023,41,410497,Oregon,2,2,0,0,0,5,5,49,MORROW (49),0,NOT APPLICABLE,28,28,11,November,2023,3,Tuesday,5,5:00am-5:59am,2,2,1,This Section IS ON the NHS,1,Rural,1,Interstate,1,State Highway Agency,1,Interstate,I-84,,1685,1685,45.83245278,45.83245278,-119.614155560,-119.61415556,0,No Special Jurisdiction,12,Motor Vehicle In-Transport,1,Front-to-Rear,0,No,1,Non-Junction,1,Not an Intersection,0,None,,,1,On Roadway,2,Dark - Not Lighted,,,,,10,Cloudy,0,No,0000000,Not Applicable,5,5:00am-5:59am,2,2,5,5:00am-5:59am,10,10,99,Unknown,99,Unknown EMS Hospital Arrival Time,,,,,,,1,
2023,41,410498,Oregon,3,3,0,0,0,4,4,43,LINN (43),0,NOT APPLICABLE,29,29,11,November,2023,4,Wednesday,8,8:00am-8:59am,15,15,1,This Section IS ON the NHS,1,Rural,3,Other Principal Arterial,1,State Highway Agency,3,State Highway,SR-34 ODOT 210,CR-OAKVILLE RD,53,53,44.56584722,44.56584722,-123.152086110,-123.15208611,0,No Special Jurisdiction,12,Motor Vehicle In-Transport,6,Angle,0,No,2,Intersection,3,T-Intersection,0,None,,,1,On Roadway,1,Daylight,,,,,1,Clear,0,No,0000000,Not Applicable,99,Unknown,99,Unknown,99,Unknown EMS Scene Arrival Hour,99,Unknown EMS Scene Arrival Minutes,99,Unknown,99,Unknown EMS Hospital Arrival Time,,,,,,,1,
2023,41,410499,Oregon,1,1,0,0,0,2,2,35,KLAMATH (35),0,NOT APPLICABLE,26,26,11,November,2023,1,Sunday,0,0:00am-0:59am,0,0,0,This Section IS NOT on the NHS,1,Rural,4,Minor Arterial,1,State Highway Agency,3,State Highway,SR-66 ODOT 21,,489,489,42.12078611,42.12078611,-121.948027780,-121.94802778,0,No Special Jurisdiction,59,"Traffic Sign Support ",0,The First Harmful Event was Not a Collision with a Motor Vehicle in Transport,0,No,1,Non-Junction,1,Not an Intersection,0,None,,,4,On Roadside,2,Dark - Not Lighted,,,,,1,Clear,0,No,0000000,Not Applicable,0,0:00am-0:59am,0,0,0,0:00am-0:59am,19,19,1,1:00am-1:59am,2,2,,,,,,,1,
2023,41,410500,Oregon,2,2,0,0,0,2,2,5,CLACKAMAS (5),0,NOT APPLICABLE,27,27,11,November,2023,2,Monday,7,7:00am-7:59am,18,18,0,This Section IS NOT on the NHS,2,Urban,5,Major Collector,2,County Highway Agency,4,County,CR-SW 65TH AVE,CR-SW PROSPERITY PARK RD,4,4,45.36926667,45.36926667,-122.743913890,-122.74391389,0,No Special Jurisdiction,12,Motor Vehicle In-Transport,6,Angle,0,No,2,Intersection,3,T-Intersection,0,None,,,1,On Roadway,4,Dawn,,,,,1,Clear,1,Yes,0000000,Not Applicable,7,7:00am-7:59am,18,18,7,7:00am-7:59am,25,25,88,"Not Applicable (Not Transported) ",88,Not Applicable (Not Transported),,,,,,,1,
2023,41,410501,Oregon,1,1,0,1,1,1,1,67,WASHINGTON (67),1000,HILLSBORO,27,27,11,November,2023,2,Monday,20,8:00pm-8:59pm,8,8,1,This Section IS ON the NHS,2,Urban,3,Other Principal Arterial,4,City or Municipal Highway Agency,6,Municipal,MU-NE CORNELL RD,MU-NE ORENCO STATION PKWY,0,None,45.53409167,45.53409167,-122.916719440,-122.91671944,0,No Special Jurisdiction,8,Pedestrian,0,The First Harmful Event was Not a Collision with a Motor Vehicle in Transport,0,No,3,Intersection-Related,2,Four-Way Intersection,0,None,,,1,On Roadway,3,Dark - Lighted,,,,,1,Clear,0,No,0000000,Not Applicable,20,8:00pm-8:59pm,9,9,20,8:00pm-8:59pm,12,12,88,"Not Applicable (Not Transported) ",88,Not Applicable (Not Transported),,,,,,,1,
2023,41,410502,Oregon,1,1,0,0,0,1,1,39,LANE (39),0,NOT APPLICABLE,30,30,11,November,2023,5,Thursday,17,5:00pm-5:59pm,46,46,0,This Section IS NOT on the NHS,1,Rural,5,Major Collector,2,County Highway Agency,4,County,CR-CROW RD,,71,71,43.98905556,43.98905556,-123.297375000,-123.29737500,0,No Special Jurisdiction,42,Tree (Standing Only),0,The First Harmful Event was Not a Collision with a Motor Vehicle in Transport,0,No,1,Non-Junction,1,Not an Intersection,0,None,,,4,On Roadside,2,Dark - Not Lighted,,,,,10,Cloudy,0,No,0000000,Not Applicable,17,5:00pm-5:59pm,50,50,17,5:00pm-5:59pm,50,50,88,"Not Applicable (Not Transported) ",88,Not Applicable (Not Transported),,,,,,,1,
2023,41,410503,Oregon,1,1,0,1,1,1,1,47,MARION (47),1810,SALEM,2,2,12,December,2023,7,Saturday,19,7:00pm-7:59pm,47,47,1,This Section IS ON the NHS,2,Urban,3,Other Principal Arterial,4,City or Municipal Highway Agency,6,Municipal,MU-KUEBLER BLVD SE,,0,None,44.90308333,44.90308333,-122.968461110,-122.96846111,0,No Special Jurisdiction,8,Pedestrian,0,The First Harmful Event was Not a Collision with a Motor Vehicle in Transport,0,No,1,Non-Junction,1,Not an Intersection,0,None,,,1,On Roadway,2,Dark - Not Lighted,,,,,2,Rain,0,No,0000000,Not Applicable,19,7:00pm-7:59pm,49,49,19,7:00pm-7:59pm,56,56,88,"Not Applicable (Not Transported) ",88,Not Applicable (Not Transported),,,,,,,1,