caseyear,state,st_case,statename,ve_total,ve_forms,pvh_invl,peds,pernotmvit,permvit,persons,county,countyname,city,cityname,day,dayname,month,monthname,year,day_week,day_weekname,hour,hourname,minute,minutename,nhs,nhsname,rur_urb,rur_urbname,func_sys,func_sysname,rd_owner,rd_ownername,route,routename,tway_id,tway_id2,milept,mileptname,latitude,latitudename,longitud,longitudname,sp_jur,sp_jurname,harm_ev,harm_evname,man_coll,man_collname,reljct1,reljct1name,reljct2,reljct2name,typ_int,typ_intname,wrk_zone,wrk_zonename,road_fnc,road_fncname,rel_road,rel_roadname,lgt_cond,lgt_condname,weather1,weather1name,weather2,weather2name,weather,weathername,sch_bus,sch_busname,rail,railname,not_hour,not_hourname,not_min,not_minname,arr_hour,arr_hourname,arr_min,arr_minname,hosp_hr,hosp_hrname,hosp_mn,hosp_mnname,cf1,cf1name,cf2,cf2name,cf3,cf3name,fatals,drunk_dr
2023,41,410504,Oregon,1,1,0,0,0,2,2,39,LANE (39),0,NOT APPLICABLE,2,2,12,December,2023,7,Saturday,19,7:00pm-7:59pm,1,1,0,This Section IS NOT on the NHS,1,Rural,6,Minor Collector,2,County Highway Agency,4,County,CR-BIG RIVER RD,,0,None,43.57981944,43.57981944,-122.980775000,-122.98077500,0,No Special Jurisdiction,42,Tree (Standing Only),0,The First Harmful Event was Not a Collision with a Motor Vehicle in Transport,0,No,1,Non-Junction,1,Not an Intersection,0,None,,,4,On Roadside,2,Dark - Not Lighted,,,,,2,Rain,0,No,0000000,Not Applicable,99,Unknown,99,Unknown,99,Unknown EMS Scene Arrival Hour,99,Unknown EMS Scene Arrival Minutes,88,"Not Applicable (Not Transported) ",88,Not Applicable (Not Transported),,,,,,,1,
2023,41,410505,Oregon,1,1,0,1,1,3,3,39,LANE (39),660,EUGENE,2,2,12,December,2023,7,Saturday,16,4:00pm-4:59pm,10,10,1,This Section IS ON the NHS,2,Urban,3,Other Principal Arterial,4,City or Municipal Highway Agency,6,Municipal,MU-RIVER RD,MU-FERNDALE DR,0,None,44.10890000,44.10890000,-123.133886110,-123.13388611,0,No Special Jurisdiction,9,Pedalcyclist,0,The First Harmful Event was Not a Collision with a Motor Vehicle in Transport,0,No,2,Intersection,2,Four-Way Intersection,0,None,,,1,On Roadway,5,Dusk,,,,,2,Rain,0,No,0000000,Not Applicable,16,4:00pm-4:59pm,10,10,16,4:00pm-4:59pm,17,17,88,"Not Applicable (Not Transported) ",88,Not Applicable (Not Transported),,,,,,,1,
2023,41,410506,Oregon,2,2,0,0,0,2,2,39,LANE (39),0,NOT APPLICABLE,8,8,11,November,2023,4,Wednesday,5,5:00am-5:59am,55,55,0,This Section IS NOT on the NHS,2,Urban,5,Major Collector,1,State Highway Agency,3,State Highway,SR-99 ODOT 226,,2,2,43.99645833,43.99645833,-123.011825000,-123.01182500,0,No Special Jurisdiction,12,Motor Vehicle In-Transport,2,Front-to-Front,0,No,1,Non-Junction,1,Not an Intersection,0,None,,,1,On Roadway,2,Dark - Not Lighted,,,,,5,"Fog, Smog, Smoke",0,No,0000000,Not Applicable,5,5:00am-5:59am,55,55,6,6:00am-6:59am,3,3,6,6:00am-6:59am,21,21,,,,,,,1,
2023,41,410507,Oregon,1,1,0,0,0,2,2,47,MARION (47),0,NOT APPLICABLE,3,3,12,December,2023,1,Sunday,9,9:00am-9:59am,40,40,0,This Section IS NOT on the NHS,1,Rural,5,Major Collector,2,County Highway Agency,4,County,CR-MT ANGEL SCOTTS MILLS RD NE,,61,61,45.04321389,45.04321389,-122.687530560,-122.68753056,0,No Special Jurisdiction,34,Ditch,0,The First Harmful Event was Not a Collision with a Motor Vehicle in Transport,0,No,1,Non-Junction,1,Not an Intersection,0,None,,,4,On Roadside,1,Daylight,,,,,2,Rain,0,No,0000000,Not Applicable,9,9:00am-9:59am,40,40,9,9:00am-9:59am,48,48,10,10:00am-10:59am,5,5,,,,,,,1,
2023,41,410508,Oregon,1,1,0,0,0,1,1,19,DOUGLAS (19),0,NOT APPLICABLE,3,3,12,December,2023,1,Sunday,16,4:00pm-4:59pm,40,40,0,This Section IS NOT on the NHS,1,Rural,6,Minor Collector,2,County Highway Agency,4,County,CR-NORTH MYRTLE RD,,47,47,43.05683611,43.05683611,-123.208550000,-123.20855000,0,No Special Jurisdiction,42,Tree (Standing Only),0,The First Harmful Event was Not a Collision with a Motor Vehicle in Transport,0,No,1,Non-Junction,1,Not an Intersection,0,None,,,4,On Roadside,5,Dusk,,,,,2,Rain,0,No,0000000,Not Applicable,16,4:00pm-4:59pm,40,40,17,5:00pm-5:59pm,0,0,88,"Not Applicable (Not Transported) ",88,Not Applicable (Not Transported),,,,,,,1,
2023,41,410509,Oregon,1,1,0,1,1,1,1,11,COOS (11),390,COOS BAY,21,21,11,November,2023,3,Tuesday,19,7:00pm-7:59pm,26,26,1,This Section IS ON the NHS,2,Urban,3,Other Principal Arterial,4,City or Municipal Highway Agency,6,Municipal,MU-OCEAN BLVD NW,,0,None,43.38814444,43.38814444,-124.260233330,-124.26023333,0,No Special Jurisdiction,8,Pedestrian,0,The First Harmful Event was Not a Collision with a Motor Vehicle in Transport,0,No,1,Non-Junction,1,Not an Intersection,0,None,,,1,On Roadway,3,Dark - Lighted,,,,,1,Clear,0,No,0000000,Not Applicable,19,7:00pm-7:59pm,28,28,19,7:00pm-7:59pm,30,30,19,7:00pm-7:59pm,52,52,,,,,,,1,
2023,41,410511,Oregon,1,1,0,1,1,1,1,7,CLATSOP (7),2180,WARRENTON,4,4,12,December,2023,2,Monday,7,7:00am-7:59am,20,20,0,This Section IS NOT on the NHS,2,Urban,5,Major Collector,1,State Highway Agency,3,State Highway,SR-105 ODOT 105,,7,7,46.16386944,46.16386944,-123.909752780,-123.90975278,0,No Special Jurisdiction,8,Pedestrian,0,The First Harmful Event was Not a Collision with a Motor Vehicle in Transport,0,No,1,Non-Junction,1,Not an Intersection,0,None,,,1,On Roadway,4,Dawn,,,,,2,Rain,0,No,0000000,Not Applicable,99,Unknown,99,Unknown,99,Unknown EMS Scene Arrival Hour,99,Unknown EMS Scene Arrival Minutes,88,"Not Applicable (Not Transported) ",88,Not Applicable (Not Transported),,,,,,,1,
2023,41,410513,Oregon,1,1,0,1,1,1,1,37,LAKE (37),0,NOT APPLICABLE,28,28,11,November,2023,3,Tuesday,16,4:00pm-4:59pm,19,19,1,This Section IS ON the NHS,1,Rural,3,Other Principal Arterial,1,State Highway Agency,3,State Highway,SR-140 ODOT 20,,918,918,42.18711389,42.18711389,-120.432880560,-120.43288056,0,No Special Jurisdiction,8,Pedestrian,0,The First Harmful Event was Not a Collision with a Motor Vehicle in Transport,0,No,1,Non-Junction,1,Not an Intersection,0,None,,,1,On Roadway,5,Dusk,,,,,1,Clear,0,No,0000000,Not Applicable,16,4:00pm-4:59pm,17,17,16,4:00pm-4:59pm,25,25,99,Unknown,99,Unknown EMS Hospital Arrival Time,,,,,,,1,
2023,41,410515,Oregon,1,1,0,1,1,1,1,17,DESCHUTES (17),1720,REDMOND,28,28,11,November,2023,3,Tuesday,16,4:00pm-4:59pm,59,59,0,This Section IS NOT on the NHS,2,Urban,4,Minor Arterial,4,City or Municipal Highway Agency,6,Municipal,MU-SW CANAL BLVD,,0,None,44.25391944,44.25391944,-121.186891670,-121.18689167,0,No Special Jurisdiction,8,Pedestrian,0,The First Harmful Event was Not a Collision with a Motor Vehicle in Transport,0,No,1,Non-Junction,1,Not an Intersection,0,None,,,1,On Roadway,2,Dark - Not Lighted,,,,,1,Clear,0,No,0000000,Not Applicable,99,Unknown,99,Unknown,99,Unknown EMS Scene Arrival Hour,99,Unknown EMS Scene Arrival Minutes,88,"Not Applicable (Not Transported) ",88,Not Applicable (Not Transported),,,,,,,1,
2023,41,410516,Oregon,2,2,0,0,0,2,2,17,DESCHUTES (17),0,NOT APPLICABLE,6,6,12,December,2023,4,Wednesday,16,4:00pm-4:59pm,15,15,0,This Section IS NOT on the NHS,1,Rural,4,Minor Arterial,2,County Highway Agency,4,County,CR-SW CANAL BLVD,,0,None,44.22035556,44.22035556,-121.229491670,-121.22949167,0,No Special Jurisdiction,12,Motor Vehicle In-Transport,2,Front-to-Front,0,No,1,Non-Junction,1,Not an Intersection,0,None,,,1,On Roadway,5,Dusk,,,,,10,Cloudy,0,No,0000000,Not Applicable,99,Unknown,99,Unknown,99,Unknown EMS Scene Arrival Hour,99,Unknown EMS Scene Arrival Minutes,88,"Not Applicable (Not Transported) ",88,Not Applicable (Not Transported),,,,,,,1,
2023,41,410517,Oregon,1,1,0,1,1,1,1,19,DOUGLAS (19),0,NOT APPLICABLE,7,7,12,December,2023,5,Thursday,4,4:00am-4:59am,20,20,0,This Section IS NOT on the NHS,2,Urban,4,Minor Arterial,2,County Highway Agency,4,County,CR-NE STEPHENS ST,,128,128,43.27632222,43.27632222,-123.353777780,-123.35377778,0,No Special Jurisdiction,8,Pedestrian,0,The First Harmful Event was Not a Collision with a Motor Vehicle in Transport,0,No,1,Non-Junction,1,Not an Intersection,0,None,,,1,On Roadway,2,Dark - Not Lighted,,,,,2,Rain,0,No,0000000,Not Applicable,4,4:00am-4:59am,20,20,4,4:00am-4:59am,28,28,88,"Not Applicable (Not Transported) ",88,Not Applicable (Not Transported),,,,,,,1,
2023,41,410518,Oregon,1,1,0,0,0,1,1,1,BAKER (1),0,NOT APPLICABLE,8,8,12,December,2023,6,Friday,99,Unknown Hours,99,Unknown Minutes,1,This Section IS ON the NHS,1,Rural,1,Interstate,1,State Highway Agency,1,Interstate,I-84,,3143,3143,44.68753889,44.68753889,-117.678152780,-117.67815278,0,No Special Jurisdiction,31,"Post, Pole or Other Supports",0,The First Harmful Event was Not a Collision with a Motor Vehicle in Transport,0,No,1,Non-Junction,1,Not an Intersection,0,None,,,4,On Roadside,2,Dark - Not Lighted,,,,,99,Reported as Unknown,0,No,0000000,Not Applicable,99,Unknown,99,Unknown,99,Unknown EMS Scene Arrival Hour,99,Unknown EMS Scene Arrival Minutes,88,"Not Applicable (Not Transported) ",88,Not Applicable (Not Transported),,,,,,,1,
2023,41,410519,Oregon,1,1,0,0,0,3,3,67,WASHINGTON (67),0,NOT APPLICABLE,8,8,12,December,2023,6,Friday,21,9:00pm-9:59pm,8,8,0,This Section IS NOT on the NHS,1,Rural,4,Minor Arterial,2,County Highway Agency,4,County,CR-SW RIVER RD,,0,None,45.44083611,45.44083611,-122.950638890,-122.95063889,0,No Special Jurisdiction,34,Ditch,0,The First Harmful Event was Not a Collision with a Motor Vehicle in Transport,0,No,1,Non-Junction,1,Not an Intersection,0,None,,,4,On Roadside,2,Dark - Not Lighted,,,,,5,"Fog, Smog, Smoke",0,No,0000000,Not Applicable,21,9:00pm-9:59pm,8,8,21,9:00pm-9:59pm,23,23,22,10:00pm-10:59pm,10,10,,,,,,,1,
2023,41,410520,Oregon,1,1,0,1,1,1,1,33,JOSEPHINE (33),0,NOT APPLICABLE,9,9,12,December,2023,7,Saturday,17,5:00pm-5:59pm,50,50,1,This Section IS ON the NHS,1,Rural,1,Interstate,1,State Highway Agency,1,Interstate,I-5,,757,757,42.68609444,42.68609444,-123.390380560,-123.39038056,0,No Special Jurisdiction,8,Pedestrian,0,The First Harmful Event was Not a Collision with a Motor Vehicle in Transport,0,No,1,Non-Junction,1,Not an Intersection,0,None,,,1,On Roadway,2,Dark - Not Lighted,,,,,5,"Fog, Smog, Smoke",0,No,0000000,Not Applicable,17,5:00pm-5:59pm,54,54,18,6:00pm-6:59pm,15,15,88,"Not Applicable (Not Transported) ",88,Not Applicable (Not Transported),,,,,,,1,
2023,41,410521,Oregon,1,1,0,1,1,1,1,67,WASHINGTON (67),0,NOT APPLICABLE,5,5,12,December,2023,3,Tuesday,18,6:00pm-6:59pm,40,40,0,This Section IS NOT on the NHS,2,Urban,5,Major Collector,2,County Highway Agency,4,County,CR-NW ROCK CREEK BLVD,CR-NW TOKETEE DR,0,None,45.55925000,45.55925000,-122.893816670,-122.89381667,0,No Special Jurisdiction,8,Pedestrian,0,The First Harmful Event was Not a Collision with a Motor Vehicle in Transport,0,No,3,Intersection-Related,3,T-Intersection,0,None,,,1,On Roadway,2,Dark - Not Lighted,,,,,2,Rain,0,No,0000000,Not Applicable,18,6:00pm-6:59pm,40,40,18,6:00pm-6:59pm,48,48,88,"Not Applicable (Not Transported) ",88,Not Applicable (Not Transported),,,,,,,1,
2023,41,410522,Oregon,2,2,0,0,0,3,3,47,MARION (47),0,NOT APPLICABLE,9,9,12,December,2023,7,Saturday,23,11:00pm-11:59pm,51,51,0,This Section IS NOT on the NHS,2,Urban,4,Minor Arterial,1,State Highway Agency,3,State Highway,SR-99E ODOT 81,,410,410,45.04983333,45.04983333,-122.952569440,-122.95256944,0,No Special Jurisdiction,12,Motor Vehicle In-Transport,2,Front-to-Front,0,No,1,Non-Junction,1,Not an Intersection,0,None,,,1,On Roadway,2,Dark - Not Lighted,,,,,2,Rain,0,No,0000000,Not Applicable,23,11:00pm-11:59pm,51,51,0,0:00am-0:59am,2,2,99,Unknown,99,Unknown EMS Hospital Arrival Time,,,,,,,2,
2023,41,410523,Oregon,1,1,0,0,0,2,2,33,JOSEPHINE (33),0,NOT APPLICABLE,7,7,12,December,2023,5,Thursday,21,9:00pm-9:59pm,45,45,0,This Section IS NOT on the NHS,1,Rural,7,Local,2,County Highway Agency,4,County,CR-WHITE SCHOOLHOUSE RD,,0,None,42.14595556,42.14595556,-123.607566670,-123.60756667,0,No Special Jurisdiction,42,Tree (Standing Only),0,The First Harmful Event was Not a Collision with a Motor Vehicle in Transport,0,No,1,Non-Junction,1,Not an Intersection,0,None,,,4,On Roadside,6,Dark - Unknown Lighting,,,,,98,Not Reported,0,No,0000000,Not Applicable,21,9:00pm-9:59pm,52,52,21,9:00pm-9:59pm,53,53,99,Unknown,99,Unknown EMS Hospital Arrival Time,,,,,,,1,
2023,41,410524,Oregon,1,1,0,1,1,1,1,51,MULTNOMAH (51),880,GRESHAM,11,11,12,December,2023,2,Monday,18,6:00pm-6:59pm,23,23,1,This Section IS ON the NHS,2,Urban,3,Other Principal Arterial,4,City or Municipal Highway Agency,6,Municipal,MU-E BURNSIDE ST,MU-SE 181ST AVE,0,None,45.52211389,45.52211389,-122.476927780,-122.47692778,0,No Special Jurisdiction,8,Pedestrian,0,The First Harmful Event was Not a Collision with a Motor Vehicle in Transport,0,No,3,Intersection-Related,2,Four-Way Intersection,0,None,,,1,On Roadway,3,Dark - Lighted,,,,,1,Clear,0,No,0000000,Not Applicable,18,6:00pm-6:59pm,21,21,18,6:00pm-6:59pm,28,28,88,"Not Applicable (Not Transported) ",88,Not Applicable (Not Transported),,,,,,,1,
2023,41,410525,Oregon,1,1,0,0,0,1,1,39,LANE (39),0,NOT APPLICABLE,13,13,12,December,2023,4,Wednesday,1,1:00am-1:59am,0,0,1,This Section IS ON the NHS,1,Rural,3,Other Principal Arterial,1,State Highway Agency,3,State Highway,SR-126E ODOT 15,,347,347,44.10955833,44.10955833,-122.429466670,-122.42946667,0,No Special Jurisdiction,30,Utility Pole/Light Support,0,The First Harmful Event was Not a Collision with a Motor Vehicle in Transport,0,No,1,Non-Junction,1,Not an Intersection,0,None,,,4,On Roadside,2,Dark - Not Lighted,,,,,1,Clear,0,No,0000000,Not Applicable,1,1:00am-1:59am,40,40,1,1:00am-1:59am,55,55,88,"Not Applicable (Not Transported) ",88,Not Applicable (Not Transported),,,,,,,1,
2023,41,410526,Oregon,1,1,0,0,0,1,1,11,COOS (11),0,NOT APPLICABLE,9,9,12,December,2023,7,Saturday,9,9:00am-9:59am,29,29,1,This Section IS ON the NHS,1,Rural,3,Other Principal Arterial,1,State Highway Agency,2,U.S. Highway,US-101 ODOT 9,,2313,2313,43.46386944,43.46386944,-124.225830560,-124.22583056,0,No Special Jurisdiction,59,"Traffic Sign Support ",0,The First Harmful Event was Not a Collision with a Motor Vehicle in Transport,0,No,1,Non-Junction,1,Not an Intersection,0,None,,,4,On Roadside,1,Daylight,,,,,10,Cloudy,0,No,0000000,Not Applicable,9,9:00am-9:59am,29,29,9,9:00am-9:59am,41,41,10,10:00am-10:59am,14,14,,,,,,,1,
2023,41,410527,Oregon,2,2,0,0,0,5,5,71,YAMHILL (71),1260,MCMINNVILLE,9,9,12,December,2023,7,Saturday,16,4:00pm-4:59pm,28,28,1,This Section IS ON the NHS,2,Urban,3,Other Principal Arterial,1,State Highway Agency,3,State Highway,SR-99W ODOT 91,MU-NE LAFAYETTE RD,354,354,45.22921389,45.22921389,-123.170766670,-123.17076667,0,No Special Jurisdiction,12,Motor Vehicle In-Transport,6,Angle,0,No,2,Intersection,2,Four-Way Intersection,0,None,,,1,On Roadway,3,Dark - Lighted,,,,,2,Rain,0,No,0000000,Not Applicable,16,4:00pm-4:59pm,30,30,16,4:00pm-4:59pm,35,35,16,4:00pm-4:59pm,56,56,,,,,,,1,
2023,41,410528,Oregon,1,1,0,0,0,1,1,29,JACKSON (29),0,NOT APPLICABLE,12,12,12,December,2023,3,Tuesday,15,3:00pm-3:59pm,12,12,0,This Section IS NOT on the NHS,1,Rural,5,Major Collector,2,County Highway Agency,4,County,CR-BUTTE FALLS HWY,,143,143,42.55063611,42.55063611,-122.586155560,-122.58615556,0,No Special Jurisdiction,42,Tree (Standing Only),0,The First Harmful Event was Not a Collision with a Motor Vehicle in Transport,0,No,1,Non-Junction,1,Not an Intersection,0,None,,,4,On Roadside,1,Daylight,,,,,10,Cloudy,0,No,0000000,Not Applicable,15,3:00pm-3:59pm,14,14,99,Unknown EMS Scene Arrival Hour,99,Unknown EMS Scene Arrival Minutes,88,"Not Applicable (Not Transported) ",88,Not Applicable (Not Transported),,,,,,,1,
2023,41,410529,Oregon,2,2,0,0,0,3,3,17,DESCHUTES (17),0,NOT APPLICABLE,16,16,12,December,2023,7,Saturday,19,7:00pm-7:59pm,14,14,1,This Section IS ON the NHS,1,Rural,3,Other Principal Arterial,1,State Highway Agency,2,U.S. Highway,US-97 ODOT 4,,1278,1278,44.18988889,44.18988889,-121.237311110,-121.23731111,0,No Special Jurisdiction,12,Motor Vehicle In-Transport,2,Front-to-Front,0,No,1,Non-Junction,1,Not an Intersection,0,None,,,1,On Roadway,2,Dark - Not Lighted,,,,,1,Clear,0,No,0000000,Not Applicable,19,7:00pm-7:59pm,14,14,19,7:00pm-7:59pm,26,26,99,Unknown,99,Unknown EMS Hospital Arrival Time,,,,,,,2,
2023,41,410530,Oregon,1,1,0,1,1,2,2,17,DESCHUTES (17),1720,REDMOND,19,19,12,December,2023,3,Tuesday,0,0:00am-0:59am,19,19,1,This Section IS ON the NHS,2,Urban,3,Other Principal Arterial,1,State Highway Agency,2,U.S. Highway,US-97 ODOT 4,,1199,1199,44.29080556,44.29080556,-121.166902780,-121.16690278,0,No Special Jurisdiction,8,Pedestrian,0,The First Harmful Event was Not a Collision with a Motor Vehicle in Transport,0,No,1,Non-Junction,1,Not an Intersection,0,None,,,1,On Roadway,2,Dark - Not Lighted,,,,,2,Rain,0,No,0000000,Not Applicable,0,0:00am-0:59am,19,19,0,0:00am-0:59am,25,25,88,"Not Applicable (Not Transported) ",88,Not Applicable (Not Transported),,,,,,,1,
2023,41,410531,Oregon,2,2,0,0,0,3,3,45,MALHEUR (45),1530,NYSSA,19,19,12,December,2023,3,Tuesday,6,6:00am-6:59am,10,10,0,This Section IS NOT on the NHS,1,Rural,4,Minor Arterial,1,State Highway Agency,2,U.S. Highway,US-20 ODOT 7,,2667,2667,43.87695278,43.87695278,-116.983925000,-116.98392500,0,No Special Jurisdiction,12,Motor Vehicle In-Transport,8,Sideswipe - Opposite Direction,0,No,1,Non-Junction,1,Not an Intersection,0,None,,,1,On Roadway,2,Dark - Not Lighted,,,,,2,Rain,0,No,0000000,Not Applicable,6,6:00am-6:59am,58,58,6,6:00am-6:59am,59,59,99,Unknown,99,Unknown EMS Hospital Arrival Time,,,,,,,1,
2023,41,410532,Oregon,1,1,0,0,0,1,1,25,HARNEY (25),0,NOT APPLICABLE,19,19,12,December,2023,3,Tuesday,7,7:00am-7:59am,45,45,0,This Section IS NOT on the NHS,1,Rural,4,Minor Arterial,1,State Highway Agency,3,State Highway,SR-78 ODOT 442,,172,172,43.44443333,43.44443333,-118.794311110,-118.79431111,0,No Special Jurisdiction,35,Embankment,0,The First Harmful Event was Not a Collision with a Motor Vehicle in Transport,0,No,1,Non-Junction,1,Not an Intersection,0,None,,,4,On Roadside,1,Daylight,,,,,10,Cloudy,0,No,0000000,Not Applicable,7,7:00am-7:59am,45,45,8,8:00am-8:59am,11,11,99,Unknown,99,Unknown EMS Hospital Arrival Time,,,,,,,1,
2023,41,410533,Oregon,1,1,0,1,1,1,1,39,LANE (39),660,EUGENE,11,11,5,May,2023,5,Thursday,14,2:00pm-2:59pm,46,46,1,This Section IS ON the NHS,2,Urban,3,Other Principal Arterial,4,City or Municipal Highway Agency,6,Municipal,MU-W SIXTH AVE,MU-GARFIELD ST,0,None,44.05346111,44.05346111,-123.122836110,-123.12283611,0,No Special Jurisdiction,9,Pedalcyclist,0,The First Harmful Event was Not a Collision with a Motor Vehicle in Transport,0,No,3,Intersection-Related,2,Four-Way Intersection,0,None,,,1,On Roadway,1,Daylight,,,,,1,Clear,0,No,0000000,Not Applicable,14,2:00pm-2:59pm,47,47,14,2:00pm-2:59pm,56,56,14,2:00pm-2:59pm,59,59,,,,,,,1,
2023,41,410534,Oregon,1,1,0,0,0,3,3,59,UMATILLA (59),990,HERMISTON,16,16,10,October,2023,2,Monday,0,0:00am-0:59am,45,45,0,This Section IS NOT on the NHS,2,Urban,5,Major Collector,4,City or Municipal Highway Agency,6,Municipal,MU-E DIAGONAL BLVD,,0,None,45.84058889,45.84058889,-119.279313890,-119.27931389,0,No Special Jurisdiction,42,Tree (Standing Only),0,The First Harmful Event was Not a Collision with a Motor Vehicle in Transport,0,No,1,Non-Junction,1,Not an Intersection,0,None,,,4,On Roadside,2,Dark - Not Lighted,,,,,1,Clear,0,No,0000000,Not Applicable,0,0:00am-0:59am,46,46,0,0:00am-0:59am,50,50,1,1:00am-1:59am,20,20,,,,,,,1,
2023,41,410535,Oregon,1,1,0,1,1,1,1,9,COLUMBIA (9),0,NOT APPLICABLE,31,31,10,October,2023,3,Tuesday,23,11:00pm-11:59pm,55,55,0,This Section IS NOT on the NHS,2,Urban,4,Minor Arterial,2,County Highway Agency,4,County,CR-SCAPPOOSE VERONIA HWY,,63,63,45.76974444,45.76974444,-122.888113890,-122.88811389,0,No Special Jurisdiction,8,Pedestrian,0,The First Harmful Event was Not a Collision with a Motor Vehicle in Transport,0,No,1,Non-Junction,1,Not an Intersection,0,None,,,1,On Roadway,2,Dark - Not Lighted,,,,,1,Clear,0,No,0000000,Not Applicable,23,11:00pm-11:59pm,56,56,0,0:00am-0:59am,1,1,88,"Not Applicable (Not Transported) ",88,Not Applicable (Not Transported),,,,,,,1,
2023,41,410536,Oregon,1,1,0,0,0,1,1,37,LAKE (37),0,NOT APPLICABLE,4,4,11,November,2023,7,Saturday,17,5:00pm-5:59pm,44,44,0,This Section IS NOT on the NHS,1,Rural,5,Major Collector,2,County Highway Agency,4,County,CR-WEST SIDE RD,,44,44,42.13528611,42.13528611,-120.455525000,-120.45552500,0,No Special Jurisdiction,1,Rollover/Overturn,0,The First Harmful Event was Not a Collision with a Motor Vehicle in Transport,0,No,1,Non-Junction,1,Not an Intersection,0,None,,,4,On Roadside,1,Daylight,,,,,1,Clear,0,No,0000000,Not Applicable,99,Unknown,99,Unknown,99,Unknown EMS Scene Arrival Hour,99,Unknown EMS Scene Arrival Minutes,88,"Not Applicable (Not Transported) ",88,Not Applicable (Not Transported),,,,,,,1,
2023,41,410537,Oregon,1,1,0,0,0,2,2,65,WASCO (65),0,NOT APPLICABLE,22,22,11,November,2023,4,Wednesday,8,8:00am-8:59am,14,14,0,This Section IS NOT on the NHS,1,Rural,5,Major Collector,2,County Highway Agency,4,County,CR-DUFUR VALLEY RD,,47,47,45.43086389,45.43086389,-121.224850000,-121.22485000,0,No Special Jurisdiction,16,Thrown or Falling Object,0,The First Harmful Event was Not a Collision with a Motor Vehicle in Transport,0,No,1,Non-Junction,1,Not an Intersection,0,None,,,1,On Roadway,1,Daylight,,,,,1,Clear,0,No,0000000,Not Applicable,99,Unknown,99,Unknown,99,Unknown EMS Scene Arrival Hour,99,Unknown EMS Scene Arrival Minutes,99,Unknown,99,Unknown EMS Hospital Arrival Time,,,,,,,1,
2023,41,410538,Oregon,1,1,0,0,0,1,1,67,WASHINGTON (67),0,NOT APPLICABLE,18,18,12,December,2023,2,Monday,1,1:00am-1:59am,15,15,0,This Section IS NOT on the NHS,2,Urban,4,Minor Arterial,2,County Highway Agency,4,County,CR-SW FARMINGTON RD,,0,None,45.46754167,45.46754167,-122.891030560,-122.89103056,0,No Special Jurisdiction,25,Concrete Traffic Barrier,0,The First Harmful Event was Not a Collision with a Motor Vehicle in Transport,0,No,1,Non-Junction,1,Not an Intersection,0,None,,,3,On Median,3,Dark - Lighted,,,,,10,Cloudy,0,No,0000000,Not Applicable,1,1:00am-1:59am,17,17,1,1:00am-1:59am,25,25,88,"Not Applicable (Not Transported) ",88,Not Applicable (Not Transported),,,,,,,1,
2023,41,410539,Oregon,2,2,0,0,0,5,5,7,CLATSOP (7),80,ASTORIA,20,20,12,December,2023,4,Wednesday,11,11:00am-11:59am,13,13,1,This Section IS ON the NHS,2,Urban,3,Other Principal Arterial,1,State Highway Agency,2,U.S. Highway,US-101 ODOT 9,,33,33,46.18856111,46.18856111,-123.849058330,-123.84905833,0,No Special Jurisdiction,12,Motor Vehicle In-Transport,2,Front-to-Front,0,No,1,Non-Junction,1,Not an Intersection,0,None,,,1,On Roadway,1,Daylight,,,,,5,"Fog, Smog, Smoke",0,No,0000000,Not Applicable,11,11:00am-11:59am,16,16,11,11:00am-11:59am,27,27,99,Unknown,99,Unknown EMS Hospital Arrival Time,,,,,,,1,
2023,41,410540,Oregon,1,1,0,1,1,1,1,51,MULTNOMAH (51),880,GRESHAM,24,24,11,November,2023,6,Friday,18,6:00pm-6:59pm,4,4,0,This Section IS NOT on the NHS,2,Urban,4,Minor Arterial,4,City or Municipal Highway Agency,6,Municipal,MU-SE STARK ST,,0,None,45.51919444,45.51919444,-122.465138890,-122.46513889,0,No Special Jurisdiction,8,Pedestrian,0,The First Harmful Event was Not a Collision with a Motor Vehicle in Transport,0,No,1,Non-Junction,1,Not an Intersection,0,None,,,1,On Roadway,3,Dark - Lighted,,,,,1,Clear,0,No,0000000,Not Applicable,18,6:00pm-6:59pm,4,4,18,6:00pm-6:59pm,11,11,18,6:00pm-6:59pm,42,42,,,,,,,1,
2023,41,410541,Oregon,1,1,0,0,0,2,2,51,MULTNOMAH (51),1650,PORTLAND,24,24,12,December,2023,1,Sunday,1,1:00am-1:59am,1,1,1,This Section IS ON the NHS,2,Urban,3,Other Principal Arterial,4,City or Municipal Highway Agency,6,Municipal,MU-N COLUMBIA BLVD,MU-N OREGONIAN AVE,0,None,45.59528889,45.59528889,-122.732541670,-122.73254167,0,No Special Jurisdiction,30,Utility Pole/Light Support,0,The First Harmful Event was Not a Collision with a Motor Vehicle in Transport,0,No,3,Intersection-Related,2,Four-Way Intersection,0,None,,,4,On Roadside,3,Dark - Lighted,,,,,1,Clear,0,No,0000000,Not Applicable,99,Unknown,99,Unknown,99,Unknown EMS Scene Arrival Hour,99,Unknown EMS Scene Arrival Minutes,88,"Not Applicable (Not Transported) ",88,Not Applicable (Not Transported),,,,,,,1,