caseyear,state,st_case,statename,ve_total,ve_forms,pvh_invl,peds,pernotmvit,permvit,persons,county,countyname,city,cityname,day,dayname,month,monthname,year,day_week,day_weekname,hour,hourname,minute,minutename,nhs,nhsname,rur_urb,rur_urbname,func_sys,func_sysname,rd_owner,rd_ownername,route,routename,tway_id,tway_id2,milept,mileptname,latitude,latitudename,longitud,longitudname,sp_jur,sp_jurname,harm_ev,harm_evname,man_coll,man_collname,reljct1,reljct1name,reljct2,reljct2name,typ_int,typ_intname,wrk_zone,wrk_zonename,road_fnc,road_fncname,rel_road,rel_roadname,lgt_cond,lgt_condname,weather1,weather1name,weather2,weather2name,weather,weathername,sch_bus,sch_busname,rail,railname,not_hour,not_hourname,not_min,not_minname,arr_hour,arr_hourname,arr_min,arr_minname,hosp_hr,hosp_hrname,hosp_mn,hosp_mnname,cf1,cf1name,cf2,cf2name,cf3,cf3name,fatals,drunk_dr
2023,41,410542,Oregon,1,1,0,0,0,4,4,59,UMATILLA (59),2120,UMATILLA,24,24,12,December,2023,1,Sunday,6,6:00am-6:59am,37,37,1,This Section IS ON the NHS,2,Urban,1,Interstate,1,State Highway Agency,1,Interstate,I-82 ODOT 70,,9,9,45.91905833,45.91905833,-119.321269440,-119.32126944,0,No Special Jurisdiction,1,Rollover/Overturn,0,The First Harmful Event was Not a Collision with a Motor Vehicle in Transport,0,No,1,Non-Junction,1,Not an Intersection,0,None,,,3,On Median,2,Dark - Not Lighted,,,,,1,Clear,0,No,0000000,Not Applicable,6,6:00am-6:59am,37,37,6,6:00am-6:59am,43,43,99,Unknown,99,Unknown EMS Hospital Arrival Time,,,,,,,1,
2023,41,410543,Oregon,1,1,0,1,1,1,1,51,MULTNOMAH (51),1650,PORTLAND,25,25,12,December,2023,2,Monday,0,0:00am-0:59am,19,19,0,This Section IS NOT on the NHS,2,Urban,4,Minor Arterial,4,City or Municipal Highway Agency,6,Municipal,MU-SE STARK ST,MU-SE 106TH AVE,0,None,45.51903333,45.51903333,-122.553944440,-122.55394444,0,No Special Jurisdiction,9,Pedalcyclist,0,The First Harmful Event was Not a Collision with a Motor Vehicle in Transport,0,No,3,Intersection-Related,2,Four-Way Intersection,0,None,,,1,On Roadway,3,Dark - Lighted,,,,,2,Rain,0,No,0000000,Not Applicable,0,0:00am-0:59am,19,19,0,0:00am-0:59am,32,32,0,0:00am-0:59am,45,45,,,,,,,1,
2023,41,410544,Oregon,1,1,0,0,0,1,1,51,MULTNOMAH (51),1650,PORTLAND,25,25,12,December,2023,2,Monday,12,12:00pm-12:59pm,59,59,1,This Section IS ON the NHS,2,Urban,3,Other Principal Arterial,1,State Highway Agency,3,State Highway,SR-99W ODOT 91,MU-SW TAYLORS FERRY RD,60,60,45.45451944,45.45451944,-122.718561110,-122.71856111,0,No Special Jurisdiction,42,Tree (Standing Only),0,The First Harmful Event was Not a Collision with a Motor Vehicle in Transport,0,No,3,Intersection-Related,2,Four-Way Intersection,0,None,,,4,On Roadside,1,Daylight,,,,,2,Rain,0,No,0000000,Not Applicable,12,12:00pm-12:59pm,59,59,13,1:00pm-1:59pm,8,8,13,1:00pm-1:59pm,28,28,,,,,,,1,
2023,41,410545,Oregon,3,2,1,0,0,6,6,51,MULTNOMAH (51),1650,PORTLAND,25,25,12,December,2023,2,Monday,17,5:00pm-5:59pm,1,1,0,This Section IS NOT on the NHS,2,Urban,4,Minor Arterial,4,City or Municipal Highway Agency,6,Municipal,MU-SE 122ND AVE,,0,None,45.49667500,45.49667500,-122.537716670,-122.53771667,0,No Special Jurisdiction,12,Motor Vehicle In-Transport,6,Angle,0,No,8,Driveway Access Related,1,Not an Intersection,0,None,,,1,On Roadway,3,Dark - Lighted,,,,,2,Rain,0,No,0000000,Not Applicable,17,5:00pm-5:59pm,2,2,17,5:00pm-5:59pm,12,12,17,5:00pm-5:59pm,45,45,,,,,,,1,
2023,41,410546,Oregon,2,2,0,1,1,2,2,51,MULTNOMAH (51),1650,PORTLAND,26,26,12,December,2023,3,Tuesday,17,5:00pm-5:59pm,10,10,0,This Section IS NOT on the NHS,2,Urban,4,Minor Arterial,4,City or Municipal Highway Agency,6,Municipal,MU-SE 122ND AVE,,0,None,45.51269722,45.51269722,-122.537688890,-122.53768889,0,No Special Jurisdiction,8,Pedestrian,0,The First Harmful Event was Not a Collision with a Motor Vehicle in Transport,0,No,1,Non-Junction,1,Not an Intersection,0,None,,,1,On Roadway,3,Dark - Lighted,,,,,10,Cloudy,0,No,0000000,Not Applicable,99,Unknown,99,Unknown,99,Unknown EMS Scene Arrival Hour,99,Unknown EMS Scene Arrival Minutes,88,"Not Applicable (Not Transported) ",88,Not Applicable (Not Transported),,,,,,,1,
2023,41,410547,Oregon,1,1,0,1,1,2,2,7,CLATSOP (7),80,ASTORIA,29,29,12,December,2023,6,Friday,11,11:00am-11:59am,49,49,1,This Section IS ON the NHS,2,Urban,3,Other Principal Arterial,1,State Highway Agency,2,U.S. Highway,US-30 ODOT 92,MU-17TH ST,978,978,46.18918889,46.18918889,-123.824341670,-123.82434167,0,No Special Jurisdiction,8,Pedestrian,0,The First Harmful Event was Not a Collision with a Motor Vehicle in Transport,0,No,3,Intersection-Related,2,Four-Way Intersection,0,None,,,1,On Roadway,1,Daylight,,,,,1,Clear,0,No,0000000,Not Applicable,11,11:00am-11:59am,49,49,11,11:00am-11:59am,52,52,88,"Not Applicable (Not Transported) ",88,Not Applicable (Not Transported),,,,,,,1,
2023,41,410548,Oregon,1,1,0,1,1,1,1,51,MULTNOMAH (51),880,GRESHAM,29,29,12,December,2023,6,Friday,17,5:00pm-5:59pm,18,18,1,This Section IS ON the NHS,2,Urban,3,Other Principal Arterial,4,City or Municipal Highway Agency,6,Municipal,MU-SE 182ND AVE,,0,None,45.50832222,45.50832222,-122.475747220,-122.47574722,0,No Special Jurisdiction,8,Pedestrian,0,The First Harmful Event was Not a Collision with a Motor Vehicle in Transport,0,No,1,Non-Junction,1,Not an Intersection,0,None,,,1,On Roadway,3,Dark - Lighted,,,,,2,Rain,0,No,0000000,Not Applicable,17,5:00pm-5:59pm,18,18,17,5:00pm-5:59pm,24,24,88,"Not Applicable (Not Transported) ",88,Not Applicable (Not Transported),,,,,,,1,
2023,41,410549,Oregon,3,3,0,0,0,5,5,5,CLACKAMAS (5),1360,MILWAUKIE,30,30,12,December,2023,7,Saturday,19,7:00pm-7:59pm,48,48,1,This Section IS ON the NHS,2,Urban,2,Other Freeways and Expressways,1,State Highway Agency,3,State Highway,SR-224 ODOT 171,SE FREEMAN WY,18,18,45.43413889,45.43413889,-122.615800000,-122.61580000,0,No Special Jurisdiction,12,Motor Vehicle In-Transport,6,Angle,0,No,2,Intersection,2,Four-Way Intersection,0,None,,,1,On Roadway,3,Dark - Lighted,,,,,1,Clear,0,No,0000000,Not Applicable,18,6:00pm-6:59pm,48,48,18,6:00pm-6:59pm,51,51,99,Unknown,99,Unknown EMS Hospital Arrival Time,,,,,,,2,
2023,41,410550,Oregon,2,2,0,0,0,3,3,51,MULTNOMAH (51),1650,PORTLAND,31,31,12,December,2023,1,Sunday,14,2:00pm-2:59pm,48,48,0,This Section IS NOT on the NHS,2,Urban,4,Minor Arterial,4,City or Municipal Highway Agency,6,Municipal,MU-SE 122ND AVE,,0,None,45.51951389,45.51951389,-122.537744440,-122.53774444,0,No Special Jurisdiction,12,Motor Vehicle In-Transport,6,Angle,8,Not Reported,8,Driveway Access Related,1,Not an Intersection,0,None,,,1,On Roadway,1,Daylight,,,,,1,Clear,0,No,0000000,Not Applicable,99,Unknown,99,Unknown,99,Unknown EMS Scene Arrival Hour,99,Unknown EMS Scene Arrival Minutes,99,Unknown,99,Unknown EMS Hospital Arrival Time,,,,,,,1,
2023,41,410551,Oregon,1,1,0,1,1,1,1,51,MULTNOMAH (51),1650,PORTLAND,25,25,12,December,2023,2,Monday,17,5:00pm-5:59pm,3,3,0,This Section IS NOT on the NHS,2,Urban,4,Minor Arterial,4,City or Municipal Highway Agency,6,Municipal,MU-SE 122ND AVE,MU-SE ASH ST,0,None,45.52131667,45.52131667,-122.537744440,-122.53774444,0,No Special Jurisdiction,8,Pedestrian,0,The First Harmful Event was Not a Collision with a Motor Vehicle in Transport,0,No,3,Intersection-Related,2,Four-Way Intersection,0,None,,,1,On Roadway,3,Dark - Lighted,,,,,2,Rain,0,No,0000000,Not Applicable,17,5:00pm-5:59pm,3,3,17,5:00pm-5:59pm,7,7,17,5:00pm-5:59pm,38,38,,,,,,,1,
2023,41,410552,Oregon,1,1,0,1,1,1,1,51,MULTNOMAH (51),1650,PORTLAND,4,4,12,December,2023,2,Monday,2,2:00am-2:59am,30,30,1,This Section IS ON the NHS,2,Urban,1,Interstate,1,State Highway Agency,1,Interstate,I-84 RAMP,,0,None,45.52829167,45.52829167,-122.665477780,-122.66547778,0,No Special Jurisdiction,8,Pedestrian,0,The First Harmful Event was Not a Collision with a Motor Vehicle in Transport,1,Yes,20,Entrance/Exit Ramp,1,Not an Intersection,0,None,,,1,On Roadway,3,Dark - Lighted,,,,,2,Rain,0,No,0000000,Not Applicable,2,2:00am-2:59am,30,30,2,2:00am-2:59am,37,37,3,3:00am-3:59am,6,6,,,,,,,1,
2023,41,410553,Oregon,2,2,0,0,0,3,3,67,WASHINGTON (67),0,NOT APPLICABLE,20,20,12,December,2023,4,Wednesday,20,8:00pm-8:59pm,51,51,0,This Section IS NOT on the NHS,2,Urban,4,Minor Arterial,2,County Highway Agency,4,County,CR-NW 185TH AVE,CR-NW ADRIAN ST,0,None,45.55329167,45.55329167,-122.867694440,-122.86769444,0,No Special Jurisdiction,12,Motor Vehicle In-Transport,6,Angle,0,No,2,Intersection,3,T-Intersection,0,None,,,1,On Roadway,3,Dark - Lighted,,,,,5,"Fog, Smog, Smoke",0,No,0000000,Not Applicable,22,10:00pm-10:59pm,51,51,23,11:00pm-11:59pm,2,2,23,11:00pm-11:59pm,36,36,,,,,,,1,
2023,41,410554,Oregon,1,1,0,0,0,1,1,49,MORROW (49),0,NOT APPLICABLE,23,23,10,October,2023,2,Monday,0,0:00am-0:59am,30,30,1,This Section IS ON the NHS,1,Rural,3,Other Principal Arterial,1,State Highway Agency,2,U.S. Highway,US-730 ODOT 2,,1736,1736,45.88229722,45.88229722,-119.528694440,-119.52869444,0,No Special Jurisdiction,1,Rollover/Overturn,0,The First Harmful Event was Not a Collision with a Motor Vehicle in Transport,0,No,1,Non-Junction,1,Not an Intersection,0,None,,,1,On Roadway,2,Dark - Not Lighted,,,,,1,Clear,0,No,0000000,Not Applicable,0,0:00am-0:59am,34,34,0,0:00am-0:59am,37,37,99,Unknown,99,Unknown EMS Hospital Arrival Time,,,,,,,1,
2023,41,410555,Oregon,1,1,0,1,1,5,5,35,KLAMATH (35),1170,KLAMATH FALLS,22,22,11,November,2023,4,Wednesday,18,6:00pm-6:59pm,15,15,0,This Section IS NOT on the NHS,2,Urban,4,Minor Arterial,4,City or Municipal Highway Agency,6,Municipal,MU-WASHBURN WY,,0,None,42.21001944,42.21001944,-121.757097220,-121.75709722,0,No Special Jurisdiction,8,Pedestrian,0,The First Harmful Event was Not a Collision with a Motor Vehicle in Transport,0,No,1,Non-Junction,1,Not an Intersection,0,None,,,1,On Roadway,3,Dark - Lighted,,,,,2,Rain,0,No,0000000,Not Applicable,18,6:00pm-6:59pm,15,15,18,6:00pm-6:59pm,18,18,88,"Not Applicable (Not Transported) ",88,Not Applicable (Not Transported),,,,,,,1,
2023,41,410556,Oregon,1,1,0,0,0,3,3,19,DOUGLAS (19),1780,ROSEBURG,5,5,11,November,2023,1,Sunday,18,6:00pm-6:59pm,16,16,0,This Section IS NOT on the NHS,2,Urban,4,Minor Arterial,4,City or Municipal Highway Agency,6,Municipal,MU-STEWART PARK DR,MU-HARVARD AVE,0,None,43.21404444,43.21404444,-123.365555560,-123.36555556,0,No Special Jurisdiction,6,Injured In Vehicle (Non-Collision),0,The First Harmful Event was Not a Collision with a Motor Vehicle in Transport,0,No,3,Intersection-Related,3,T-Intersection,0,None,,,1,On Roadway,1,Daylight,,,,,10,Cloudy,0,No,0000000,Not Applicable,18,6:00pm-6:59pm,16,16,18,6:00pm-6:59pm,17,17,18,6:00pm-6:59pm,49,49,,,,,,,1,
2023,41,410557,Oregon,1,1,0,0,0,1,1,71,YAMHILL (71),0,NOT APPLICABLE,26,26,12,December,2023,3,Tuesday,17,5:00pm-5:59pm,7,7,0,This Section IS NOT on the NHS,1,Rural,5,Major Collector,2,County Highway Agency,4,County,CR-NE NORTH VALLEY RD,,24,24,45.32927222,45.32927222,-123.031361110,-123.03136111,0,No Special Jurisdiction,42,Tree (Standing Only),0,The First Harmful Event was Not a Collision with a Motor Vehicle in Transport,0,No,1,Non-Junction,1,Not an Intersection,0,None,,,4,On Roadside,8,Not Reported,,,,,98,Not Reported,0,No,0000000,Not Applicable,99,Unknown,99,Unknown,99,Unknown EMS Scene Arrival Hour,99,Unknown EMS Scene Arrival Minutes,88,"Not Applicable (Not Transported) ",88,Not Applicable (Not Transported),,,,,,,1,
2023,41,410558,Oregon,2,2,0,0,0,3,3,35,KLAMATH (35),0,NOT APPLICABLE,24,24,12,December,2023,1,Sunday,16,4:00pm-4:59pm,5,5,0,This Section IS NOT on the NHS,2,Urban,5,Major Collector,2,County Highway Agency,4,County,CR-SUMMERS LN,CR-ANDERSON AVE,5,5,42.18104722,42.18104722,-121.737650000,-121.73765000,0,No Special Jurisdiction,12,Motor Vehicle In-Transport,6,Angle,0,No,2,Intersection,2,Four-Way Intersection,0,None,,,1,On Roadway,1,Daylight,,,,,1,Clear,0,No,0000000,Not Applicable,16,4:00pm-4:59pm,5,5,16,4:00pm-4:59pm,26,26,16,4:00pm-4:59pm,43,43,,,,,,,1,
2023,41,410559,Oregon,3,3,0,0,0,9,9,59,UMATILLA (59),0,NOT APPLICABLE,25,25,12,December,2023,2,Monday,17,5:00pm-5:59pm,3,3,0,This Section IS NOT on the NHS,1,Rural,5,Major Collector,2,County Highway Agency,4,County,CR-UMATILLA RIVER RD,,28,28,45.86506389,45.86506389,-119.314363890,-119.31436389,0,No Special Jurisdiction,12,Motor Vehicle In-Transport,2,Front-to-Front,0,No,1,Non-Junction,1,Not an Intersection,0,None,,,1,On Roadway,2,Dark - Not Lighted,,,,,2,Rain,0,No,0000000,Not Applicable,17,5:00pm-5:59pm,4,4,17,5:00pm-5:59pm,9,9,17,5:00pm-5:59pm,32,32,,,,,,,1,
2023,41,410560,Oregon,2,2,0,0,0,2,2,35,KLAMATH (35),0,NOT APPLICABLE,26,26,12,December,2023,3,Tuesday,4,4:00am-4:59am,5,5,0,This Section IS NOT on the NHS,1,Rural,5,Major Collector,2,County Highway Agency,4,County,CR-SPRAGUE RIVER RD,,313,313,42.60194722,42.60194722,-121.814005560,-121.81400556,0,No Special Jurisdiction,12,Motor Vehicle In-Transport,2,Front-to-Front,0,No,1,Non-Junction,1,Not an Intersection,0,None,,,1,On Roadway,2,Dark - Not Lighted,,,,,5,"Fog, Smog, Smoke",0,No,0000000,Not Applicable,4,4:00am-4:59am,5,5,4,4:00am-4:59am,23,23,5,5:00am-5:59am,19,19,,,,,,,1,
2023,41,410561,Oregon,2,2,0,0,0,2,2,3,BENTON (3),0,NOT APPLICABLE,27,27,12,December,2023,4,Wednesday,21,9:00pm-9:59pm,15,15,1,This Section IS ON the NHS,2,Urban,3,Other Principal Arterial,1,State Highway Agency,3,State Highway,SR-99W ODOT 91,CR-NE ELLIOTT CIR,797,797,44.61695000,44.61695000,-123.244011110,-123.24401111,0,No Special Jurisdiction,12,Motor Vehicle In-Transport,6,Angle,0,No,2,Intersection,3,T-Intersection,0,None,,,1,On Roadway,3,Dark - Lighted,,,,,2,Rain,0,No,0000000,Not Applicable,21,9:00pm-9:59pm,15,15,21,9:00pm-9:59pm,22,22,21,9:00pm-9:59pm,52,52,,,,,,,1,
2023,41,410562,Oregon,2,2,0,0,0,2,2,9,COLUMBIA (9),0,NOT APPLICABLE,21,21,8,August,2023,2,Monday,16,4:00pm-4:59pm,34,34,1,This Section IS ON the NHS,1,Rural,3,Other Principal Arterial,1,State Highway Agency,2,U.S. Highway,US-30 ODOT 92,,636,636,46.12141111,46.12141111,-123.240322220,-123.24032222,0,No Special Jurisdiction,12,Motor Vehicle In-Transport,2,Front-to-Front,0,No,1,Non-Junction,1,Not an Intersection,1,Construction,,,1,On Roadway,1,Daylight,,,,,1,Clear,0,No,0000000,Not Applicable,16,4:00pm-4:59pm,34,34,16,4:00pm-4:59pm,39,39,99,Unknown,99,Unknown EMS Hospital Arrival Time,,,,,,,1,
2023,41,410564,Oregon,1,1,0,0,0,1,1,17,DESCHUTES (17),190,BEND,11,11,8,August,2023,6,Friday,22,10:00pm-10:59pm,29,29,0,This Section IS NOT on the NHS,2,Urban,5,Major Collector,4,City or Municipal Highway Agency,6,Municipal,MU-BROSTERHOUS RD,,0,None,44.02974444,44.02974444,-121.301183330,-121.30118333,0,No Special Jurisdiction,99,Reported as Unknown,99,Reported as Unknown,0,No,99,Reported as Unknown,99,Reported as Unknown,0,None,,,99,Reported as Unknown,3,Dark - Lighted,,,,,1,Clear,0,No,0000000,Not Applicable,99,Unknown,99,Unknown,99,Unknown EMS Scene Arrival Hour,99,Unknown EMS Scene Arrival Minutes,99,Unknown,99,Unknown EMS Hospital Arrival Time,,,,,,,1,
2023,41,410565,Oregon,1,1,0,1,1,1,1,5,CLACKAMAS (5),260,CANBY,9,9,9,September,2023,7,Saturday,20,8:00pm-8:59pm,53,53,0,This Section IS NOT on the NHS,2,Urban,3,Other Principal Arterial,1,State Highway Agency,3,State Highway,SR-99E ODOT 81,,210,210,45.26270278,45.26270278,-122.691088890,-122.69108889,0,No Special Jurisdiction,8,Pedestrian,0,The First Harmful Event was Not a Collision with a Motor Vehicle in Transport,0,No,1,Non-Junction,1,Not an Intersection,0,None,,,1,On Roadway,3,Dark - Lighted,,,,,1,Clear,0,No,0000000,Not Applicable,20,8:00pm-8:59pm,55,55,20,8:00pm-8:59pm,59,59,21,9:00pm-9:59pm,32,32,,,,,,,1,
2023,41,410566,Oregon,1,1,0,0,0,2,2,35,KLAMATH (35),0,NOT APPLICABLE,13,13,10,October,2023,6,Friday,16,4:00pm-4:59pm,29,29,0,This Section IS NOT on the NHS,1,Rural,7,Local,2,County Highway Agency,4,County,CR-TEAL DR,,24,24,42.27643889,42.27643889,-121.404419440,-121.40441944,0,No Special Jurisdiction,1,Rollover/Overturn,0,The First Harmful Event was Not a Collision with a Motor Vehicle in Transport,0,No,1,Non-Junction,1,Not an Intersection,0,None,,,4,On Roadside,1,Daylight,,,,,10,Cloudy,0,No,0000000,Not Applicable,99,Unknown,99,Unknown,99,Unknown EMS Scene Arrival Hour,99,Unknown EMS Scene Arrival Minutes,99,Unknown,99,Unknown EMS Hospital Arrival Time,,,,,,,1,
2023,41,410568,Oregon,1,1,0,1,1,1,1,25,HARNEY (25),240,BURNS,28,28,10,October,2023,7,Saturday,99,Unknown Hours,99,Unknown Minutes,0,This Section IS NOT on the NHS,1,Rural,7,Local,4,City or Municipal Highway Agency,6,Municipal,MU-HINES BLVD,MU-N SAGINAW AVE,0,None,43.57788333,43.57788333,-119.075583330,-119.07558333,0,No Special Jurisdiction,9,Pedalcyclist,0,The First Harmful Event was Not a Collision with a Motor Vehicle in Transport,0,No,3,Intersection-Related,98,Not Reported,0,None,,,98,Not Reported,8,Not Reported,,,,,98,Not Reported,0,No,0000000,Not Applicable,99,Unknown,99,Unknown,99,Unknown EMS Scene Arrival Hour,99,Unknown EMS Scene Arrival Minutes,88,"Not Applicable (Not Transported) ",88,Not Applicable (Not Transported),,,,,,,1,
2023,41,410569,Oregon,1,1,0,0,0,1,1,65,WASCO (65),0,NOT APPLICABLE,6,6,11,November,2023,2,Monday,18,6:00pm-6:59pm,59,59,0,This Section IS NOT on the NHS,1,Rural,5,Major Collector,64,U.S. Forest Service,4,County,CR-USFS 48 RD,,0,None,45.19220278,45.19220278,-121.461941670,-121.46194167,0,No Special Jurisdiction,1,Rollover/Overturn,0,The First Harmful Event was Not a Collision with a Motor Vehicle in Transport,0,No,1,Non-Junction,1,Not an Intersection,0,None,,,1,On Roadway,8,Not Reported,,,,,98,Not Reported,0,No,0000000,Not Applicable,99,Unknown,99,Unknown,99,Unknown EMS Scene Arrival Hour,99,Unknown EMS Scene Arrival Minutes,88,"Not Applicable (Not Transported) ",88,Not Applicable (Not Transported),,,,,,,1,
2023,41,410570,Oregon,1,1,0,0,0,1,1,35,KLAMATH (35),1170,KLAMATH FALLS,14,14,11,November,2023,3,Tuesday,13,1:00pm-1:59pm,50,50,0,This Section IS NOT on the NHS,2,Urban,7,Local,4,City or Municipal Highway Agency,6,Municipal,MU-QUARRY ST,,0,None,42.25206944,42.25206944,-121.797272220,-121.79727222,0,No Special Jurisdiction,99,Reported as Unknown,98,Not Reported,0,No,98,Not Reported,1,Not an Intersection,0,None,,,98,Not Reported,1,Daylight,,,,,98,Not Reported,0,No,0000000,Not Applicable,13,1:00pm-1:59pm,50,50,13,1:00pm-1:59pm,52,52,14,2:00pm-2:59pm,7,7,,,,,,,1,
2023,41,410571,Oregon,1,1,0,0,0,1,1,7,CLATSOP (7),0,NOT APPLICABLE,1,1,12,December,2023,6,Friday,99,Unknown Hours,99,Unknown Minutes,0,This Section IS NOT on the NHS,1,Rural,5,Major Collector,2,County Highway Agency,4,County,CR-LOWER NEHALEM RD,,80,80,45.79517500,45.79517500,-123.646000000,-123.64600000,0,No Special Jurisdiction,3,Immersion or Partial Immersion,0,The First Harmful Event was Not a Collision with a Motor Vehicle in Transport,0,No,1,Non-Junction,1,Not an Intersection,0,None,,,4,On Roadside,8,Not Reported,,,,,98,Not Reported,0,No,0000000,Not Applicable,88,Not Applicable (Not Notified),88,Not Applicable (Not Notified),88,Not Applicable,88,Not Applicable,88,"Not Applicable (Not Transported) ",88,Not Applicable (Not Transported),,,,,,,1,
2023,41,410572,Oregon,1,1,0,0,0,1,1,71,YAMHILL (71),0,NOT APPLICABLE,2,2,12,December,2023,7,Saturday,14,2:00pm-2:59pm,29,29,1,This Section IS ON the NHS,2,Urban,3,Other Principal Arterial,1,State Highway Agency,3,State Highway,SR-99 ODOT 91,,254,254,45.28441389,45.28441389,-123.005316670,-123.00531667,0,No Special Jurisdiction,42,Tree (Standing Only),0,The First Harmful Event was Not a Collision with a Motor Vehicle in Transport,0,No,1,Non-Junction,1,Not an Intersection,0,None,,,4,On Roadside,1,Daylight,,,,,10,Cloudy,0,No,0000000,Not Applicable,14,2:00pm-2:59pm,34,34,14,2:00pm-2:59pm,34,34,99,Unknown,99,Unknown EMS Hospital Arrival Time,,,,,,,1,
2023,41,410573,Oregon,2,2,0,1,1,3,3,59,UMATILLA (59),0,NOT APPLICABLE,8,8,12,December,2023,6,Friday,20,8:00pm-8:59pm,18,18,1,This Section IS ON the NHS,2,Urban,3,Other Principal Arterial,1,State Highway Agency,2,U.S. Highway,US-395 ODOT 54,,34,34,45.87005556,45.87005556,-119.292763890,-119.29276389,0,No Special Jurisdiction,8,Pedestrian,0,The First Harmful Event was Not a Collision with a Motor Vehicle in Transport,0,No,1,Non-Junction,1,Not an Intersection,0,None,,,1,On Roadway,2,Dark - Not Lighted,,,,,1,Clear,0,No,0000000,Not Applicable,20,8:00pm-8:59pm,18,18,20,8:00pm-8:59pm,26,26,99,Unknown,99,Unknown EMS Hospital Arrival Time,,,,,,,1,
2023,41,410575,Oregon,2,2,0,0,0,2,2,9,COLUMBIA (9),0,NOT APPLICABLE,14,14,12,December,2023,5,Thursday,15,3:00pm-3:59pm,57,57,0,This Section IS NOT on the NHS,1,Rural,4,Minor Arterial,2,County Highway Agency,4,County,CR-SCAPPOOSE VERONIA HWY,,4,4,45.82521389,45.82521389,-122.966638890,-122.96663889,0,No Special Jurisdiction,12,Motor Vehicle In-Transport,7,Sideswipe - Same Direction,0,No,8,Driveway Access Related,1,Not an Intersection,0,None,,,1,On Roadway,1,Daylight,,,,,10,Cloudy,0,No,0000000,Not Applicable,15,3:00pm-3:59pm,57,57,16,4:00pm-4:59pm,8,8,88,"Not Applicable (Not Transported) ",88,Not Applicable (Not Transported),,,,,,,1,
2023,41,410576,Oregon,1,1,0,1,1,1,1,59,UMATILLA (59),0,NOT APPLICABLE,18,18,12,December,2023,2,Monday,13,1:00pm-1:59pm,37,37,0,This Section IS NOT on the NHS,1,Rural,5,Major Collector,2,County Highway Agency,4,County,CR-UMATILLA RIVER RD,,19,19,45.87750556,45.87750556,-119.319525000,-119.31952500,0,No Special Jurisdiction,8,Pedestrian,0,The First Harmful Event was Not a Collision with a Motor Vehicle in Transport,0,No,1,Non-Junction,1,Not an Intersection,0,None,,,1,On Roadway,1,Daylight,,,,,1,Clear,0,No,0000000,Not Applicable,99,Unknown,99,Unknown,99,Unknown EMS Scene Arrival Hour,99,Unknown EMS Scene Arrival Minutes,88,"Not Applicable (Not Transported) ",88,Not Applicable (Not Transported),,,,,,,1,
2023,41,410578,Oregon,1,1,0,0,0,1,1,57,TILLAMOOK (57),0,NOT APPLICABLE,29,29,11,November,2023,4,Wednesday,7,7:00am-7:59am,25,25,0,This Section IS NOT on the NHS,1,Rural,7,Local,2,County Highway Agency,4,County,CR-KILCHIS LOOKOUT RD,,20,20,45.56107500,45.56107500,-123.653641670,-123.65364167,0,No Special Jurisdiction,35,Embankment,0,The First Harmful Event was Not a Collision with a Motor Vehicle in Transport,0,No,1,Non-Junction,1,Not an Intersection,0,None,,,4,On Roadside,1,Daylight,,,,,98,Not Reported,0,No,0000000,Not Applicable,99,Unknown,99,Unknown,99,Unknown EMS Scene Arrival Hour,99,Unknown EMS Scene Arrival Minutes,88,"Not Applicable (Not Transported) ",88,Not Applicable (Not Transported),,,,,,,1,
2023,41,410580,Oregon,1,1,0,0,0,1,1,35,KLAMATH (35),0,NOT APPLICABLE,11,11,12,December,2023,2,Monday,16,4:00pm-4:59pm,49,49,0,This Section IS NOT on the NHS,1,Rural,5,Major Collector,2,County Highway Agency,4,County,CR-LOWER KLAMATH LAKE RD,,30,30,42.07386667,42.07386667,-121.776994440,-121.77699444,0,No Special Jurisdiction,17,Boulder,0,The First Harmful Event was Not a Collision with a Motor Vehicle in Transport,0,No,1,Non-Junction,1,Not an Intersection,0,None,,,4,On Roadside,5,Dusk,,,,,10,Cloudy,0,No,0000000,Not Applicable,16,4:00pm-4:59pm,49,49,17,5:00pm-5:59pm,0,0,88,"Not Applicable (Not Transported) ",88,Not Applicable (Not Transported),,,,,,,1,
2023,41,410581,Oregon,1,1,0,0,0,1,1,9,COLUMBIA (9),0,NOT APPLICABLE,3,3,11,November,2023,6,Friday,16,4:00pm-4:59pm,2,2,0,This Section IS NOT on the NHS,1,Rural,7,Local,2,County Highway Agency,4,County,CR-SHEPARD RD,,0,None,46.12111389,46.12111389,-123.145597220,-123.14559722,0,No Special Jurisdiction,17,Boulder,0,The First Harmful Event was Not a Collision with a Motor Vehicle in Transport,0,No,1,Non-Junction,1,Not an Intersection,0,None,,,4,On Roadside,8,Not Reported,,,,,98,Not Reported,0,No,0000000,Not Applicable,99,Unknown,99,Unknown,99,Unknown EMS Scene Arrival Hour,99,Unknown EMS Scene Arrival Minutes,88,"Not Applicable (Not Transported) ",88,Not Applicable (Not Transported),,,,,,,1,
2023,41,410582,Oregon,1,1,0,0,0,1,1,35,KLAMATH (35),0,NOT APPLICABLE,20,20,10,October,2023,6,Friday,15,3:00pm-3:59pm,30,30,0,This Section IS NOT on the NHS,1,Rural,5,Major Collector,2,County Highway Agency,4,County,CR-LOWER KLAMATH LAKE RD,,98,98,42.00970556,42.00970556,-121.677933330,-121.67793333,0,No Special Jurisdiction,1,Rollover/Overturn,0,The First Harmful Event was Not a Collision with a Motor Vehicle in Transport,0,No,1,Non-Junction,1,Not an Intersection,0,None,,,4,On Roadside,1,Daylight,,,,,1,Clear,0,No,0000000,Not Applicable,99,Unknown,99,Unknown,99,Unknown EMS Scene Arrival Hour,99,Unknown EMS Scene Arrival Minutes,99,Unknown,99,Unknown EMS Hospital Arrival Time,,,,,,,1,